session_id,user_id,timestamp,channel,utm_source,utm_medium,utm_campaign,page_visited,session_duration_sec,device
SES_323717,USR_00001,2024-03-07 21:21:00,Meta_Facebook,facebook,cpc,FB_Awareness,/pricing,399,desktop
SES_352023,USR_00002,2024-03-27 20:39:00,Organic,organic,organic,Organic_SEO,/blog,279,mobile
SES_396567,USR_00002,2024-03-25 00:58:00,Meta_Facebook,facebook,cpc,FB_Retargeting,/blog,871,desktop
SES_638857,USR_00003,2024-03-13 02:06:00,Meta_Facebook,facebook,cpc,FB_Lookalike,/product,821,tablet
SES_818699,USR_00003,2024-03-06 13:53:00,TikTok,tiktok,cpc,TikTok_Video1,/home,240,tablet
SES_581532,USR_00003,2024-03-12 22:21:00,TikTok,tiktok,cpc,TikTok_Video1,/home,119,mobile
SES_338703,USR_00003,2024-03-06 08:26:00,Google_Search,google,cpc,GSearch_Generic,/about,491,tablet
SES_106185,USR_00003,2024-03-12 20:46:00,Meta_Facebook,facebook,cpc,FB_Retargeting,/blog,94,tablet
SES_415989,USR_00004,2024-01-07 19:05:00,Meta_Facebook,facebook,cpc,FB_Awareness,/pricing,813,desktop
SES_330545,USR_00004,2024-01-12 04:47:00,Meta_Facebook,,cpc,FB_Awareness,/about,845,tablet
SES_933635,USR_00004,2024-01-10 23:41:00,Organic,organic,organic,Organic_SEO,/pricing,41,tablet
SES_674122,USR_00004,2024-01-08 02:19:00,Google_Search,google,cpc,GSearch_Brand,/product,796,tablet
SES_292930,USR_00004,2024-01-11 07:39:00,Google_Search,google,cpc,GSearch_Competitor,/signup,288,mobile
SES_404771,USR_00005,2024-01-24 21:04:00,Email,email,email,Email_Retention,/pricing,130,mobile
SES_749609,USR_00006,2024-03-08 02:57:00,Meta_Facebook,facebook,cpc,FB_Awareness,/product,355,desktop
SES_693024,USR_00006,2024-03-10 18:23:00,Meta_Facebook,facebook,cpc,FB_Awareness,/signup,353,desktop
SES_771967,USR_00006,2024-03-05 13:17:00,Google_Search,google,cpc,GSearch_Brand,/signup,398,mobile
SES_610626,USR_00006,2024-03-08 17:06:00,Email,email,email,Email_Promo,/product,691,tablet
SES_869177,USR_00006,2024-03-04 20:04:00,Email,email,email,Email_Welcome,/checkout,107,mobile
SES_138436,USR_00007,2024-03-21 17:16:00,Email,email,email,Email_Retention,/blog,582,desktop
SES_998801,USR_00007,2024-03-23 09:08:00,Meta_Facebook,facebook,cpc,FB_Retargeting,/about,543,tablet
SES_945718,USR_00007,2024-03-22 19:43:00,Meta_Facebook,,cpc,FB_Awareness,/product,805,tablet
SES_253300,USR_00007,2024-03-23 23:46:00,Meta_Facebook,facebook,cpc,FB_Retargeting,/about,397,mobile
SES_144887,USR_00007,2024-03-24 21:13:00,LinkedIn,,cpc,LinkedIn_B2B,/blog,840,desktop
SES_837920,USR_00008,2024-03-08 16:40:00,Email,email,email,Email_Welcome,/signup,310,tablet
SES_716225,USR_00008,2024-03-05 20:57:00,TikTok,tiktok,cpc,TikTok_Video1,/signup,109,tablet
SES_461792,USR_00008,2024-03-05 15:50:00,Meta_Facebook,facebook,cpc,FB_Retargeting,/about,648,mobile
SES_321791,USR_00008,2024-03-03 04:11:00,Meta_Facebook,,cpc,FB_Retargeting,/product,400,tablet
SES_602290,USR_00009,2024-02-05 06:37:00,Email,email,email,Email_Retention,/product,692,desktop
SES_141094,USR_00010,2024-02-01 18:09:00,Google_Search,google,cpc,GSearch_Competitor,/home,200,desktop
SES_961198,USR_00011,2024-03-13 09:05:00,TikTok,tiktok,cpc,TikTok_Video1,/product,489,tablet
SES_249644,USR_00011,2024-03-14 18:52:00,Email,email,email,Email_Welcome,/signup,216,tablet
SES_172187,USR_00012,2024-02-05 07:24:00,LinkedIn,linkedin,cpc,LinkedIn_Lead,/about,165,mobile
SES_734924,USR_00012,2024-02-03 03:11:00,Google_Search,google,cpc,GSearch_Competitor,/about,659,tablet
SES_605666,USR_00012,2024-02-03 21:08:00,Email,email,email,Email_Retention,/blog,582,mobile
SES_549793,USR_00012,2024-02-09 07:51:00,Meta_Facebook,facebook,cpc,FB_Lookalike,/about,838,desktop
SES_903061,USR_00012,2024-02-08 07:58:00,TikTok,tiktok,cpc,TikTok_Video1,/signup,115,desktop
SES_706063,USR_00013,2024-03-16 16:07:00,Google_Search,google,cpc,GSearch_Brand,/blog,37,desktop
SES_546768,USR_00013,2024-03-13 20:37:00,TikTok,tiktok,cpc,TikTok_Promo,/pricing,297,tablet
SES_313588,USR_00013,2024-03-16 13:35:00,TikTok,tiktok,cpc,TikTok_Promo,/signup,600,desktop
SES_705711,USR_00013,2024-03-12 11:49:00,Meta_Facebook,facebook,cpc,FB_Awareness,/checkout,437,tablet
SES_921149,USR_00013,2024-03-12 22:10:00,Email,email,email,Email_Retention,/home,249,tablet
SES_252387,USR_00014,2024-02-13 15:59:00,Google_Search,,cpc,GSearch_Competitor,/blog,475,mobile
SES_502995,USR_00014,2024-02-14 12:39:00,Google_Search,,cpc,,/checkout,563,desktop
SES_311505,USR_00014,2024-02-13 21:59:00,Organic,organic,organic,Organic_SEO,/signup,560,desktop
SES_745073,USR_00014,2024-02-16 05:43:00,Google_Search,google,cpc,GSearch_Competitor,/home,398,mobile
SES_714549,USR_00015,2024-01-22 06:33:00,Organic,organic,organic,Organic_Direct,/home,784,tablet
SES_337288,USR_00016,2024-01-16 19:12:00,LinkedIn,linkedin,cpc,LinkedIn_Lead,/about,443,tablet
SES_456480,USR_00017,2024-02-05 03:51:00,Meta_Facebook,facebook,cpc,FB_Retargeting,/blog,293,tablet
SES_913274,USR_00018,2024-02-09 14:43:00,Organic,organic,organic,Organic_Direct,/about,630,mobile
SES_331087,USR_00018,2024-02-09 21:44:00,Google_Search,google,cpc,GSearch_Brand,/product,849,desktop
SES_401244,USR_00018,2024-02-08 02:25:00,Organic,organic,organic,Organic_SEO,/checkout,796,desktop
SES_701581,USR_00018,2024-02-03 08:11:00,TikTok,tiktok,cpc,TikTok_Video1,/checkout,729,mobile
SES_316823,USR_00018,2024-02-09 07:12:00,LinkedIn,linkedin,cpc,LinkedIn_B2B,/signup,285,tablet
SES_743644,USR_00019,2024-01-21 00:48:00,Google_Search,google,cpc,GSearch_Brand,/signup,584,mobile
SES_702427,USR_00019,2024-01-27 08:31:00,Meta_Facebook,facebook,cpc,FB_Lookalike,/product,812,tablet
SES_543732,USR_00019,2024-01-24 15:34:00,Meta_Facebook,facebook,cpc,FB_Awareness,/home,544,desktop
SES_806848,USR_00020,2024-01-30 06:24:00,Organic,organic,organic,,/blog,133,desktop
SES_382495,USR_00020,2024-01-28 15:39:00,TikTok,tiktok,cpc,TikTok_Promo,/pricing,404,mobile
SES_995825,USR_00020,2024-01-30 12:17:00,Meta_Facebook,facebook,cpc,FB_Lookalike,/about,214,tablet
SES_943146,USR_00020,2024-01-25 07:35:00,Organic,organic,organic,Organic_SEO,/about,420,mobile
SES_990649,USR_00021,2024-01-27 20:33:00,Email,email,email,Email_Welcome,/blog,767,desktop
SES_203782,USR_00021,2024-01-27 22:10:00,Meta_Facebook,facebook,cpc,,/home,250,desktop
SES_684572,USR_00022,2024-03-22 08:22:00,Meta_Facebook,facebook,cpc,FB_Lookalike,/home,451,mobile
SES_780663,USR_00022,2024-03-26 17:11:00,Email,email,email,Email_Retention,/signup,321,desktop
SES_182216,USR_00022,2024-03-26 12:39:00,TikTok,tiktok,cpc,TikTok_Promo,/pricing,504,tablet
SES_761938,USR_00022,2024-03-23 19:36:00,Email,email,email,Email_Retention,/about,899,mobile
SES_734792,USR_00023,2024-01-26 20:25:00,Google_Search,google,cpc,GSearch_Generic,/pricing,485,desktop
SES_346024,USR_00024,2024-03-14 21:16:00,Meta_Facebook,facebook,cpc,FB_Retargeting,/checkout,747,tablet
SES_596171,USR_00024,2024-03-08 17:03:00,Google_Search,google,cpc,GSearch_Generic,/home,819,desktop
SES_508783,USR_00024,2024-03-08 09:14:00,Google_Search,google,cpc,GSearch_Competitor,/product,785,desktop
SES_136862,USR_00024,2024-03-14 21:22:00,TikTok,tiktok,cpc,TikTok_Video1,/signup,363,desktop
SES_831510,USR_00024,2024-03-14 17:11:00,Organic,organic,organic,Organic_Direct,/blog,641,desktop
SES_563324,USR_00025,2024-02-29 09:23:00,Organic,organic,organic,Organic_Direct,/about,296,mobile
SES_460589,USR_00025,2024-02-29 09:30:00,Google_Search,google,cpc,GSearch_Competitor,/blog,38,tablet
SES_936726,USR_00025,2024-03-03 09:38:00,Organic,organic,organic,Organic_Direct,/product,845,mobile
SES_849666,USR_00025,2024-03-01 23:41:00,Google_Search,google,cpc,GSearch_Competitor,/about,878,desktop
SES_938817,USR_00025,2024-02-28 19:51:00,Google_Search,google,cpc,GSearch_Generic,/checkout,731,desktop
SES_767830,USR_00026,2024-03-13 14:39:00,Meta_Facebook,facebook,cpc,FB_Retargeting,/about,308,tablet
SES_123205,USR_00026,2024-03-16 05:06:00,Google_Search,google,cpc,GSearch_Brand,/pricing,305,mobile
SES_327738,USR_00026,2024-03-16 10:26:00,LinkedIn,,cpc,,/pricing,834,desktop
SES_174852,USR_00027,2024-02-29 17:30:00,Meta_Facebook,,cpc,FB_Retargeting,/product,226,desktop
SES_503489,USR_00027,2024-03-06 14:15:00,Email,email,email,Email_Welcome,/checkout,64,mobile
SES_595793,USR_00027,2024-03-07 12:43:00,LinkedIn,linkedin,cpc,LinkedIn_B2B,/pricing,360,mobile
SES_154617,USR_00028,2024-03-12 21:13:00,Google_Search,google,cpc,GSearch_Competitor,/home,271,tablet
SES_354897,USR_00029,2024-02-11 00:02:00,Google_Search,google,cpc,GSearch_Generic,/blog,832,tablet
SES_265358,USR_00029,2024-02-18 15:05:00,TikTok,tiktok,cpc,TikTok_Video1,/checkout,663,desktop
SES_212608,USR_00029,2024-02-11 04:31:00,Google_Search,google,cpc,GSearch_Competitor,/product,354,tablet
SES_496119,USR_00029,2024-02-16 11:46:00,Email,email,email,,/product,286,mobile
SES_464552,USR_00030,2024-03-01 10:46:00,Meta_Facebook,facebook,cpc,FB_Lookalike,/about,311,tablet
SES_667915,USR_00030,2024-02-28 11:29:00,Google_Search,google,cpc,GSearch_Brand,/home,824,tablet
SES_750324,USR_00030,2024-03-03 07:20:00,LinkedIn,linkedin,cpc,LinkedIn_B2B,/checkout,94,tablet
SES_742818,USR_00030,2024-03-03 09:20:00,Google_Search,google,cpc,GSearch_Competitor,/about,686,desktop
SES_212255,USR_00031,2024-01-14 15:12:00,Google_Search,google,cpc,,/home,62,tablet
SES_318877,USR_00032,2024-03-07 20:31:00,Google_Search,google,cpc,GSearch_Brand,/signup,111,desktop
SES_486996,USR_00032,2024-03-03 22:03:00,Meta_Facebook,facebook,cpc,FB_Awareness,/signup,661,desktop
SES_644719,USR_00032,2024-03-03 03:06:00,LinkedIn,,cpc,LinkedIn_Lead,/checkout,266,tablet
SES_287588,USR_00032,2024-03-09 17:47:00,Google_Search,google,cpc,GSearch_Competitor,/blog,455,tablet
SES_289159,USR_00033,2024-03-19 17:25:00,TikTok,tiktok,cpc,TikTok_Promo,/blog,375,tablet
SES_985893,USR_00034,2024-03-16 11:26:00,Organic,organic,organic,Organic_Direct,/signup,678,desktop
SES_880746,USR_00034,2024-03-14 08:23:00,TikTok,tiktok,cpc,TikTok_Video1,/about,488,desktop
SES_414922,USR_00035,2024-01-09 07:13:00,TikTok,tiktok,cpc,TikTok_Video1,/signup,352,mobile
SES_484914,USR_00036,2024-03-13 18:15:00,Google_Search,google,cpc,GSearch_Generic,/product,292,desktop
SES_931420,USR_00036,2024-03-12 15:11:00,TikTok,tiktok,cpc,TikTok_Video1,/about,875,tablet
SES_500080,USR_00036,2024-03-12 02:49:00,TikTok,,cpc,TikTok_Promo,/home,819,desktop
SES_784488,USR_00037,2024-03-02 19:59:00,Organic,organic,organic,Organic_SEO,/home,679,tablet
SES_256846,USR_00037,2024-03-02 10:32:00,Google_Search,,cpc,GSearch_Competitor,/checkout,256,mobile
SES_703198,USR_00037,2024-02-25 16:05:00,TikTok,tiktok,cpc,TikTok_Promo,/product,472,desktop
SES_518582,USR_00038,2024-01-21 08:05:00,Meta_Facebook,facebook,cpc,,/about,543,desktop
SES_783932,USR_00038,2024-01-21 18:12:00,LinkedIn,linkedin,cpc,LinkedIn_Lead,/blog,660,tablet
SES_703998,USR_00038,2024-01-22 02:07:00,Google_Search,google,cpc,GSearch_Generic,/checkout,453,desktop
SES_907069,USR_00038,2024-01-24 09:10:00,Meta_Facebook,facebook,cpc,FB_Lookalike,/pricing,661,desktop
SES_894541,USR_00039,2024-01-26 23:54:00,Google_Search,google,cpc,GSearch_Brand,/home,145,tablet
SES_959972,USR_00039,2024-01-19 09:00:00,Google_Search,google,cpc,GSearch_Competitor,/pricing,740,mobile
SES_322167,USR_00039,2024-01-23 06:34:00,Meta_Facebook,facebook,cpc,FB_Retargeting,/blog,798,desktop
SES_494900,USR_00039,2024-01-26 18:57:00,TikTok,tiktok,cpc,TikTok_Video1,/checkout,569,mobile
SES_384459,USR_00039,2024-01-23 01:29:00,Google_Search,google,cpc,GSearch_Generic,/checkout,38,mobile
SES_505298,USR_00040,2024-02-09 07:24:00,Email,email,email,Email_Welcome,/blog,756,mobile
SES_624970,USR_00040,2024-02-09 14:35:00,Meta_Facebook,facebook,cpc,FB_Awareness,/checkout,52,mobile
SES_264631,USR_00040,2024-02-07 00:22:00,Organic,organic,organic,Organic_Direct,/checkout,390,desktop
SES_370196,USR_00040,2024-02-08 12:56:00,Google_Search,google,cpc,GSearch_Competitor,/signup,60,tablet
SES_500773,USR_00041,2024-01-31 16:43:00,Meta_Facebook,facebook,cpc,FB_Lookalike,/blog,670,tablet
SES_734775,USR_00041,2024-02-01 10:28:00,Meta_Facebook,facebook,cpc,FB_Awareness,/blog,164,mobile
SES_839389,USR_00041,2024-01-31 16:58:00,TikTok,tiktok,cpc,TikTok_Video1,/product,470,mobile
SES_433025,USR_00042,2024-01-26 04:46:00,Google_Search,google,cpc,GSearch_Competitor,/home,813,desktop
SES_767782,USR_00042,2024-01-27 23:17:00,Organic,organic,organic,Organic_Direct,/product,827,mobile
SES_379825,USR_00042,2024-01-22 19:36:00,Google_Search,google,cpc,GSearch_Brand,/blog,266,tablet
SES_599753,USR_00042,2024-01-24 04:32:00,Google_Search,google,cpc,GSearch_Brand,/signup,649,desktop
SES_302647,USR_00042,2024-01-26 07:02:00,Google_Search,google,cpc,GSearch_Generic,/about,812,mobile
SES_560623,USR_00043,2024-02-25 19:31:00,LinkedIn,linkedin,cpc,LinkedIn_B2B,/checkout,362,desktop
SES_855185,USR_00043,2024-02-25 10:25:00,Meta_Facebook,facebook,cpc,FB_Retargeting,/blog,790,tablet
SES_357657,USR_00043,2024-02-22 16:34:00,Meta_Facebook,facebook,cpc,FB_Lookalike,/about,782,mobile
SES_967823,USR_00044,2024-02-19 09:29:00,Google_Search,google,cpc,GSearch_Generic,/product,462,desktop
SES_194834,USR_00044,2024-02-19 23:32:00,TikTok,tiktok,cpc,TikTok_Video1,/home,214,tablet
SES_718990,USR_00044,2024-02-21 22:57:00,Meta_Facebook,facebook,cpc,FB_Lookalike,/product,495,mobile
SES_853270,USR_00044,2024-02-23 23:07:00,Meta_Facebook,facebook,cpc,FB_Awareness,/home,146,tablet
SES_929493,USR_00044,2024-02-26 16:39:00,TikTok,tiktok,cpc,TikTok_Video1,/product,417,tablet
SES_906519,USR_00045,2024-01-08 22:03:00,Organic,organic,organic,Organic_SEO,/about,345,desktop
SES_312705,USR_00045,2024-01-13 00:39:00,Google_Search,google,cpc,GSearch_Brand,/signup,289,mobile
SES_617437,USR_00045,2024-01-13 07:13:00,Meta_Facebook,facebook,cpc,,/blog,705,desktop
SES_673929,USR_00045,2024-01-13 08:39:00,Meta_Facebook,facebook,cpc,,/checkout,600,mobile
SES_799396,USR_00046,2024-01-26 18:53:00,Google_Search,,cpc,GSearch_Generic,/blog,335,desktop
SES_793029,USR_00047,2024-01-08 22:44:00,Meta_Facebook,facebook,cpc,FB_Retargeting,/blog,616,tablet
SES_497346,USR_00048,2024-03-04 02:48:00,Organic,organic,organic,Organic_SEO,/about,893,tablet
SES_445200,USR_00048,2024-02-29 16:26:00,Google_Search,google,cpc,GSearch_Brand,/blog,244,tablet
SES_191928,USR_00049,2024-03-19 15:46:00,Google_Search,google,cpc,GSearch_Competitor,/checkout,649,tablet
SES_753518,USR_00049,2024-03-23 11:59:00,Meta_Facebook,facebook,cpc,FB_Lookalike,/product,659,tablet
SES_404598,USR_00050,2024-03-14 06:00:00,Meta_Facebook,facebook,cpc,FB_Retargeting,/home,54,desktop
SES_534153,USR_00050,2024-03-08 01:21:00,LinkedIn,linkedin,cpc,LinkedIn_B2B,/pricing,603,tablet
SES_171131,USR_00050,2024-03-10 09:19:00,Google_Search,google,cpc,GSearch_Brand,/blog,593,desktop
SES_745915,USR_00050,2024-03-07 00:53:00,Google_Search,google,cpc,GSearch_Generic,/product,228,desktop
SES_663051,USR_00051,2024-03-09 10:29:00,LinkedIn,linkedin,cpc,LinkedIn_B2B,/signup,863,desktop
SES_682145,USR_00051,2024-03-02 17:01:00,Email,email,email,Email_Promo,/product,621,tablet
SES_981578,USR_00051,2024-03-07 00:21:00,LinkedIn,,cpc,LinkedIn_Lead,/about,671,tablet
SES_839525,USR_00052,2024-03-20 10:45:00,Google_Search,google,cpc,GSearch_Brand,/home,308,desktop
SES_417329,USR_00052,2024-03-15 06:33:00,Meta_Facebook,facebook,cpc,FB_Retargeting,/pricing,209,mobile
SES_624344,USR_00053,2024-01-08 04:12:00,Organic,organic,organic,Organic_Direct,/pricing,525,tablet
SES_641218,USR_00053,2024-01-09 21:08:00,LinkedIn,linkedin,cpc,LinkedIn_B2B,/product,771,mobile
SES_146168,USR_00053,2024-01-12 21:54:00,Meta_Facebook,facebook,cpc,FB_Awareness,/blog,119,desktop
SES_895338,USR_00054,2024-01-07 09:40:00,Meta_Facebook,facebook,cpc,,/product,358,mobile
SES_223365,USR_00054,2024-01-09 08:09:00,Google_Search,google,cpc,GSearch_Competitor,/product,310,mobile
SES_433955,USR_00054,2024-01-06 08:09:00,Organic,organic,organic,Organic_SEO,/checkout,853,desktop
SES_565198,USR_00054,2024-01-09 01:08:00,Google_Search,google,cpc,GSearch_Generic,/home,512,tablet
SES_721549,USR_00055,2024-01-20 20:53:00,Google_Search,google,cpc,GSearch_Generic,/checkout,746,desktop
SES_659399,USR_00056,2024-02-19 02:59:00,Meta_Facebook,facebook,cpc,FB_Retargeting,/signup,812,desktop
SES_817727,USR_00056,2024-02-17 20:45:00,Google_Search,google,cpc,GSearch_Competitor,/signup,506,desktop
SES_481104,USR_00056,2024-02-18 12:11:00,Organic,organic,organic,Organic_SEO,/checkout,711,desktop
SES_601903,USR_00056,2024-02-20 14:54:00,Meta_Facebook,,cpc,FB_Retargeting,/product,319,desktop
SES_441699,USR_00056,2024-02-17 17:41:00,Meta_Facebook,facebook,cpc,FB_Lookalike,/home,841,desktop
SES_605806,USR_00057,2024-03-06 12:04:00,TikTok,tiktok,cpc,TikTok_Video1,/pricing,243,tablet
SES_827851,USR_00057,2024-03-06 07:11:00,LinkedIn,linkedin,cpc,LinkedIn_Lead,/checkout,715,mobile
SES_961953,USR_00057,2024-03-07 14:11:00,Google_Search,google,cpc,GSearch_Competitor,/pricing,445,mobile
SES_164468,USR_00057,2024-03-01 02:13:00,TikTok,tiktok,cpc,TikTok_Promo,/signup,172,tablet
SES_745474,USR_00057,2024-02-29 18:28:00,LinkedIn,linkedin,cpc,LinkedIn_B2B,/product,240,tablet
SES_193624,USR_00058,2024-02-12 18:00:00,Organic,organic,organic,Organic_Direct,/blog,552,desktop
SES_155708,USR_00058,2024-02-10 00:45:00,Email,email,email,Email_Welcome,/blog,870,desktop
SES_513420,USR_00058,2024-02-09 20:20:00,Email,email,email,Email_Welcome,/checkout,421,desktop
SES_984293,USR_00059,2024-02-28 11:53:00,TikTok,tiktok,cpc,TikTok_Promo,/about,187,desktop
SES_610343,USR_00059,2024-02-27 21:27:00,Google_Search,google,cpc,GSearch_Brand,/product,116,mobile
SES_288531,USR_00059,2024-03-02 14:32:00,Email,email,email,Email_Retention,/about,595,desktop
SES_622355,USR_00059,2024-03-02 23:15:00,Meta_Facebook,facebook,cpc,,/checkout,543,desktop
SES_218661,USR_00060,2024-03-15 18:30:00,Google_Search,google,cpc,GSearch_Brand,/checkout,111,mobile
SES_357143,USR_00060,2024-03-14 15:40:00,Meta_Facebook,facebook,cpc,FB_Retargeting,/checkout,709,tablet
SES_661023,USR_00060,2024-03-11 00:30:00,TikTok,tiktok,cpc,TikTok_Promo,/about,554,desktop
SES_726667,USR_00060,2024-03-15 23:19:00,Meta_Facebook,facebook,cpc,,/checkout,833,tablet
SES_873199,USR_00061,2024-01-15 19:01:00,TikTok,tiktok,cpc,TikTok_Video1,/pricing,526,mobile
SES_388586,USR_00061,2024-01-10 08:00:00,Meta_Facebook,facebook,cpc,FB_Lookalike,/checkout,144,tablet
SES_283919,USR_00061,2024-01-10 08:50:00,Organic,organic,organic,Organic_SEO,/checkout,271,desktop
SES_961639,USR_00062,2024-03-08 04:53:00,Meta_Facebook,facebook,cpc,FB_Retargeting,/about,800,desktop
SES_705822,USR_00062,2024-03-14 23:53:00,Google_Search,google,cpc,GSearch_Generic,/pricing,85,tablet
SES_888977,USR_00063,2024-01-15 17:14:00,Google_Search,google,cpc,GSearch_Generic,/about,729,tablet
SES_402820,USR_00063,2024-01-21 14:24:00,Meta_Facebook,facebook,cpc,FB_Retargeting,/checkout,353,tablet
SES_552760,USR_00063,2024-01-15 19:58:00,Google_Search,google,cpc,GSearch_Competitor,/checkout,309,desktop
SES_885478,USR_00064,2024-02-05 07:46:00,Google_Search,google,cpc,GSearch_Competitor,/checkout,632,mobile
SES_108887,USR_00064,2024-02-09 02:00:00,TikTok,tiktok,cpc,,/about,130,tablet
SES_302458,USR_00064,2024-02-05 01:01:00,TikTok,tiktok,cpc,TikTok_Promo,/blog,124,mobile
SES_494220,USR_00065,2024-01-29 21:48:00,LinkedIn,,cpc,LinkedIn_B2B,/checkout,609,mobile
SES_179392,USR_00065,2024-01-29 20:29:00,TikTok,tiktok,cpc,TikTok_Promo,/pricing,817,desktop
SES_507466,USR_00065,2024-02-02 10:03:00,Google_Search,google,cpc,GSearch_Brand,/pricing,862,desktop
SES_511707,USR_00065,2024-01-30 05:41:00,Meta_Facebook,facebook,cpc,FB_Lookalike,/about,141,mobile
SES_371577,USR_00065,2024-02-03 03:02:00,Google_Search,google,cpc,GSearch_Competitor,/home,102,tablet
SES_139673,USR_00066,2024-02-27 21:24:00,Email,email,email,,/pricing,185,tablet
SES_614514,USR_00066,2024-03-03 15:27:00,Organic,organic,organic,Organic_SEO,/about,894,tablet
SES_917710,USR_00066,2024-02-28 15:07:00,Meta_Facebook,facebook,cpc,FB_Retargeting,/blog,578,desktop
SES_456581,USR_00067,2024-02-14 02:53:00,Google_Search,,cpc,GSearch_Competitor,/about,808,desktop
SES_413388,USR_00067,2024-02-11 22:24:00,Google_Search,google,cpc,GSearch_Brand,/home,675,tablet
SES_137432,USR_00067,2024-02-13 06:01:00,Meta_Facebook,facebook,cpc,FB_Awareness,/checkout,637,mobile
SES_951211,USR_00068,2024-02-20 14:01:00,LinkedIn,linkedin,cpc,LinkedIn_Lead,/home,377,mobile
SES_785611,USR_00068,2024-02-24 21:33:00,LinkedIn,linkedin,cpc,LinkedIn_B2B,/about,724,tablet
SES_248468,USR_00068,2024-02-21 15:41:00,LinkedIn,linkedin,cpc,,/home,512,tablet
SES_152384,USR_00068,2024-02-19 09:52:00,Google_Search,google,cpc,GSearch_Competitor,/signup,129,desktop
SES_745533,USR_00069,2024-01-23 07:04:00,Email,email,email,Email_Welcome,/signup,237,desktop
SES_817318,USR_00069,2024-01-27 18:34:00,Email,email,email,Email_Retention,/product,359,mobile
SES_894348,USR_00069,2024-01-22 13:10:00,TikTok,,cpc,TikTok_Promo,/checkout,408,tablet
SES_988528,USR_00069,2024-01-24 20:39:00,Meta_Facebook,,cpc,FB_Awareness,/about,826,mobile
SES_193471,USR_00069,2024-01-22 22:41:00,Email,,email,Email_Welcome,/blog,320,desktop
SES_283027,USR_00070,2024-01-20 19:44:00,Google_Search,google,cpc,GSearch_Generic,/home,640,mobile
SES_464750,USR_00070,2024-01-24 13:00:00,TikTok,tiktok,cpc,TikTok_Video1,/blog,271,mobile
SES_665940,USR_00070,2024-01-18 16:14:00,Organic,organic,organic,Organic_SEO,/about,818,tablet
SES_984769,USR_00070,2024-01-20 15:31:00,Google_Search,google,cpc,GSearch_Brand,/product,193,tablet
SES_895248,USR_00071,2024-01-12 14:02:00,Google_Search,google,cpc,GSearch_Generic,/home,788,mobile
SES_346729,USR_00072,2024-01-25 23:28:00,LinkedIn,linkedin,cpc,LinkedIn_Lead,/blog,623,desktop
SES_215482,USR_00072,2024-01-29 10:14:00,Google_Search,google,cpc,GSearch_Competitor,/home,272,tablet
SES_713513,USR_00072,2024-01-29 15:03:00,Email,email,email,Email_Promo,/about,178,mobile
SES_762722,USR_00072,2024-01-30 11:17:00,Google_Search,google,cpc,GSearch_Generic,/product,373,mobile
SES_588148,USR_00072,2024-01-23 14:26:00,TikTok,tiktok,cpc,TikTok_Video1,/product,808,desktop
SES_340860,USR_00073,2024-02-09 02:26:00,LinkedIn,linkedin,cpc,LinkedIn_B2B,/signup,564,desktop
SES_871939,USR_00073,2024-02-10 07:15:00,TikTok,tiktok,cpc,TikTok_Promo,/pricing,474,tablet
SES_593515,USR_00074,2024-03-18 23:49:00,Organic,organic,organic,,/blog,64,desktop
SES_352194,USR_00074,2024-03-22 02:35:00,Meta_Facebook,facebook,cpc,FB_Awareness,/signup,42,tablet
SES_603088,USR_00075,2024-01-30 21:19:00,Meta_Facebook,facebook,cpc,FB_Retargeting,/product,750,desktop
SES_525051,USR_00075,2024-01-28 05:50:00,Organic,organic,organic,Organic_Direct,/signup,409,tablet
SES_824304,USR_00075,2024-02-04 10:33:00,LinkedIn,linkedin,cpc,LinkedIn_B2B,/home,333,desktop
SES_452001,USR_00075,2024-02-01 23:59:00,TikTok,tiktok,cpc,TikTok_Video1,/home,557,tablet
SES_283781,USR_00076,2024-01-08 20:35:00,Meta_Facebook,facebook,cpc,FB_Lookalike,/checkout,98,tablet
SES_601736,USR_00076,2024-01-10 23:48:00,Google_Search,google,cpc,GSearch_Generic,/blog,749,mobile
SES_157105,USR_00076,2024-01-10 02:23:00,Meta_Facebook,facebook,cpc,FB_Lookalike,/pricing,493,desktop
SES_406461,USR_00077,2024-03-09 14:39:00,Meta_Facebook,facebook,cpc,FB_Awareness,/pricing,849,tablet
SES_287497,USR_00077,2024-03-09 09:04:00,Google_Search,,cpc,GSearch_Generic,/home,198,desktop
SES_757746,USR_00077,2024-03-09 00:18:00,TikTok,tiktok,cpc,TikTok_Promo,/about,728,tablet
SES_405677,USR_00077,2024-03-10 06:04:00,Meta_Facebook,facebook,cpc,FB_Lookalike,/home,851,mobile
SES_609763,USR_00077,2024-03-13 18:42:00,Meta_Facebook,facebook,cpc,FB_Lookalike,/checkout,572,tablet
SES_607765,USR_00078,2024-03-03 11:18:00,TikTok,tiktok,cpc,TikTok_Promo,/signup,895,mobile
SES_268600,USR_00078,2024-03-01 22:34:00,Meta_Facebook,facebook,cpc,FB_Lookalike,/pricing,216,mobile
SES_232617,USR_00078,2024-03-01 14:16:00,Google_Search,,cpc,GSearch_Brand,/pricing,218,mobile
SES_270495,USR_00078,2024-02-28 17:19:00,TikTok,tiktok,cpc,TikTok_Promo,/home,55,desktop
SES_632056,USR_00079,2024-01-26 10:41:00,Organic,,organic,Organic_SEO,/checkout,332,desktop
SES_563581,USR_00079,2024-01-23 10:44:00,Organic,organic,organic,Organic_SEO,/home,779,desktop
SES_747518,USR_00079,2024-01-19 07:28:00,Google_Search,google,cpc,,/pricing,124,desktop
SES_904357,USR_00079,2024-01-19 08:12:00,TikTok,tiktok,cpc,TikTok_Video1,/home,115,tablet
SES_158770,USR_00080,2024-01-18 21:23:00,Google_Search,google,cpc,GSearch_Generic,/about,181,tablet
SES_423050,USR_00080,2024-01-18 14:55:00,Meta_Facebook,,cpc,FB_Lookalike,/blog,119,mobile
SES_944809,USR_00080,2024-01-19 23:57:00,LinkedIn,linkedin,cpc,LinkedIn_Lead,/about,776,desktop
SES_597667,USR_00080,2024-01-14 16:21:00,Email,,email,Email_Retention,/home,634,desktop
SES_844747,USR_00081,2024-01-07 18:48:00,TikTok,tiktok,cpc,TikTok_Promo,/product,234,mobile
SES_686448,USR_00082,2024-02-14 23:29:00,Google_Search,google,cpc,GSearch_Generic,/product,57,mobile
SES_785572,USR_00082,2024-02-09 21:57:00,Google_Search,google,cpc,GSearch_Competitor,/pricing,457,mobile
SES_617000,USR_00082,2024-02-14 02:38:00,Organic,,organic,Organic_SEO,/checkout,400,tablet
SES_827968,USR_00082,2024-02-14 03:23:00,TikTok,tiktok,cpc,TikTok_Promo,/blog,780,tablet
SES_242079,USR_00083,2024-02-05 11:10:00,TikTok,tiktok,cpc,TikTok_Video1,/home,309,desktop
SES_303229,USR_00084,2024-02-15 20:11:00,Google_Search,google,cpc,GSearch_Competitor,/signup,126,tablet
SES_415697,USR_00084,2024-02-17 08:43:00,Meta_Facebook,facebook,cpc,FB_Lookalike,/checkout,734,desktop
SES_643341,USR_00084,2024-02-16 09:23:00,Meta_Facebook,facebook,cpc,,/signup,526,desktop
SES_331854,USR_00084,2024-02-20 06:50:00,Organic,organic,organic,Organic_SEO,/blog,658,tablet
SES_118223,USR_00085,2024-03-10 15:22:00,Meta_Facebook,facebook,cpc,FB_Retargeting,/pricing,737,desktop
SES_280572,USR_00085,2024-03-11 22:19:00,Email,email,email,Email_Retention,/home,792,mobile
SES_231432,USR_00085,2024-03-12 06:08:00,Google_Search,google,cpc,GSearch_Competitor,/home,465,tablet
SES_213054,USR_00085,2024-03-10 01:50:00,Google_Search,google,cpc,,/checkout,555,tablet
SES_110771,USR_00085,2024-03-09 03:50:00,Meta_Facebook,,cpc,FB_Lookalike,/home,646,mobile
SES_390849,USR_00086,2024-01-28 18:22:00,TikTok,,cpc,TikTok_Video1,/pricing,194,tablet
SES_114663,USR_00086,2024-01-29 16:13:00,Meta_Facebook,,cpc,FB_Retargeting,/checkout,226,desktop
SES_324411,USR_00086,2024-01-28 16:54:00,Organic,organic,organic,Organic_SEO,/checkout,516,desktop
SES_498055,USR_00086,2024-01-28 13:13:00,Meta_Facebook,facebook,cpc,FB_Retargeting,/blog,263,desktop
SES_242514,USR_00086,2024-01-27 15:48:00,LinkedIn,linkedin,cpc,LinkedIn_Lead,/pricing,751,desktop
SES_871934,USR_00087,2024-01-07 09:43:00,Meta_Facebook,facebook,cpc,FB_Retargeting,/signup,484,mobile
SES_981913,USR_00087,2024-01-12 15:43:00,Google_Search,google,cpc,GSearch_Generic,/pricing,213,mobile
SES_189135,USR_00087,2024-01-13 03:09:00,TikTok,tiktok,cpc,TikTok_Promo,/about,440,tablet
SES_455081,USR_00087,2024-01-07 06:38:00,LinkedIn,,cpc,LinkedIn_B2B,/signup,443,mobile
SES_903180,USR_00087,2024-01-09 18:37:00,Email,email,email,Email_Retention,/pricing,804,tablet
SES_254532,USR_00088,2024-02-22 14:06:00,TikTok,tiktok,cpc,TikTok_Promo,/home,286,desktop
SES_970645,USR_00088,2024-02-22 02:31:00,Google_Search,,cpc,GSearch_Brand,/checkout,57,mobile
SES_201013,USR_00088,2024-02-21 02:42:00,TikTok,tiktok,cpc,TikTok_Promo,/signup,562,desktop
SES_668787,USR_00088,2024-02-22 10:51:00,Google_Search,google,cpc,GSearch_Competitor,/signup,583,tablet
SES_494617,USR_00089,2024-01-11 14:29:00,Email,email,email,Email_Welcome,/home,63,mobile
SES_901123,USR_00090,2024-02-10 03:36:00,Meta_Facebook,facebook,cpc,FB_Retargeting,/checkout,532,tablet
SES_618721,USR_00090,2024-02-15 18:24:00,Meta_Facebook,facebook,cpc,FB_Retargeting,/blog,722,desktop
SES_484208,USR_00090,2024-02-12 11:51:00,Meta_Facebook,facebook,cpc,FB_Retargeting,/checkout,627,mobile
SES_468332,USR_00090,2024-02-13 01:42:00,Meta_Facebook,facebook,cpc,FB_Lookalike,/product,283,mobile
SES_278026,USR_00090,2024-02-12 00:34:00,TikTok,tiktok,cpc,TikTok_Video1,/pricing,68,desktop
SES_431889,USR_00091,2024-03-19 12:36:00,Google_Search,google,cpc,,/about,360,tablet
SES_620860,USR_00091,2024-03-14 16:51:00,Email,email,email,Email_Welcome,/signup,713,desktop
SES_766311,USR_00091,2024-03-15 02:53:00,TikTok,tiktok,cpc,TikTok_Promo,/signup,578,mobile
SES_336858,USR_00091,2024-03-17 19:47:00,Google_Search,google,cpc,GSearch_Generic,/home,764,tablet
SES_319927,USR_00092,2024-03-21 11:50:00,Google_Search,google,cpc,GSearch_Competitor,/home,697,desktop
SES_755322,USR_00093,2024-02-14 16:29:00,TikTok,tiktok,cpc,TikTok_Promo,/checkout,811,tablet
SES_704864,USR_00093,2024-02-10 15:13:00,Email,email,email,Email_Retention,/checkout,873,tablet
SES_906479,USR_00093,2024-02-15 13:59:00,Google_Search,google,cpc,GSearch_Competitor,/blog,774,tablet
SES_882692,USR_00093,2024-02-08 21:48:00,Meta_Facebook,facebook,cpc,FB_Lookalike,/pricing,894,desktop
SES_379901,USR_00093,2024-02-14 09:41:00,Meta_Facebook,facebook,cpc,FB_Retargeting,/product,292,tablet
SES_967412,USR_00094,2024-02-06 09:29:00,Google_Search,google,cpc,GSearch_Brand,/about,603,desktop
SES_130557,USR_00094,2024-02-06 08:50:00,TikTok,tiktok,cpc,TikTok_Video1,/signup,314,tablet
SES_120875,USR_00094,2024-02-02 01:55:00,TikTok,tiktok,cpc,TikTok_Video1,/home,351,tablet
SES_194693,USR_00094,2024-02-04 12:53:00,Email,email,email,Email_Promo,/checkout,892,mobile
SES_796482,USR_00094,2024-02-03 18:49:00,Google_Search,google,cpc,GSearch_Competitor,/blog,287,desktop
SES_508892,USR_00095,2024-02-01 23:47:00,LinkedIn,linkedin,cpc,LinkedIn_Lead,/product,463,mobile
SES_718115,USR_00096,2024-01-16 01:31:00,Google_Search,google,cpc,GSearch_Generic,/blog,413,tablet
SES_391224,USR_00096,2024-01-15 04:23:00,Meta_Facebook,facebook,cpc,FB_Lookalike,/about,762,desktop
SES_927119,USR_00097,2024-01-03 21:15:00,Email,email,email,Email_Retention,/pricing,595,desktop
SES_660894,USR_00097,2024-01-07 07:54:00,TikTok,tiktok,cpc,TikTok_Promo,/about,427,mobile
SES_893423,USR_00097,2024-01-09 07:19:00,Organic,organic,organic,Organic_Direct,/product,194,desktop
SES_593975,USR_00098,2024-02-22 23:26:00,Google_Search,google,cpc,GSearch_Brand,/signup,370,tablet
SES_630930,USR_00098,2024-02-28 02:22:00,Email,email,email,Email_Welcome,/about,646,tablet
SES_292664,USR_00098,2024-02-27 20:28:00,Meta_Facebook,facebook,cpc,FB_Retargeting,/signup,686,mobile
SES_361728,USR_00099,2024-02-24 16:45:00,TikTok,tiktok,cpc,TikTok_Promo,/signup,880,tablet
SES_239995,USR_00100,2024-03-23 08:11:00,LinkedIn,linkedin,cpc,LinkedIn_Lead,/checkout,637,desktop
SES_495648,USR_00100,2024-03-21 18:14:00,Google_Search,google,cpc,GSearch_Generic,/home,53,tablet
SES_276953,USR_00101,2024-03-24 01:25:00,Organic,organic,organic,Organic_Direct,/blog,469,tablet
SES_114800,USR_00101,2024-03-25 22:33:00,Google_Search,google,cpc,GSearch_Generic,/about,821,desktop
SES_952924,USR_00101,2024-03-28 08:18:00,Google_Search,google,cpc,GSearch_Competitor,/checkout,536,desktop
SES_396712,USR_00101,2024-03-23 23:43:00,Meta_Facebook,facebook,cpc,FB_Retargeting,/product,458,mobile
SES_747684,USR_00101,2024-03-27 14:58:00,LinkedIn,linkedin,cpc,LinkedIn_B2B,/product,408,tablet
SES_322526,USR_00102,2024-01-11 22:24:00,Meta_Facebook,facebook,cpc,FB_Lookalike,/checkout,463,tablet
SES_346249,USR_00102,2024-01-15 15:58:00,Google_Search,,cpc,GSearch_Competitor,/pricing,650,tablet
SES_513869,USR_00102,2024-01-11 21:23:00,Google_Search,google,cpc,GSearch_Competitor,/product,602,mobile
SES_590822,USR_00102,2024-01-13 04:05:00,Google_Search,google,cpc,GSearch_Competitor,/pricing,757,tablet
SES_975355,USR_00103,2024-01-23 08:47:00,Google_Search,google,cpc,GSearch_Brand,/pricing,470,desktop
SES_272998,USR_00103,2024-01-23 10:47:00,TikTok,tiktok,cpc,TikTok_Promo,/about,812,mobile
SES_593090,USR_00103,2024-01-26 08:10:00,Google_Search,,cpc,GSearch_Brand,/checkout,508,desktop
SES_843470,USR_00103,2024-01-20 17:31:00,Organic,,organic,Organic_Direct,/about,534,mobile
SES_633450,USR_00104,2024-01-21 08:36:00,Google_Search,google,cpc,GSearch_Generic,/checkout,629,mobile
SES_358114,USR_00104,2024-01-16 15:43:00,Meta_Facebook,facebook,cpc,FB_Awareness,/home,366,mobile
SES_185000,USR_00105,2024-01-22 14:53:00,Meta_Facebook,facebook,cpc,FB_Retargeting,/checkout,705,desktop
SES_145976,USR_00105,2024-01-23 20:39:00,TikTok,tiktok,cpc,,/about,362,tablet
SES_936917,USR_00105,2024-01-18 01:47:00,Google_Search,google,cpc,GSearch_Brand,/home,590,tablet
SES_193520,USR_00106,2024-01-18 00:54:00,Google_Search,google,cpc,GSearch_Brand,/product,196,desktop
SES_940014,USR_00106,2024-01-18 13:47:00,Google_Search,google,cpc,GSearch_Competitor,/signup,347,tablet
SES_613406,USR_00106,2024-01-14 14:56:00,Meta_Facebook,facebook,cpc,FB_Retargeting,/about,517,desktop
SES_555193,USR_00106,2024-01-18 20:27:00,Google_Search,google,cpc,GSearch_Generic,/home,71,tablet
SES_778665,USR_00107,2024-03-03 16:05:00,TikTok,tiktok,cpc,TikTok_Video1,/pricing,509,desktop
SES_817555,USR_00107,2024-03-01 09:53:00,Organic,organic,organic,Organic_Direct,/product,565,desktop
SES_635456,USR_00107,2024-03-04 13:26:00,TikTok,tiktok,cpc,TikTok_Video1,/home,505,tablet
SES_876487,USR_00108,2024-02-07 21:29:00,Google_Search,google,cpc,,/product,835,mobile
SES_715732,USR_00108,2024-02-08 23:29:00,Google_Search,google,cpc,GSearch_Generic,/signup,716,desktop
SES_733395,USR_00108,2024-02-06 08:55:00,Meta_Facebook,facebook,cpc,FB_Retargeting,/checkout,138,desktop
SES_582515,USR_00108,2024-02-02 22:25:00,Google_Search,,cpc,GSearch_Brand,/signup,703,tablet
SES_823825,USR_00108,2024-02-09 21:25:00,Meta_Facebook,facebook,cpc,FB_Awareness,/signup,339,mobile
SES_128117,USR_00109,2024-01-18 06:30:00,Google_Search,google,cpc,GSearch_Brand,/checkout,178,tablet
SES_190275,USR_00109,2024-01-21 09:49:00,Meta_Facebook,facebook,cpc,FB_Awareness,/about,181,desktop
SES_608608,USR_00110,2024-01-04 15:01:00,Google_Search,google,cpc,GSearch_Brand,/signup,490,tablet
SES_450067,USR_00110,2024-01-06 00:06:00,Google_Search,google,cpc,GSearch_Competitor,/checkout,897,tablet
SES_681230,USR_00110,2024-01-09 09:02:00,Organic,organic,organic,Organic_Direct,/about,439,desktop
SES_431192,USR_00110,2024-01-10 17:04:00,Google_Search,google,cpc,GSearch_Brand,/pricing,693,desktop
SES_269170,USR_00111,2024-01-22 09:46:00,TikTok,tiktok,cpc,TikTok_Promo,/product,510,desktop
SES_731347,USR_00111,2024-01-22 22:42:00,Google_Search,google,cpc,GSearch_Brand,/about,164,desktop
SES_985555,USR_00111,2024-01-21 05:39:00,Organic,organic,organic,Organic_Direct,/product,319,tablet
SES_616094,USR_00111,2024-01-16 03:50:00,TikTok,tiktok,cpc,TikTok_Video1,/about,535,desktop
SES_266309,USR_00112,2024-01-27 05:52:00,Organic,organic,organic,Organic_Direct,/signup,545,mobile
SES_334981,USR_00112,2024-01-28 15:16:00,Meta_Facebook,facebook,cpc,FB_Retargeting,/pricing,833,desktop
SES_209200,USR_00113,2024-03-16 22:03:00,Email,email,email,Email_Retention,/about,848,desktop
SES_223794,USR_00114,2024-01-15 06:58:00,Email,email,email,Email_Welcome,/pricing,190,tablet
SES_958952,USR_00115,2024-03-04 04:07:00,LinkedIn,linkedin,cpc,LinkedIn_B2B,/signup,236,desktop
SES_457900,USR_00115,2024-03-03 09:32:00,LinkedIn,linkedin,cpc,LinkedIn_B2B,/product,117,desktop
SES_258975,USR_00115,2024-03-02 16:26:00,LinkedIn,linkedin,cpc,LinkedIn_Lead,/signup,263,mobile
SES_131208,USR_00116,2024-02-28 14:09:00,Email,email,email,Email_Retention,/signup,40,tablet
SES_555157,USR_00116,2024-02-23 01:25:00,Google_Search,google,cpc,GSearch_Generic,/signup,67,tablet
SES_937886,USR_00116,2024-02-24 21:56:00,Organic,organic,organic,Organic_SEO,/blog,332,desktop
SES_878774,USR_00116,2024-02-28 10:58:00,Email,email,email,Email_Retention,/pricing,38,desktop
SES_754688,USR_00117,2024-03-21 19:41:00,LinkedIn,linkedin,cpc,LinkedIn_Lead,/about,744,desktop
SES_508937,USR_00117,2024-03-25 23:46:00,LinkedIn,,cpc,LinkedIn_Lead,/checkout,159,tablet
SES_893820,USR_00117,2024-03-23 20:10:00,Google_Search,google,cpc,GSearch_Competitor,/home,58,tablet
SES_215806,USR_00117,2024-03-23 23:03:00,Google_Search,google,cpc,GSearch_Generic,/signup,411,desktop
SES_700241,USR_00117,2024-03-24 23:00:00,Google_Search,google,cpc,GSearch_Competitor,/about,377,mobile
SES_700588,USR_00118,2024-03-16 21:08:00,Meta_Facebook,facebook,cpc,FB_Lookalike,/checkout,416,tablet
SES_478816,USR_00118,2024-03-16 14:06:00,Google_Search,google,cpc,GSearch_Competitor,/product,758,desktop
SES_325217,USR_00118,2024-03-19 14:04:00,Google_Search,google,cpc,GSearch_Brand,/pricing,723,tablet
SES_767377,USR_00118,2024-03-19 13:28:00,TikTok,tiktok,cpc,TikTok_Promo,/checkout,531,tablet
SES_579946,USR_00118,2024-03-19 04:45:00,Email,email,email,Email_Welcome,/blog,571,mobile
SES_224535,USR_00119,2024-03-06 19:54:00,Google_Search,google,cpc,GSearch_Brand,/about,142,mobile
SES_419736,USR_00119,2024-03-04 11:19:00,TikTok,tiktok,cpc,TikTok_Video1,/pricing,527,mobile
SES_958914,USR_00120,2024-01-25 23:31:00,Google_Search,google,cpc,GSearch_Generic,/home,155,tablet
SES_693246,USR_00120,2024-01-24 14:57:00,Google_Search,google,cpc,GSearch_Brand,/pricing,830,desktop
SES_256219,USR_00121,2024-03-20 23:20:00,LinkedIn,linkedin,cpc,LinkedIn_Lead,/home,849,tablet
SES_803011,USR_00121,2024-03-24 14:47:00,Meta_Facebook,facebook,cpc,,/pricing,691,mobile
SES_686523,USR_00121,2024-03-20 02:12:00,LinkedIn,linkedin,cpc,LinkedIn_Lead,/blog,584,tablet
SES_119570,USR_00121,2024-03-18 03:42:00,Organic,organic,organic,Organic_SEO,/blog,214,mobile
SES_736333,USR_00122,2024-01-30 10:25:00,Email,email,email,Email_Retention,/blog,76,desktop
SES_432799,USR_00122,2024-01-27 12:16:00,Meta_Facebook,facebook,cpc,FB_Retargeting,/home,147,mobile
SES_421697,USR_00122,2024-01-29 13:43:00,Google_Search,google,cpc,GSearch_Brand,/product,90,tablet
SES_532876,USR_00123,2024-01-24 10:16:00,LinkedIn,linkedin,cpc,LinkedIn_Lead,/about,877,mobile
SES_888938,USR_00123,2024-01-24 16:24:00,Google_Search,google,cpc,GSearch_Competitor,/home,305,mobile
SES_764316,USR_00123,2024-01-29 07:58:00,Meta_Facebook,,cpc,,/home,305,tablet
SES_187984,USR_00124,2024-01-16 20:32:00,LinkedIn,linkedin,cpc,LinkedIn_B2B,/product,831,mobile
SES_544336,USR_00124,2024-01-18 17:28:00,Meta_Facebook,facebook,cpc,FB_Retargeting,/home,31,desktop
SES_605608,USR_00124,2024-01-17 08:38:00,TikTok,,cpc,TikTok_Video1,/pricing,889,tablet
SES_147694,USR_00124,2024-01-19 05:47:00,Organic,organic,organic,Organic_SEO,/blog,606,mobile
SES_683510,USR_00124,2024-01-17 08:56:00,Google_Search,google,cpc,GSearch_Competitor,/about,245,tablet
SES_437262,USR_00125,2024-02-15 10:13:00,TikTok,tiktok,cpc,TikTok_Promo,/about,643,desktop
SES_599676,USR_00125,2024-02-10 00:57:00,Organic,organic,organic,,/home,718,mobile
SES_925549,USR_00125,2024-02-16 20:41:00,TikTok,tiktok,cpc,TikTok_Promo,/home,581,mobile
SES_730520,USR_00125,2024-02-17 11:24:00,TikTok,tiktok,cpc,TikTok_Promo,/product,889,tablet
SES_332281,USR_00125,2024-02-10 23:01:00,Google_Search,google,cpc,GSearch_Generic,/signup,317,tablet
SES_345637,USR_00126,2024-01-26 15:23:00,Email,email,email,Email_Retention,/home,317,desktop
SES_696746,USR_00126,2024-01-28 16:31:00,Google_Search,google,cpc,GSearch_Competitor,/product,595,mobile
SES_697586,USR_00126,2024-01-27 07:56:00,Google_Search,google,cpc,GSearch_Brand,/blog,776,desktop
SES_805796,USR_00127,2024-01-07 20:03:00,TikTok,,cpc,TikTok_Promo,/signup,360,desktop
SES_642383,USR_00127,2024-01-09 01:56:00,Google_Search,google,cpc,GSearch_Competitor,/checkout,259,mobile
SES_699596,USR_00128,2024-03-01 00:47:00,Meta_Facebook,facebook,cpc,FB_Lookalike,/product,736,desktop
SES_756403,USR_00128,2024-02-24 20:06:00,Organic,organic,organic,Organic_SEO,/home,521,desktop
SES_596580,USR_00128,2024-02-23 07:21:00,TikTok,tiktok,cpc,TikTok_Promo,/signup,85,desktop
SES_707056,USR_00129,2024-02-01 03:05:00,LinkedIn,linkedin,cpc,LinkedIn_Lead,/home,64,desktop
SES_941363,USR_00129,2024-02-05 14:03:00,Email,,email,Email_Retention,/pricing,655,tablet
SES_991215,USR_00129,2024-02-06 12:25:00,Google_Search,,cpc,GSearch_Competitor,/home,662,desktop
SES_586758,USR_00129,2024-02-03 13:56:00,Email,email,email,Email_Retention,/blog,664,mobile
SES_301831,USR_00129,2024-02-05 03:06:00,TikTok,tiktok,cpc,TikTok_Video1,/home,639,tablet
SES_541457,USR_00130,2024-03-19 15:46:00,Organic,organic,organic,Organic_SEO,/blog,485,mobile
SES_783362,USR_00131,2024-01-18 11:19:00,Google_Search,google,cpc,GSearch_Generic,/blog,584,mobile
SES_108474,USR_00131,2024-01-20 16:37:00,Meta_Facebook,facebook,cpc,FB_Awareness,/checkout,724,mobile
SES_311037,USR_00132,2024-01-31 02:21:00,Meta_Facebook,facebook,cpc,FB_Retargeting,/product,713,desktop
SES_539033,USR_00133,2024-03-22 10:10:00,Email,email,email,Email_Retention,/home,495,mobile
SES_589199,USR_00133,2024-03-24 19:13:00,Google_Search,google,cpc,GSearch_Brand,/product,522,tablet
SES_107052,USR_00133,2024-03-22 11:00:00,Email,email,email,Email_Promo,/home,396,mobile
SES_902719,USR_00133,2024-03-18 11:02:00,Google_Search,google,cpc,GSearch_Generic,/home,233,mobile
SES_357912,USR_00134,2024-01-26 05:12:00,Email,email,email,Email_Retention,/home,210,desktop
SES_216359,USR_00134,2024-01-24 10:59:00,Google_Search,google,cpc,GSearch_Competitor,/product,342,desktop
SES_937836,USR_00134,2024-01-26 19:56:00,Meta_Facebook,facebook,cpc,FB_Lookalike,/about,758,mobile
SES_433396,USR_00135,2024-01-21 19:27:00,LinkedIn,linkedin,cpc,LinkedIn_B2B,/checkout,280,mobile
SES_155846,USR_00136,2024-03-19 20:50:00,Email,email,email,Email_Promo,/pricing,159,tablet
SES_744755,USR_00136,2024-03-23 02:10:00,Google_Search,google,cpc,GSearch_Brand,/blog,427,tablet
SES_651001,USR_00136,2024-03-21 22:30:00,Meta_Facebook,facebook,cpc,FB_Lookalike,/checkout,536,desktop
SES_574040,USR_00136,2024-03-20 07:25:00,TikTok,tiktok,cpc,TikTok_Video1,/product,343,desktop
SES_888133,USR_00136,2024-03-22 02:18:00,TikTok,tiktok,cpc,TikTok_Promo,/about,561,desktop
SES_553515,USR_00137,2024-03-15 13:23:00,Meta_Facebook,facebook,cpc,FB_Awareness,/signup,539,desktop
SES_179574,USR_00137,2024-03-19 11:57:00,Meta_Facebook,facebook,cpc,FB_Retargeting,/home,331,tablet
SES_140140,USR_00138,2024-03-11 17:12:00,LinkedIn,,cpc,LinkedIn_B2B,/pricing,231,tablet
SES_387796,USR_00138,2024-03-15 06:45:00,Google_Search,google,cpc,GSearch_Competitor,/blog,171,tablet
SES_523426,USR_00138,2024-03-14 12:52:00,Google_Search,google,cpc,GSearch_Generic,/blog,805,tablet
SES_516814,USR_00138,2024-03-10 07:14:00,Meta_Facebook,facebook,cpc,FB_Awareness,/checkout,797,mobile
SES_857607,USR_00138,2024-03-17 14:21:00,Google_Search,google,cpc,GSearch_Competitor,/signup,117,desktop
SES_245699,USR_00139,2024-03-01 18:55:00,Google_Search,google,cpc,,/product,342,tablet
SES_539507,USR_00139,2024-02-24 13:43:00,Meta_Facebook,facebook,cpc,FB_Awareness,/signup,443,tablet
SES_446292,USR_00140,2024-02-13 18:40:00,TikTok,tiktok,cpc,TikTok_Video1,/signup,647,tablet
SES_505205,USR_00140,2024-02-14 06:30:00,Organic,organic,organic,Organic_SEO,/home,366,tablet
SES_679764,USR_00140,2024-02-15 05:02:00,TikTok,,cpc,TikTok_Promo,/signup,735,tablet
SES_397604,USR_00140,2024-02-15 06:14:00,Google_Search,,cpc,GSearch_Brand,/pricing,705,tablet
SES_530819,USR_00140,2024-02-09 12:10:00,Meta_Facebook,facebook,cpc,FB_Lookalike,/home,162,tablet
SES_553195,USR_00141,2024-03-03 22:42:00,Meta_Facebook,facebook,cpc,FB_Retargeting,/about,192,tablet
SES_249623,USR_00141,2024-03-06 14:04:00,TikTok,tiktok,cpc,,/signup,438,tablet
SES_704118,USR_00141,2024-03-05 01:47:00,Meta_Facebook,facebook,cpc,FB_Awareness,/home,324,tablet
SES_963428,USR_00141,2024-03-09 05:26:00,Meta_Facebook,facebook,cpc,FB_Awareness,/product,213,tablet
SES_832582,USR_00142,2024-03-05 01:15:00,Organic,organic,organic,Organic_SEO,/signup,191,desktop
SES_327808,USR_00142,2024-03-03 15:26:00,TikTok,tiktok,cpc,TikTok_Video1,/signup,596,mobile
SES_530016,USR_00142,2024-03-04 14:10:00,Google_Search,google,cpc,GSearch_Brand,/pricing,242,tablet
SES_584341,USR_00142,2024-02-28 12:21:00,Meta_Facebook,facebook,cpc,FB_Retargeting,/checkout,438,mobile
SES_885043,USR_00143,2024-01-05 14:31:00,Google_Search,google,cpc,GSearch_Competitor,/about,99,mobile
SES_982442,USR_00143,2024-01-08 05:10:00,LinkedIn,linkedin,cpc,LinkedIn_Lead,/signup,48,tablet
SES_181354,USR_00143,2024-01-06 21:48:00,Google_Search,google,cpc,GSearch_Brand,/home,723,desktop
SES_807835,USR_00143,2024-01-07 17:13:00,Meta_Facebook,facebook,cpc,,/about,743,mobile
SES_909930,USR_00144,2024-01-20 12:49:00,TikTok,,cpc,,/product,285,desktop
SES_453492,USR_00144,2024-01-17 06:43:00,Google_Search,google,cpc,GSearch_Brand,/checkout,94,mobile
SES_637395,USR_00144,2024-01-15 03:52:00,LinkedIn,linkedin,cpc,,/pricing,360,tablet
SES_324164,USR_00144,2024-01-17 03:22:00,TikTok,tiktok,cpc,TikTok_Promo,/pricing,207,mobile
SES_169223,USR_00144,2024-01-20 21:52:00,TikTok,tiktok,cpc,TikTok_Video1,/pricing,695,tablet
SES_206759,USR_00145,2024-01-07 22:34:00,Email,email,email,Email_Promo,/signup,900,tablet
SES_830139,USR_00145,2024-01-08 12:43:00,Google_Search,google,cpc,GSearch_Brand,/signup,740,mobile
SES_605550,USR_00145,2024-01-11 02:21:00,Google_Search,google,cpc,GSearch_Competitor,/home,653,tablet
SES_746288,USR_00146,2024-02-21 03:19:00,Meta_Facebook,facebook,cpc,FB_Awareness,/product,785,desktop
SES_311824,USR_00146,2024-02-21 04:24:00,TikTok,tiktok,cpc,TikTok_Video1,/product,687,mobile
SES_391636,USR_00146,2024-02-21 10:41:00,Organic,organic,organic,Organic_Direct,/signup,808,mobile
SES_868473,USR_00146,2024-02-24 10:21:00,TikTok,tiktok,cpc,TikTok_Promo,/product,240,tablet
SES_760374,USR_00147,2024-02-04 00:04:00,TikTok,tiktok,cpc,TikTok_Promo,/signup,533,mobile
SES_971598,USR_00148,2024-01-09 06:15:00,Organic,,organic,Organic_SEO,/blog,110,desktop
SES_735281,USR_00148,2024-01-14 07:19:00,Meta_Facebook,facebook,cpc,FB_Awareness,/pricing,620,desktop
SES_562816,USR_00149,2024-02-11 13:32:00,Google_Search,google,cpc,GSearch_Generic,/blog,782,desktop
SES_995528,USR_00149,2024-02-06 02:48:00,Email,,email,Email_Promo,/pricing,639,tablet
SES_689448,USR_00150,2024-03-13 19:30:00,Google_Search,google,cpc,GSearch_Generic,/home,371,mobile
SES_865847,USR_00150,2024-03-18 23:23:00,Google_Search,,cpc,GSearch_Brand,/about,444,desktop
SES_140712,USR_00151,2024-02-23 03:24:00,Meta_Facebook,facebook,cpc,FB_Awareness,/blog,196,mobile
SES_821933,USR_00151,2024-02-23 11:44:00,Organic,organic,organic,Organic_Direct,/home,696,desktop
SES_478970,USR_00151,2024-02-23 20:45:00,LinkedIn,linkedin,cpc,LinkedIn_B2B,/checkout,58,tablet
SES_359433,USR_00151,2024-02-19 19:37:00,Google_Search,google,cpc,GSearch_Generic,/checkout,891,mobile
SES_184251,USR_00152,2024-01-16 16:58:00,TikTok,tiktok,cpc,TikTok_Promo,/product,463,mobile
SES_422939,USR_00153,2024-02-06 23:26:00,Meta_Facebook,facebook,cpc,FB_Awareness,/signup,775,mobile
SES_319703,USR_00153,2024-02-03 23:25:00,TikTok,tiktok,cpc,TikTok_Promo,/checkout,345,mobile
SES_538136,USR_00153,2024-02-04 16:26:00,Email,,email,Email_Welcome,/checkout,325,tablet
SES_610102,USR_00153,2024-02-08 05:32:00,Google_Search,google,cpc,GSearch_Generic,/home,491,tablet
SES_528649,USR_00154,2024-01-27 14:40:00,Google_Search,google,cpc,GSearch_Brand,/blog,141,tablet
SES_458772,USR_00154,2024-01-26 00:37:00,Google_Search,google,cpc,GSearch_Brand,/product,519,desktop
SES_143892,USR_00155,2024-01-02 03:13:00,Google_Search,google,cpc,GSearch_Brand,/blog,840,mobile
SES_452898,USR_00156,2024-03-22 11:43:00,Organic,organic,organic,Organic_Direct,/pricing,352,mobile
SES_446297,USR_00156,2024-03-23 03:00:00,TikTok,tiktok,cpc,TikTok_Promo,/about,745,desktop
SES_833232,USR_00156,2024-03-20 07:23:00,Google_Search,google,cpc,GSearch_Brand,/about,663,tablet
SES_952092,USR_00156,2024-03-25 10:01:00,Meta_Facebook,facebook,cpc,FB_Awareness,/checkout,398,mobile
SES_465254,USR_00157,2024-02-29 13:59:00,TikTok,tiktok,cpc,TikTok_Promo,/about,704,tablet
SES_645316,USR_00157,2024-02-27 18:50:00,LinkedIn,linkedin,cpc,LinkedIn_Lead,/signup,763,tablet
SES_675402,USR_00157,2024-02-26 14:10:00,Google_Search,google,cpc,GSearch_Brand,/about,148,desktop
SES_850534,USR_00158,2024-02-03 00:10:00,Google_Search,google,cpc,GSearch_Competitor,/pricing,422,desktop
SES_797802,USR_00158,2024-02-03 04:59:00,LinkedIn,linkedin,cpc,LinkedIn_Lead,/blog,678,tablet
SES_703950,USR_00158,2024-02-07 19:04:00,Google_Search,google,cpc,GSearch_Competitor,/checkout,381,desktop
SES_221309,USR_00158,2024-02-06 09:05:00,TikTok,tiktok,cpc,TikTok_Promo,/home,121,desktop
SES_428594,USR_00158,2024-02-03 12:36:00,LinkedIn,linkedin,cpc,LinkedIn_B2B,/checkout,31,desktop
SES_812299,USR_00159,2024-03-19 04:33:00,Email,email,email,Email_Promo,/checkout,646,tablet
SES_411242,USR_00160,2024-01-20 07:31:00,Google_Search,google,cpc,GSearch_Generic,/checkout,496,mobile
SES_136012,USR_00160,2024-01-18 19:20:00,Google_Search,google,cpc,GSearch_Competitor,/pricing,544,tablet
SES_495007,USR_00161,2024-02-12 01:51:00,TikTok,tiktok,cpc,TikTok_Video1,/pricing,186,tablet
SES_413630,USR_00162,2024-01-29 21:58:00,Organic,organic,organic,Organic_SEO,/signup,193,mobile
SES_510373,USR_00162,2024-02-04 12:04:00,Meta_Facebook,facebook,cpc,FB_Awareness,/blog,774,desktop
SES_944178,USR_00163,2024-01-31 01:54:00,Google_Search,google,cpc,GSearch_Generic,/checkout,341,desktop
SES_251857,USR_00163,2024-01-27 06:13:00,TikTok,tiktok,cpc,TikTok_Promo,/signup,796,mobile
SES_254775,USR_00163,2024-01-25 12:27:00,Meta_Facebook,facebook,cpc,FB_Awareness,/checkout,891,mobile
SES_640472,USR_00164,2024-01-18 20:21:00,Organic,organic,organic,Organic_SEO,/blog,474,mobile
SES_280865,USR_00165,2024-02-01 20:47:00,Google_Search,google,cpc,GSearch_Generic,/about,824,tablet
SES_485166,USR_00165,2024-02-02 00:07:00,LinkedIn,linkedin,cpc,LinkedIn_Lead,/home,114,mobile
SES_700446,USR_00165,2024-02-08 15:17:00,TikTok,,cpc,TikTok_Video1,/checkout,793,mobile
SES_231319,USR_00165,2024-02-03 03:20:00,Meta_Facebook,facebook,cpc,FB_Awareness,/home,760,tablet
SES_167037,USR_00166,2024-02-21 16:53:00,Meta_Facebook,facebook,cpc,FB_Awareness,/blog,581,tablet
SES_289440,USR_00166,2024-02-22 19:44:00,LinkedIn,linkedin,cpc,LinkedIn_B2B,/product,35,tablet
SES_689820,USR_00167,2024-02-11 08:54:00,Google_Search,google,cpc,GSearch_Competitor,/signup,65,mobile
SES_790130,USR_00167,2024-02-11 00:15:00,Meta_Facebook,facebook,cpc,FB_Lookalike,/pricing,77,tablet
SES_428137,USR_00167,2024-02-14 16:58:00,TikTok,tiktok,cpc,TikTok_Promo,/pricing,650,tablet
SES_414267,USR_00167,2024-02-13 06:08:00,TikTok,tiktok,cpc,TikTok_Video1,/blog,595,mobile
SES_373336,USR_00168,2024-02-19 12:41:00,Google_Search,google,cpc,GSearch_Competitor,/product,439,desktop
SES_313660,USR_00168,2024-02-16 02:40:00,Organic,organic,organic,Organic_Direct,/checkout,305,tablet
SES_926051,USR_00168,2024-02-18 13:24:00,LinkedIn,linkedin,cpc,LinkedIn_B2B,/home,648,mobile
SES_169163,USR_00168,2024-02-16 10:40:00,Google_Search,google,cpc,GSearch_Competitor,/home,401,desktop
SES_333020,USR_00168,2024-02-19 12:06:00,Google_Search,google,cpc,GSearch_Brand,/signup,156,mobile
SES_678333,USR_00169,2024-02-16 08:38:00,Google_Search,google,cpc,GSearch_Generic,/home,79,mobile
SES_810737,USR_00169,2024-02-14 17:35:00,Organic,organic,organic,Organic_Direct,/blog,900,desktop
SES_263044,USR_00169,2024-02-16 21:08:00,TikTok,,cpc,TikTok_Promo,/product,417,tablet
SES_915297,USR_00169,2024-02-13 07:43:00,Google_Search,google,cpc,GSearch_Competitor,/blog,458,tablet
SES_389221,USR_00169,2024-02-16 13:33:00,Google_Search,google,cpc,GSearch_Generic,/checkout,863,mobile
SES_180418,USR_00170,2024-01-16 23:15:00,Meta_Facebook,facebook,cpc,FB_Lookalike,/home,199,tablet
SES_111214,USR_00170,2024-01-12 13:43:00,Google_Search,google,cpc,GSearch_Generic,/blog,778,mobile
SES_831782,USR_00170,2024-01-19 03:25:00,Meta_Facebook,facebook,cpc,FB_Awareness,/home,661,mobile
SES_653764,USR_00171,2024-02-29 21:38:00,Google_Search,google,cpc,GSearch_Competitor,/home,651,desktop
SES_153379,USR_00172,2024-03-11 13:31:00,Google_Search,google,cpc,GSearch_Generic,/about,204,desktop
SES_903643,USR_00172,2024-03-09 03:18:00,Meta_Facebook,facebook,cpc,FB_Awareness,/pricing,524,desktop
SES_774206,USR_00173,2024-01-28 16:52:00,LinkedIn,linkedin,cpc,LinkedIn_Lead,/home,504,tablet
SES_471083,USR_00173,2024-02-04 03:00:00,Google_Search,google,cpc,GSearch_Brand,/pricing,769,mobile
SES_654797,USR_00173,2024-02-03 16:57:00,Meta_Facebook,facebook,cpc,FB_Retargeting,/product,450,mobile
SES_413823,USR_00174,2024-01-03 11:27:00,LinkedIn,linkedin,cpc,LinkedIn_Lead,/product,579,desktop
SES_555040,USR_00174,2024-01-02 00:22:00,Organic,organic,organic,Organic_Direct,/signup,756,mobile
SES_447302,USR_00174,2024-01-02 01:10:00,Google_Search,google,cpc,GSearch_Brand,/checkout,233,desktop
SES_849019,USR_00174,2024-01-05 04:20:00,Google_Search,google,cpc,GSearch_Generic,/signup,812,desktop
SES_460836,USR_00175,2024-02-21 16:00:00,Google_Search,google,cpc,GSearch_Brand,/signup,730,mobile
SES_108418,USR_00175,2024-02-19 13:30:00,TikTok,tiktok,cpc,TikTok_Promo,/pricing,318,desktop
SES_295937,USR_00175,2024-02-20 07:17:00,LinkedIn,linkedin,cpc,LinkedIn_B2B,/signup,147,desktop
SES_949296,USR_00175,2024-02-22 03:44:00,TikTok,tiktok,cpc,TikTok_Promo,/checkout,544,tablet
SES_226312,USR_00175,2024-02-21 04:25:00,Google_Search,google,cpc,GSearch_Competitor,/home,310,mobile
SES_650472,USR_00176,2024-02-24 09:44:00,TikTok,tiktok,cpc,TikTok_Video1,/checkout,266,mobile
SES_419071,USR_00176,2024-02-29 03:17:00,Meta_Facebook,facebook,cpc,FB_Retargeting,/pricing,317,desktop
SES_880931,USR_00177,2024-02-06 10:13:00,Email,,email,Email_Welcome,/pricing,513,desktop
SES_419141,USR_00177,2024-02-02 03:06:00,Meta_Facebook,facebook,cpc,FB_Lookalike,/checkout,43,tablet
SES_717518,USR_00177,2024-02-03 16:38:00,Meta_Facebook,facebook,cpc,FB_Awareness,/pricing,273,tablet
SES_760140,USR_00177,2024-02-05 23:38:00,Google_Search,,cpc,GSearch_Generic,/home,72,tablet
SES_416120,USR_00178,2024-02-01 23:30:00,Organic,organic,organic,Organic_SEO,/signup,236,tablet
SES_896241,USR_00178,2024-01-27 17:22:00,Google_Search,google,cpc,GSearch_Brand,/pricing,489,tablet
SES_122937,USR_00179,2024-02-26 05:38:00,Meta_Facebook,facebook,cpc,FB_Awareness,/pricing,743,mobile
SES_817953,USR_00180,2024-01-06 17:55:00,LinkedIn,linkedin,cpc,LinkedIn_B2B,/blog,106,mobile
SES_736714,USR_00180,2024-01-13 08:13:00,LinkedIn,linkedin,cpc,LinkedIn_Lead,/product,33,mobile
SES_577564,USR_00180,2024-01-09 16:45:00,TikTok,tiktok,cpc,TikTok_Video1,/checkout,567,desktop
SES_349788,USR_00181,2024-02-02 09:02:00,LinkedIn,linkedin,cpc,,/checkout,181,desktop
SES_963408,USR_00181,2024-01-31 06:34:00,Google_Search,google,cpc,GSearch_Brand,/home,31,tablet
SES_675956,USR_00181,2024-02-03 08:46:00,TikTok,tiktok,cpc,TikTok_Promo,/product,448,tablet
SES_393276,USR_00182,2024-02-11 05:16:00,TikTok,tiktok,cpc,TikTok_Video1,/home,580,tablet
SES_756649,USR_00182,2024-02-12 20:38:00,LinkedIn,linkedin,cpc,LinkedIn_Lead,/blog,241,desktop
SES_889470,USR_00182,2024-02-14 12:09:00,Meta_Facebook,facebook,cpc,FB_Retargeting,/about,267,tablet
SES_955216,USR_00183,2024-02-19 05:12:00,Organic,organic,organic,Organic_SEO,/blog,532,tablet
SES_957210,USR_00183,2024-02-19 12:43:00,TikTok,tiktok,cpc,TikTok_Video1,/blog,222,mobile
SES_522056,USR_00183,2024-02-19 03:46:00,Google_Search,google,cpc,GSearch_Brand,/blog,170,tablet
SES_114210,USR_00183,2024-02-17 20:59:00,TikTok,tiktok,cpc,TikTok_Promo,/home,165,mobile
SES_930116,USR_00184,2024-02-06 03:34:00,Organic,organic,organic,,/checkout,867,desktop
SES_422316,USR_00185,2024-01-28 10:30:00,Meta_Facebook,facebook,cpc,FB_Awareness,/product,279,mobile
SES_636391,USR_00186,2024-02-05 13:09:00,Google_Search,google,cpc,GSearch_Brand,/home,259,mobile
SES_817663,USR_00186,2024-02-07 12:43:00,Meta_Facebook,facebook,cpc,FB_Retargeting,/checkout,872,mobile
SES_395503,USR_00186,2024-02-11 11:04:00,Google_Search,google,cpc,GSearch_Brand,/blog,371,mobile
SES_286717,USR_00186,2024-02-09 13:33:00,Organic,organic,organic,Organic_SEO,/pricing,644,mobile
SES_400947,USR_00186,2024-02-10 11:56:00,Google_Search,google,cpc,GSearch_Competitor,/home,307,desktop
SES_254958,USR_00187,2024-02-04 12:28:00,LinkedIn,linkedin,cpc,LinkedIn_B2B,/checkout,845,desktop
SES_194840,USR_00187,2024-02-04 10:08:00,Google_Search,google,cpc,GSearch_Generic,/product,815,desktop
SES_730973,USR_00187,2024-02-08 20:21:00,Meta_Facebook,facebook,cpc,FB_Lookalike,/product,851,tablet
SES_961304,USR_00188,2024-02-25 07:24:00,Meta_Facebook,facebook,cpc,FB_Awareness,/home,624,tablet
SES_191488,USR_00188,2024-02-25 07:23:00,Meta_Facebook,facebook,cpc,FB_Awareness,/home,238,mobile
SES_989980,USR_00189,2024-03-19 04:18:00,Organic,,organic,Organic_SEO,/about,177,tablet
SES_829578,USR_00189,2024-03-18 22:09:00,Google_Search,,cpc,GSearch_Brand,/about,780,mobile
SES_599988,USR_00189,2024-03-18 19:55:00,Meta_Facebook,facebook,cpc,FB_Awareness,/product,60,mobile
SES_256989,USR_00190,2024-01-20 05:30:00,Google_Search,google,cpc,GSearch_Brand,/checkout,173,tablet
SES_829019,USR_00190,2024-01-23 00:18:00,Meta_Facebook,facebook,cpc,FB_Awareness,/home,189,mobile
SES_973128,USR_00190,2024-01-19 13:43:00,TikTok,tiktok,cpc,,/about,597,tablet
SES_196402,USR_00191,2024-03-18 16:24:00,LinkedIn,linkedin,cpc,LinkedIn_Lead,/product,790,mobile
SES_686462,USR_00191,2024-03-20 19:53:00,TikTok,tiktok,cpc,TikTok_Video1,/home,866,tablet
SES_272830,USR_00191,2024-03-21 01:51:00,Meta_Facebook,facebook,cpc,FB_Awareness,/pricing,692,desktop
SES_129411,USR_00192,2024-02-05 07:18:00,Google_Search,google,cpc,GSearch_Generic,/product,584,mobile
SES_678490,USR_00192,2024-02-05 06:40:00,Google_Search,google,cpc,GSearch_Brand,/home,276,desktop
SES_423595,USR_00193,2024-03-13 00:22:00,TikTok,,cpc,TikTok_Promo,/signup,319,desktop
SES_202110,USR_00194,2024-01-30 10:26:00,LinkedIn,linkedin,cpc,LinkedIn_Lead,/checkout,545,mobile
SES_139225,USR_00194,2024-01-27 09:10:00,Google_Search,google,cpc,GSearch_Generic,/product,728,desktop
SES_326122,USR_00194,2024-01-26 21:41:00,Email,email,email,Email_Welcome,/product,817,tablet
SES_404969,USR_00194,2024-01-27 11:39:00,Organic,organic,organic,Organic_Direct,/signup,471,mobile
SES_694438,USR_00194,2024-01-31 20:31:00,Google_Search,google,cpc,GSearch_Competitor,/home,854,mobile
SES_269316,USR_00195,2024-02-10 02:17:00,Meta_Facebook,facebook,cpc,FB_Lookalike,/blog,402,desktop
SES_596250,USR_00195,2024-02-10 08:48:00,Google_Search,google,cpc,GSearch_Competitor,/about,695,mobile
SES_813644,USR_00196,2024-03-20 04:28:00,Google_Search,google,cpc,GSearch_Generic,/pricing,554,tablet
SES_815711,USR_00197,2024-02-18 01:39:00,TikTok,tiktok,cpc,TikTok_Promo,/checkout,88,tablet
SES_494077,USR_00197,2024-02-20 05:36:00,TikTok,tiktok,cpc,TikTok_Video1,/about,104,mobile
SES_773693,USR_00197,2024-02-23 17:57:00,Email,,email,Email_Retention,/signup,506,mobile
SES_444688,USR_00198,2024-01-25 02:20:00,Organic,organic,organic,Organic_Direct,/pricing,648,desktop
SES_252582,USR_00199,2024-03-02 20:13:00,Google_Search,google,cpc,GSearch_Brand,/pricing,611,mobile
SES_323787,USR_00199,2024-03-07 01:13:00,Google_Search,google,cpc,GSearch_Generic,/signup,53,tablet
SES_185678,USR_00200,2024-02-08 09:55:00,TikTok,tiktok,cpc,TikTok_Video1,/checkout,492,desktop
SES_549350,USR_00200,2024-02-07 10:48:00,TikTok,tiktok,cpc,TikTok_Promo,/pricing,198,mobile
SES_268494,USR_00200,2024-02-09 22:27:00,Organic,organic,organic,Organic_Direct,/pricing,739,tablet
SES_181588,USR_00200,2024-02-10 23:42:00,Email,email,email,Email_Retention,/blog,661,mobile
SES_431777,USR_00201,2024-02-10 03:50:00,Google_Search,google,cpc,GSearch_Generic,/checkout,446,desktop
SES_706472,USR_00201,2024-02-10 03:02:00,Organic,organic,organic,Organic_SEO,/product,793,mobile
SES_319952,USR_00201,2024-02-16 06:43:00,TikTok,tiktok,cpc,TikTok_Video1,/blog,44,desktop
SES_623376,USR_00202,2024-01-07 20:29:00,Email,email,email,Email_Retention,/about,450,desktop
SES_218887,USR_00202,2024-01-08 05:29:00,Email,email,email,Email_Promo,/about,412,mobile
SES_813327,USR_00202,2024-01-05 13:40:00,Meta_Facebook,facebook,cpc,FB_Lookalike,/pricing,748,tablet
SES_620518,USR_00203,2024-01-13 23:48:00,Google_Search,google,cpc,GSearch_Brand,/blog,587,mobile
SES_678381,USR_00204,2024-03-05 12:07:00,TikTok,tiktok,cpc,TikTok_Promo,/product,510,mobile
SES_838024,USR_00204,2024-03-10 23:25:00,Organic,organic,organic,Organic_Direct,/home,413,mobile
SES_933762,USR_00204,2024-03-09 13:43:00,Google_Search,google,cpc,GSearch_Competitor,/product,34,desktop
SES_644172,USR_00204,2024-03-05 23:38:00,Google_Search,google,cpc,GSearch_Brand,/pricing,373,mobile
SES_968797,USR_00205,2024-02-28 01:51:00,TikTok,tiktok,cpc,TikTok_Promo,/blog,469,mobile
SES_266140,USR_00205,2024-03-02 13:14:00,Organic,organic,organic,Organic_SEO,/home,757,mobile
SES_372871,USR_00205,2024-02-26 17:10:00,TikTok,tiktok,cpc,TikTok_Promo,/pricing,238,mobile
SES_129169,USR_00205,2024-02-26 19:45:00,Google_Search,google,cpc,GSearch_Brand,/blog,110,tablet
SES_762177,USR_00205,2024-03-02 11:11:00,Google_Search,google,cpc,GSearch_Competitor,/product,698,mobile
SES_388321,USR_00206,2024-01-28 02:59:00,LinkedIn,linkedin,cpc,LinkedIn_Lead,/product,672,mobile
SES_374721,USR_00206,2024-01-26 05:05:00,Google_Search,google,cpc,GSearch_Competitor,/home,536,desktop
SES_610150,USR_00206,2024-01-28 20:04:00,Meta_Facebook,facebook,cpc,FB_Lookalike,/product,733,desktop
SES_791710,USR_00207,2024-02-17 18:40:00,Email,email,email,Email_Welcome,/blog,62,mobile
SES_105258,USR_00207,2024-02-15 05:33:00,Organic,organic,organic,Organic_Direct,/checkout,290,mobile
SES_326813,USR_00207,2024-02-13 11:07:00,TikTok,tiktok,cpc,TikTok_Video1,/product,60,desktop
SES_386960,USR_00207,2024-02-12 15:12:00,Google_Search,google,cpc,GSearch_Competitor,/home,386,tablet
SES_302432,USR_00208,2024-02-14 08:11:00,LinkedIn,linkedin,cpc,LinkedIn_Lead,/product,733,tablet
SES_426720,USR_00208,2024-02-11 05:50:00,Organic,organic,organic,Organic_SEO,/product,769,desktop
SES_434232,USR_00208,2024-02-13 19:06:00,Email,email,email,Email_Promo,/blog,422,desktop
SES_571233,USR_00208,2024-02-10 05:56:00,TikTok,tiktok,cpc,TikTok_Promo,/home,553,desktop
SES_517654,USR_00208,2024-02-13 00:07:00,Google_Search,google,cpc,GSearch_Competitor,/product,858,desktop
SES_917380,USR_00209,2024-01-29 10:07:00,Google_Search,google,cpc,GSearch_Brand,/home,356,tablet
SES_343949,USR_00209,2024-01-24 17:04:00,LinkedIn,linkedin,cpc,LinkedIn_B2B,/about,320,tablet
SES_946648,USR_00209,2024-01-27 21:04:00,Meta_Facebook,facebook,cpc,FB_Retargeting,/blog,691,desktop
SES_617927,USR_00209,2024-01-30 15:02:00,Meta_Facebook,facebook,cpc,,/pricing,461,mobile
SES_118702,USR_00210,2024-02-29 20:50:00,TikTok,tiktok,cpc,,/signup,619,mobile
SES_653138,USR_00211,2024-02-08 01:21:00,Email,,email,Email_Promo,/checkout,46,mobile
SES_890303,USR_00211,2024-02-13 11:25:00,Google_Search,google,cpc,GSearch_Generic,/home,599,desktop
SES_617300,USR_00211,2024-02-13 20:58:00,TikTok,tiktok,cpc,TikTok_Promo,/home,893,desktop
SES_438542,USR_00211,2024-02-07 22:46:00,Google_Search,google,cpc,GSearch_Brand,/about,261,mobile
SES_155040,USR_00212,2024-01-30 08:56:00,Email,email,email,Email_Retention,/signup,74,mobile
SES_383023,USR_00213,2024-02-09 22:10:00,Google_Search,google,cpc,GSearch_Competitor,/product,627,desktop
SES_533370,USR_00214,2024-01-22 20:28:00,Email,email,email,Email_Retention,/checkout,155,tablet
SES_336800,USR_00215,2024-02-07 02:16:00,TikTok,tiktok,cpc,TikTok_Promo,/signup,333,tablet
SES_315892,USR_00215,2024-02-01 22:04:00,Meta_Facebook,facebook,cpc,FB_Retargeting,/home,536,mobile
SES_611333,USR_00215,2024-02-03 03:21:00,Google_Search,google,cpc,GSearch_Brand,/product,863,tablet
SES_988990,USR_00215,2024-02-05 16:06:00,LinkedIn,linkedin,cpc,LinkedIn_Lead,/product,254,desktop
SES_391334,USR_00215,2024-02-06 13:10:00,Organic,organic,organic,Organic_SEO,/checkout,344,tablet
SES_583232,USR_00216,2024-01-26 05:17:00,Email,email,email,,/home,517,tablet
SES_257936,USR_00217,2024-03-03 12:32:00,Google_Search,,cpc,GSearch_Competitor,/about,550,desktop
SES_867559,USR_00217,2024-02-27 13:12:00,Meta_Facebook,,cpc,FB_Lookalike,/pricing,223,desktop
SES_152294,USR_00217,2024-02-29 20:15:00,TikTok,tiktok,cpc,TikTok_Promo,/home,254,mobile
SES_205939,USR_00217,2024-02-27 08:14:00,Email,email,email,Email_Retention,/blog,746,tablet
SES_825283,USR_00217,2024-03-04 08:31:00,Meta_Facebook,facebook,cpc,FB_Retargeting,/product,205,mobile
SES_752338,USR_00218,2024-02-10 15:47:00,LinkedIn,linkedin,cpc,LinkedIn_B2B,/pricing,734,mobile
SES_577328,USR_00218,2024-02-08 04:00:00,Meta_Facebook,facebook,cpc,FB_Retargeting,/checkout,515,desktop
SES_897191,USR_00218,2024-02-11 00:38:00,Google_Search,google,cpc,GSearch_Generic,/pricing,515,tablet
SES_404777,USR_00219,2024-03-06 07:33:00,Meta_Facebook,facebook,cpc,FB_Retargeting,/blog,201,mobile
SES_672223,USR_00220,2024-01-17 08:42:00,Email,email,email,Email_Promo,/about,289,desktop
SES_998583,USR_00221,2024-01-07 19:30:00,Meta_Facebook,facebook,cpc,FB_Lookalike,/home,306,tablet
SES_248513,USR_00221,2024-01-02 11:31:00,Google_Search,google,cpc,GSearch_Generic,/home,280,tablet
SES_496129,USR_00221,2024-01-08 20:06:00,Meta_Facebook,,cpc,FB_Awareness,/pricing,671,tablet
SES_447283,USR_00221,2024-01-09 12:37:00,Organic,organic,organic,Organic_SEO,/about,312,desktop
SES_931023,USR_00222,2024-01-11 11:18:00,Email,email,email,Email_Welcome,/home,38,desktop
SES_685253,USR_00222,2024-01-08 21:10:00,Meta_Facebook,facebook,cpc,FB_Retargeting,/pricing,528,desktop
SES_155777,USR_00223,2024-02-07 15:19:00,Meta_Facebook,facebook,cpc,FB_Retargeting,/home,470,desktop
SES_906234,USR_00224,2024-01-11 17:09:00,Google_Search,google,cpc,GSearch_Generic,/home,760,desktop
SES_471858,USR_00225,2024-02-01 07:51:00,TikTok,tiktok,cpc,,/checkout,682,desktop
SES_726040,USR_00225,2024-02-01 09:11:00,Meta_Facebook,facebook,cpc,FB_Retargeting,/blog,476,tablet
SES_309215,USR_00226,2024-03-17 09:19:00,TikTok,tiktok,cpc,TikTok_Video1,/home,334,tablet
SES_200707,USR_00226,2024-03-22 04:33:00,Meta_Facebook,facebook,cpc,FB_Lookalike,/about,740,desktop
SES_583691,USR_00226,2024-03-20 00:58:00,Meta_Facebook,facebook,cpc,FB_Lookalike,/blog,57,desktop
SES_693047,USR_00227,2024-01-22 09:03:00,LinkedIn,linkedin,cpc,LinkedIn_Lead,/signup,895,desktop
SES_157349,USR_00228,2024-02-21 08:53:00,Meta_Facebook,facebook,cpc,FB_Awareness,/checkout,139,desktop
SES_163821,USR_00228,2024-02-22 03:47:00,Email,email,email,Email_Retention,/blog,720,tablet
SES_770740,USR_00229,2024-01-29 04:19:00,TikTok,tiktok,cpc,TikTok_Promo,/checkout,348,tablet
SES_645073,USR_00230,2024-03-06 03:15:00,Google_Search,google,cpc,GSearch_Brand,/product,136,desktop
SES_292984,USR_00231,2024-03-12 07:53:00,Meta_Facebook,facebook,cpc,FB_Retargeting,/signup,589,desktop
SES_880768,USR_00232,2024-02-27 21:15:00,Meta_Facebook,,cpc,FB_Awareness,/product,553,tablet
SES_717363,USR_00232,2024-02-29 15:23:00,Meta_Facebook,facebook,cpc,FB_Lookalike,/checkout,311,desktop
SES_255363,USR_00232,2024-03-03 00:18:00,TikTok,tiktok,cpc,TikTok_Video1,/about,153,tablet
SES_789115,USR_00232,2024-03-03 19:28:00,Google_Search,,cpc,GSearch_Generic,/home,393,mobile
SES_475125,USR_00232,2024-03-04 16:54:00,Email,email,email,Email_Promo,/signup,545,mobile
SES_854145,USR_00233,2024-03-14 18:21:00,Meta_Facebook,facebook,cpc,FB_Retargeting,/about,762,mobile
SES_980096,USR_00233,2024-03-12 20:30:00,LinkedIn,linkedin,cpc,LinkedIn_Lead,/about,513,tablet
SES_708934,USR_00233,2024-03-10 11:37:00,TikTok,tiktok,cpc,TikTok_Promo,/blog,879,desktop
SES_623694,USR_00234,2024-01-06 21:30:00,Email,email,email,Email_Welcome,/pricing,808,mobile
SES_167496,USR_00235,2024-01-16 01:39:00,LinkedIn,linkedin,cpc,LinkedIn_Lead,/pricing,147,mobile
SES_282522,USR_00235,2024-01-15 10:06:00,Meta_Facebook,facebook,cpc,FB_Lookalike,/checkout,490,desktop
SES_310965,USR_00236,2024-03-17 23:10:00,Google_Search,google,cpc,GSearch_Generic,/about,863,tablet
SES_313426,USR_00236,2024-03-17 01:51:00,Google_Search,google,cpc,GSearch_Brand,/product,35,desktop
SES_773429,USR_00237,2024-03-14 16:31:00,Meta_Facebook,facebook,cpc,FB_Awareness,/product,882,mobile
SES_244570,USR_00237,2024-03-20 02:28:00,Meta_Facebook,facebook,cpc,FB_Lookalike,/about,670,desktop
SES_223655,USR_00237,2024-03-14 15:14:00,TikTok,tiktok,cpc,TikTok_Video1,/home,645,tablet
SES_837435,USR_00237,2024-03-18 11:04:00,Google_Search,google,cpc,GSearch_Generic,/signup,191,desktop
SES_159399,USR_00238,2024-03-12 17:44:00,Email,email,email,Email_Retention,/home,626,desktop
SES_162276,USR_00239,2024-01-04 04:13:00,Meta_Facebook,facebook,cpc,FB_Lookalike,/blog,866,tablet
SES_691246,USR_00239,2024-01-09 19:44:00,Organic,organic,organic,Organic_SEO,/signup,813,mobile
SES_184508,USR_00239,2024-01-09 17:30:00,Organic,organic,organic,Organic_Direct,/product,307,tablet
SES_418157,USR_00240,2024-01-14 07:01:00,Meta_Facebook,facebook,cpc,FB_Retargeting,/home,56,mobile
SES_902875,USR_00241,2024-03-24 12:44:00,TikTok,tiktok,cpc,TikTok_Video1,/product,470,tablet
SES_485570,USR_00241,2024-03-24 11:12:00,Meta_Facebook,facebook,cpc,FB_Retargeting,/pricing,477,mobile
SES_889125,USR_00241,2024-03-21 17:36:00,Google_Search,,cpc,GSearch_Competitor,/home,851,mobile
SES_396323,USR_00241,2024-03-21 01:20:00,Email,,email,Email_Welcome,/pricing,646,tablet
SES_228320,USR_00241,2024-03-21 21:04:00,Organic,organic,organic,Organic_SEO,/home,286,tablet
SES_484757,USR_00242,2024-03-09 17:18:00,Email,email,email,Email_Welcome,/signup,699,mobile
SES_530790,USR_00242,2024-03-08 22:39:00,Meta_Facebook,facebook,cpc,FB_Awareness,/about,316,mobile
SES_956036,USR_00243,2024-01-21 04:02:00,Meta_Facebook,facebook,cpc,FB_Awareness,/product,745,desktop
SES_391469,USR_00243,2024-01-25 18:24:00,Organic,organic,organic,,/pricing,877,mobile
SES_315723,USR_00244,2024-02-11 12:11:00,Meta_Facebook,facebook,cpc,,/checkout,471,tablet
SES_891127,USR_00245,2024-02-09 10:59:00,Meta_Facebook,facebook,cpc,FB_Lookalike,/signup,298,tablet
SES_871137,USR_00246,2024-01-09 01:51:00,LinkedIn,linkedin,cpc,LinkedIn_Lead,/home,596,desktop
SES_695908,USR_00246,2024-01-08 16:16:00,Email,email,email,Email_Retention,/product,420,desktop
SES_362073,USR_00247,2024-01-17 17:18:00,Google_Search,google,cpc,GSearch_Competitor,/pricing,614,desktop
SES_784752,USR_00247,2024-01-17 19:00:00,TikTok,tiktok,cpc,TikTok_Promo,/home,344,tablet
SES_476149,USR_00248,2024-02-05 15:40:00,Meta_Facebook,facebook,cpc,FB_Retargeting,/signup,599,mobile
SES_429280,USR_00248,2024-02-09 02:28:00,Google_Search,google,cpc,GSearch_Brand,/product,294,desktop
SES_747966,USR_00248,2024-02-07 20:03:00,Email,email,email,Email_Welcome,/product,147,tablet
SES_849259,USR_00249,2024-01-31 08:16:00,TikTok,tiktok,cpc,TikTok_Video1,/home,724,desktop
SES_181212,USR_00250,2024-01-09 07:13:00,Meta_Facebook,facebook,cpc,FB_Retargeting,/pricing,614,desktop
SES_442402,USR_00250,2024-01-12 19:50:00,Google_Search,google,cpc,GSearch_Generic,/pricing,373,desktop
SES_146777,USR_00250,2024-01-11 09:59:00,Meta_Facebook,facebook,cpc,FB_Lookalike,/product,635,mobile
SES_632867,USR_00250,2024-01-07 18:45:00,TikTok,tiktok,cpc,TikTok_Promo,/pricing,250,desktop
SES_182255,USR_00250,2024-01-06 02:59:00,TikTok,tiktok,cpc,TikTok_Video1,/product,608,tablet
SES_153929,USR_00251,2024-03-27 19:30:00,Meta_Facebook,facebook,cpc,FB_Retargeting,/checkout,567,tablet
SES_355882,USR_00251,2024-03-28 10:15:00,Meta_Facebook,facebook,cpc,FB_Retargeting,/signup,816,desktop
SES_566624,USR_00251,2024-03-24 23:56:00,Meta_Facebook,facebook,cpc,FB_Awareness,/about,400,mobile
SES_734617,USR_00251,2024-03-26 07:28:00,TikTok,tiktok,cpc,TikTok_Video1,/signup,458,mobile
SES_713160,USR_00251,2024-03-23 21:08:00,Organic,organic,organic,Organic_SEO,/blog,296,desktop
SES_618206,USR_00252,2024-02-11 20:56:00,Google_Search,google,cpc,GSearch_Generic,/signup,232,mobile
SES_845937,USR_00252,2024-02-17 15:47:00,Google_Search,google,cpc,GSearch_Brand,/home,159,mobile
SES_655021,USR_00252,2024-02-16 12:57:00,Google_Search,google,cpc,GSearch_Brand,/about,392,mobile
SES_452993,USR_00253,2024-03-15 18:38:00,LinkedIn,linkedin,cpc,LinkedIn_B2B,/blog,140,tablet
SES_761475,USR_00253,2024-03-12 14:47:00,Google_Search,google,cpc,GSearch_Generic,/signup,476,desktop
SES_959943,USR_00253,2024-03-19 16:05:00,LinkedIn,linkedin,cpc,LinkedIn_B2B,/product,37,tablet
SES_633376,USR_00253,2024-03-17 23:37:00,TikTok,tiktok,cpc,TikTok_Promo,/pricing,821,mobile
SES_632915,USR_00254,2024-02-15 13:18:00,Meta_Facebook,facebook,cpc,FB_Awareness,/pricing,423,desktop
SES_866493,USR_00254,2024-02-10 06:27:00,Organic,organic,organic,Organic_SEO,/blog,314,tablet
SES_560237,USR_00255,2024-02-11 07:56:00,Meta_Facebook,facebook,cpc,FB_Retargeting,/product,325,desktop
SES_979535,USR_00255,2024-02-11 16:48:00,Organic,organic,organic,Organic_Direct,/product,58,tablet
SES_127029,USR_00255,2024-02-10 11:13:00,Organic,,organic,Organic_SEO,/pricing,614,desktop
SES_840632,USR_00255,2024-02-17 03:28:00,Meta_Facebook,facebook,cpc,FB_Lookalike,/about,535,desktop
SES_470903,USR_00255,2024-02-11 02:47:00,Email,email,email,Email_Promo,/signup,257,tablet
SES_804728,USR_00256,2024-02-13 02:45:00,Meta_Facebook,facebook,cpc,FB_Lookalike,/checkout,352,mobile
SES_137367,USR_00257,2024-01-18 20:40:00,Google_Search,google,cpc,GSearch_Competitor,/home,281,mobile
SES_258789,USR_00257,2024-01-19 15:52:00,Email,email,email,Email_Welcome,/product,781,desktop
SES_998794,USR_00257,2024-01-17 23:47:00,Google_Search,google,cpc,GSearch_Competitor,/product,33,desktop
SES_538471,USR_00257,2024-01-14 22:16:00,Meta_Facebook,facebook,cpc,FB_Awareness,/blog,419,tablet
SES_981529,USR_00258,2024-02-05 07:56:00,Meta_Facebook,facebook,cpc,FB_Awareness,/pricing,714,desktop
SES_409767,USR_00258,2024-02-07 03:14:00,LinkedIn,linkedin,cpc,LinkedIn_Lead,/home,803,desktop
SES_284753,USR_00258,2024-02-06 14:20:00,Organic,organic,organic,Organic_Direct,/checkout,146,desktop
SES_730255,USR_00258,2024-02-06 13:43:00,LinkedIn,linkedin,cpc,LinkedIn_Lead,/product,59,desktop
SES_374312,USR_00258,2024-02-04 21:20:00,Meta_Facebook,,cpc,FB_Lookalike,/about,430,desktop
SES_767173,USR_00259,2024-02-25 01:19:00,Organic,organic,organic,Organic_Direct,/about,449,mobile
SES_740419,USR_00259,2024-02-23 10:08:00,Meta_Facebook,facebook,cpc,FB_Awareness,/blog,582,mobile
SES_469833,USR_00259,2024-02-21 17:04:00,Email,email,email,Email_Welcome,/checkout,80,tablet
SES_514739,USR_00259,2024-02-24 22:14:00,Meta_Facebook,facebook,cpc,FB_Retargeting,/pricing,850,mobile
SES_986552,USR_00260,2024-02-18 00:48:00,Google_Search,google,cpc,,/blog,134,tablet
SES_341177,USR_00260,2024-02-18 20:49:00,LinkedIn,linkedin,cpc,LinkedIn_B2B,/checkout,283,mobile
SES_876497,USR_00260,2024-02-16 08:55:00,LinkedIn,linkedin,cpc,LinkedIn_Lead,/home,108,mobile
SES_871619,USR_00261,2024-02-23 18:50:00,Google_Search,google,cpc,GSearch_Competitor,/about,228,tablet
SES_387361,USR_00261,2024-02-27 14:12:00,LinkedIn,linkedin,cpc,,/home,300,tablet
SES_688247,USR_00261,2024-03-01 08:30:00,Meta_Facebook,,cpc,FB_Lookalike,/pricing,749,tablet
SES_899749,USR_00261,2024-02-26 17:45:00,Meta_Facebook,facebook,cpc,FB_Lookalike,/home,493,mobile
SES_214240,USR_00261,2024-02-23 20:19:00,Meta_Facebook,facebook,cpc,FB_Retargeting,/pricing,177,tablet
SES_522780,USR_00262,2024-01-15 19:53:00,Google_Search,google,cpc,GSearch_Generic,/about,565,tablet
SES_974851,USR_00263,2024-01-30 04:02:00,LinkedIn,linkedin,cpc,LinkedIn_Lead,/pricing,735,tablet
SES_933298,USR_00263,2024-02-05 15:34:00,Email,email,email,Email_Promo,/about,350,tablet
SES_875615,USR_00263,2024-02-02 23:05:00,Meta_Facebook,facebook,cpc,FB_Awareness,/home,465,tablet
SES_274270,USR_00263,2024-01-31 06:28:00,Meta_Facebook,facebook,cpc,FB_Retargeting,/signup,146,mobile
SES_885376,USR_00263,2024-02-05 17:26:00,Meta_Facebook,facebook,cpc,FB_Awareness,/about,39,desktop
SES_489684,USR_00264,2024-02-29 18:41:00,LinkedIn,linkedin,cpc,LinkedIn_Lead,/product,174,desktop
SES_446215,USR_00265,2024-02-01 23:46:00,Meta_Facebook,facebook,cpc,FB_Lookalike,/signup,168,mobile
SES_105874,USR_00265,2024-02-03 09:44:00,Google_Search,google,cpc,GSearch_Generic,/product,234,tablet
SES_723330,USR_00265,2024-01-28 05:04:00,Meta_Facebook,,cpc,FB_Lookalike,/pricing,681,tablet
SES_960623,USR_00265,2024-01-30 13:37:00,Meta_Facebook,facebook,cpc,FB_Retargeting,/checkout,343,desktop
SES_866150,USR_00265,2024-02-02 06:17:00,Organic,,organic,Organic_SEO,/product,299,tablet
SES_873078,USR_00266,2024-01-23 19:42:00,Meta_Facebook,facebook,cpc,FB_Awareness,/about,244,mobile
SES_100258,USR_00267,2024-02-02 10:04:00,Google_Search,google,cpc,GSearch_Competitor,/home,170,tablet
SES_512349,USR_00268,2024-03-02 12:49:00,Meta_Facebook,facebook,cpc,FB_Awareness,/about,753,desktop
SES_734787,USR_00268,2024-02-29 06:10:00,Meta_Facebook,facebook,cpc,FB_Awareness,/checkout,883,desktop
SES_362709,USR_00268,2024-02-26 21:07:00,Email,email,email,Email_Retention,/blog,475,tablet
SES_462798,USR_00268,2024-02-29 23:27:00,Google_Search,google,cpc,GSearch_Generic,/product,661,tablet
SES_478526,USR_00269,2024-02-23 16:12:00,Google_Search,google,cpc,GSearch_Competitor,/home,630,desktop
SES_113625,USR_00269,2024-02-23 19:17:00,Google_Search,google,cpc,GSearch_Generic,/home,692,desktop
SES_699975,USR_00270,2024-02-20 00:55:00,Organic,organic,organic,Organic_Direct,/checkout,512,tablet
SES_672089,USR_00270,2024-02-27 03:02:00,Meta_Facebook,facebook,cpc,FB_Lookalike,/pricing,59,tablet
SES_539953,USR_00270,2024-02-22 03:03:00,LinkedIn,linkedin,cpc,LinkedIn_B2B,/about,682,tablet
SES_786927,USR_00270,2024-02-20 19:47:00,Meta_Facebook,facebook,cpc,FB_Awareness,/home,370,tablet
SES_802169,USR_00271,2024-01-27 01:04:00,Meta_Facebook,facebook,cpc,FB_Awareness,/product,874,tablet
SES_738088,USR_00271,2024-01-24 06:44:00,LinkedIn,linkedin,cpc,,/blog,449,mobile
SES_695772,USR_00271,2024-01-22 22:05:00,Meta_Facebook,facebook,cpc,FB_Awareness,/blog,504,mobile
SES_121084,USR_00272,2024-01-14 05:50:00,LinkedIn,linkedin,cpc,LinkedIn_B2B,/home,252,tablet
SES_300368,USR_00273,2024-02-29 23:48:00,Email,email,email,Email_Welcome,/checkout,165,desktop
SES_430868,USR_00273,2024-02-28 13:14:00,Meta_Facebook,facebook,cpc,FB_Lookalike,/signup,222,desktop
SES_196901,USR_00273,2024-03-02 15:22:00,Google_Search,google,cpc,GSearch_Generic,/blog,402,desktop
SES_320895,USR_00274,2024-02-29 22:27:00,Google_Search,google,cpc,GSearch_Competitor,/pricing,691,tablet
SES_879230,USR_00274,2024-03-02 08:05:00,Google_Search,google,cpc,GSearch_Competitor,/blog,821,mobile
SES_790311,USR_00274,2024-03-02 20:11:00,Google_Search,,cpc,GSearch_Generic,/about,173,desktop
SES_438031,USR_00274,2024-03-03 22:06:00,Meta_Facebook,facebook,cpc,FB_Lookalike,/checkout,397,mobile
SES_296200,USR_00274,2024-02-29 11:19:00,Meta_Facebook,facebook,cpc,FB_Lookalike,/product,508,tablet
SES_866461,USR_00275,2024-01-10 12:30:00,Email,email,email,Email_Promo,/signup,279,desktop
SES_345684,USR_00275,2024-01-08 16:06:00,TikTok,tiktok,cpc,TikTok_Promo,/about,466,desktop
SES_831519,USR_00276,2024-02-21 16:12:00,Google_Search,google,cpc,GSearch_Brand,/blog,799,mobile
SES_903023,USR_00276,2024-02-23 04:51:00,TikTok,tiktok,cpc,TikTok_Video1,/pricing,499,desktop
SES_415917,USR_00276,2024-02-23 09:05:00,Meta_Facebook,facebook,cpc,FB_Awareness,/product,271,mobile
SES_913284,USR_00276,2024-02-27 11:00:00,Google_Search,google,cpc,GSearch_Brand,/about,193,desktop
SES_595248,USR_00276,2024-02-22 21:24:00,Meta_Facebook,facebook,cpc,FB_Awareness,/signup,504,tablet
SES_396951,USR_00277,2024-01-19 21:46:00,Google_Search,google,cpc,GSearch_Brand,/signup,464,tablet
SES_714915,USR_00277,2024-01-19 00:14:00,Meta_Facebook,facebook,cpc,FB_Lookalike,/blog,212,mobile
SES_181023,USR_00278,2024-02-21 20:14:00,Meta_Facebook,facebook,cpc,FB_Retargeting,/product,541,mobile
SES_288613,USR_00278,2024-02-16 13:09:00,Google_Search,,cpc,GSearch_Generic,/pricing,348,desktop
SES_642479,USR_00278,2024-02-23 03:29:00,Google_Search,google,cpc,GSearch_Generic,/signup,114,desktop
SES_576779,USR_00279,2024-02-21 00:31:00,Google_Search,google,cpc,GSearch_Brand,/checkout,716,desktop
SES_941396,USR_00280,2024-01-11 14:32:00,Meta_Facebook,facebook,cpc,FB_Awareness,/pricing,829,desktop
SES_544664,USR_00280,2024-01-12 17:48:00,Email,email,email,Email_Promo,/about,720,mobile
SES_952319,USR_00280,2024-01-09 19:46:00,Google_Search,google,cpc,GSearch_Competitor,/signup,495,desktop
SES_484936,USR_00280,2024-01-07 01:56:00,Meta_Facebook,facebook,cpc,FB_Retargeting,/blog,732,desktop
SES_474221,USR_00281,2024-02-29 13:01:00,TikTok,tiktok,cpc,TikTok_Video1,/about,362,desktop
SES_515461,USR_00281,2024-02-24 07:11:00,TikTok,tiktok,cpc,TikTok_Promo,/home,577,mobile
SES_580280,USR_00281,2024-02-26 22:39:00,LinkedIn,linkedin,cpc,LinkedIn_Lead,/product,875,tablet
SES_858970,USR_00282,2024-03-20 20:51:00,Google_Search,google,cpc,GSearch_Generic,/home,421,tablet
SES_123470,USR_00282,2024-03-14 05:47:00,Meta_Facebook,facebook,cpc,FB_Awareness,/pricing,768,tablet
SES_698626,USR_00282,2024-03-14 08:19:00,Email,email,email,Email_Promo,/blog,556,tablet
SES_897671,USR_00282,2024-03-16 13:17:00,TikTok,tiktok,cpc,TikTok_Video1,/checkout,735,mobile
SES_811152,USR_00282,2024-03-17 09:17:00,Meta_Facebook,facebook,cpc,FB_Retargeting,/home,446,mobile
SES_433614,USR_00283,2024-02-25 03:14:00,Google_Search,google,cpc,GSearch_Generic,/product,48,tablet
SES_444721,USR_00284,2024-01-30 17:24:00,TikTok,tiktok,cpc,TikTok_Promo,/about,601,mobile
SES_995857,USR_00284,2024-02-03 23:31:00,Meta_Facebook,facebook,cpc,FB_Lookalike,/product,575,tablet
SES_699065,USR_00284,2024-01-31 02:40:00,TikTok,tiktok,cpc,TikTok_Promo,/about,604,desktop
SES_263473,USR_00285,2024-02-01 19:37:00,Meta_Facebook,facebook,cpc,FB_Lookalike,/product,669,desktop
SES_880195,USR_00286,2024-03-02 15:15:00,Organic,organic,organic,Organic_SEO,/about,580,mobile
SES_216006,USR_00286,2024-03-02 18:18:00,TikTok,,cpc,TikTok_Video1,/product,192,tablet
SES_728357,USR_00286,2024-03-02 08:20:00,TikTok,tiktok,cpc,TikTok_Promo,/signup,401,tablet
SES_336033,USR_00286,2024-02-26 12:31:00,TikTok,tiktok,cpc,TikTok_Promo,/signup,505,desktop
SES_970177,USR_00286,2024-03-03 10:48:00,Google_Search,google,cpc,,/about,701,mobile
SES_335082,USR_00287,2024-02-25 04:39:00,Organic,organic,organic,,/blog,545,mobile
SES_755879,USR_00288,2024-03-20 15:43:00,Organic,organic,organic,Organic_Direct,/home,409,mobile
SES_486991,USR_00288,2024-03-20 23:55:00,TikTok,tiktok,cpc,TikTok_Video1,/product,209,desktop
SES_705659,USR_00288,2024-03-17 14:29:00,Meta_Facebook,,cpc,,/product,730,tablet
SES_216556,USR_00288,2024-03-21 19:53:00,Organic,organic,organic,Organic_SEO,/pricing,193,mobile
SES_809752,USR_00288,2024-03-21 13:55:00,LinkedIn,,cpc,,/blog,511,desktop
SES_778522,USR_00289,2024-02-27 17:45:00,Email,email,email,Email_Retention,/home,479,desktop
SES_851435,USR_00290,2024-02-13 16:40:00,Email,email,email,Email_Retention,/checkout,480,desktop
SES_277160,USR_00291,2024-01-16 11:26:00,Email,email,email,Email_Retention,/checkout,377,mobile
SES_843527,USR_00292,2024-03-05 15:48:00,Google_Search,google,cpc,GSearch_Generic,/product,805,desktop
SES_370450,USR_00292,2024-03-07 18:17:00,Google_Search,google,cpc,GSearch_Generic,/blog,66,mobile
SES_421559,USR_00293,2024-03-11 22:10:00,Google_Search,google,cpc,GSearch_Generic,/blog,679,desktop
SES_234797,USR_00293,2024-03-14 04:38:00,LinkedIn,linkedin,cpc,LinkedIn_Lead,/pricing,423,desktop
SES_856169,USR_00294,2024-01-07 16:47:00,TikTok,tiktok,cpc,TikTok_Video1,/signup,559,desktop
SES_715656,USR_00294,2024-01-11 16:20:00,TikTok,tiktok,cpc,TikTok_Video1,/blog,413,desktop
SES_458997,USR_00295,2024-01-29 07:19:00,Google_Search,,cpc,GSearch_Generic,/product,259,mobile
SES_581633,USR_00295,2024-01-26 18:58:00,TikTok,tiktok,cpc,TikTok_Video1,/checkout,42,tablet
SES_203641,USR_00295,2024-01-25 10:32:00,LinkedIn,linkedin,cpc,LinkedIn_Lead,/home,307,tablet
SES_356578,USR_00295,2024-01-23 08:51:00,Organic,organic,organic,Organic_SEO,/checkout,217,tablet
SES_879207,USR_00296,2024-02-06 06:46:00,Google_Search,google,cpc,GSearch_Competitor,/signup,95,mobile
SES_600466,USR_00296,2024-02-03 14:06:00,Google_Search,google,cpc,GSearch_Brand,/blog,830,mobile
SES_668714,USR_00297,2024-01-13 18:13:00,Meta_Facebook,,cpc,FB_Lookalike,/blog,528,desktop
SES_773843,USR_00297,2024-01-10 06:37:00,TikTok,tiktok,cpc,TikTok_Video1,/signup,680,tablet
SES_616533,USR_00297,2024-01-17 20:11:00,Organic,organic,organic,Organic_Direct,/pricing,549,desktop
SES_688528,USR_00298,2024-02-10 16:19:00,Google_Search,google,cpc,GSearch_Competitor,/checkout,480,mobile
SES_619871,USR_00298,2024-02-08 05:11:00,Meta_Facebook,facebook,cpc,FB_Lookalike,/home,808,desktop
SES_962514,USR_00298,2024-02-10 05:12:00,Google_Search,google,cpc,GSearch_Generic,/signup,141,mobile
SES_207916,USR_00298,2024-02-09 21:19:00,Meta_Facebook,facebook,cpc,FB_Lookalike,/blog,245,tablet
SES_993761,USR_00298,2024-02-08 05:39:00,Meta_Facebook,facebook,cpc,FB_Retargeting,/checkout,190,desktop
SES_997830,USR_00299,2024-03-07 09:23:00,LinkedIn,linkedin,cpc,LinkedIn_Lead,/product,343,desktop
SES_512658,USR_00299,2024-03-06 13:00:00,Email,email,email,Email_Promo,/signup,443,mobile
SES_120425,USR_00299,2024-03-07 22:12:00,Meta_Facebook,facebook,cpc,FB_Retargeting,/product,707,tablet
SES_500982,USR_00299,2024-03-05 10:35:00,Google_Search,,cpc,GSearch_Generic,/blog,786,mobile
SES_354948,USR_00299,2024-03-04 05:20:00,TikTok,tiktok,cpc,TikTok_Promo,/checkout,521,tablet
SES_610699,USR_00300,2024-03-01 07:17:00,LinkedIn,linkedin,cpc,LinkedIn_Lead,/blog,630,desktop
SES_559406,USR_00300,2024-03-01 09:07:00,Google_Search,google,cpc,GSearch_Competitor,/about,167,tablet
SES_257726,USR_00300,2024-03-02 18:19:00,Meta_Facebook,facebook,cpc,FB_Awareness,/blog,234,tablet
SES_373383,USR_00300,2024-03-02 17:33:00,Meta_Facebook,facebook,cpc,FB_Lookalike,/signup,328,tablet
SES_874958,USR_00300,2024-03-01 10:54:00,Google_Search,google,cpc,GSearch_Brand,/pricing,821,desktop
SES_838260,USR_00301,2024-01-29 08:16:00,Meta_Facebook,facebook,cpc,FB_Lookalike,/blog,795,mobile
SES_936865,USR_00301,2024-01-26 01:53:00,Google_Search,google,cpc,GSearch_Generic,/blog,91,tablet
SES_702737,USR_00302,2024-01-09 10:40:00,Organic,organic,organic,Organic_Direct,/home,782,mobile
SES_987409,USR_00302,2024-01-04 02:36:00,Organic,organic,organic,Organic_SEO,/about,654,tablet
SES_874831,USR_00302,2024-01-06 04:41:00,LinkedIn,linkedin,cpc,LinkedIn_Lead,/pricing,104,mobile
SES_122527,USR_00303,2024-02-20 12:36:00,Meta_Facebook,facebook,cpc,FB_Awareness,/pricing,36,tablet
SES_997135,USR_00303,2024-02-19 07:37:00,Google_Search,google,cpc,GSearch_Brand,/checkout,816,desktop
SES_471872,USR_00303,2024-02-20 22:55:00,TikTok,tiktok,cpc,TikTok_Video1,/blog,186,mobile
SES_985730,USR_00303,2024-02-15 01:49:00,Google_Search,google,cpc,GSearch_Brand,/product,583,desktop
SES_311499,USR_00303,2024-02-14 09:10:00,Meta_Facebook,facebook,cpc,FB_Lookalike,/about,307,mobile
SES_126658,USR_00304,2024-02-15 14:55:00,Google_Search,google,cpc,GSearch_Generic,/checkout,787,mobile
SES_498988,USR_00304,2024-02-21 18:52:00,Google_Search,google,cpc,GSearch_Generic,/home,125,mobile
SES_734229,USR_00305,2024-03-16 11:47:00,Google_Search,google,cpc,GSearch_Brand,/pricing,455,mobile
SES_579150,USR_00305,2024-03-18 00:00:00,Organic,organic,organic,Organic_Direct,/about,852,desktop
SES_977170,USR_00305,2024-03-21 02:27:00,Organic,organic,organic,Organic_SEO,/signup,697,desktop
SES_594258,USR_00305,2024-03-18 00:17:00,Organic,organic,organic,Organic_SEO,/checkout,692,desktop
SES_643814,USR_00305,2024-03-15 04:08:00,Google_Search,google,cpc,,/checkout,511,mobile
SES_963240,USR_00306,2024-03-20 05:26:00,Email,email,email,Email_Retention,/product,208,tablet
SES_313990,USR_00307,2024-01-29 09:25:00,Email,email,email,,/checkout,412,desktop
SES_135885,USR_00307,2024-01-29 23:55:00,Google_Search,google,cpc,GSearch_Brand,/product,447,mobile
SES_540279,USR_00308,2024-02-20 02:07:00,Google_Search,google,cpc,GSearch_Brand,/about,505,desktop
SES_599377,USR_00308,2024-02-25 15:57:00,Google_Search,google,cpc,,/pricing,161,desktop
SES_993353,USR_00308,2024-02-23 18:12:00,Organic,organic,organic,Organic_SEO,/product,254,tablet
SES_199393,USR_00308,2024-02-20 22:25:00,Email,email,email,Email_Welcome,/pricing,659,mobile
SES_844971,USR_00308,2024-02-21 14:42:00,Google_Search,google,cpc,GSearch_Brand,/blog,562,tablet
SES_992074,USR_00309,2024-02-06 01:47:00,Meta_Facebook,facebook,cpc,FB_Lookalike,/signup,424,tablet
SES_975958,USR_00309,2024-02-04 07:10:00,LinkedIn,,cpc,LinkedIn_B2B,/about,360,mobile
SES_705239,USR_00309,2024-02-11 12:28:00,Meta_Facebook,facebook,cpc,FB_Lookalike,/product,494,tablet
SES_639482,USR_00309,2024-02-08 10:21:00,Meta_Facebook,facebook,cpc,FB_Retargeting,/product,291,desktop
SES_459006,USR_00309,2024-02-11 16:16:00,LinkedIn,linkedin,cpc,LinkedIn_Lead,/home,830,desktop
SES_847315,USR_00310,2024-01-06 09:08:00,Google_Search,google,cpc,GSearch_Generic,/signup,385,desktop
SES_291482,USR_00310,2024-01-11 12:52:00,Meta_Facebook,facebook,cpc,FB_Retargeting,/blog,229,mobile
SES_730127,USR_00310,2024-01-07 04:36:00,LinkedIn,linkedin,cpc,LinkedIn_B2B,/signup,573,tablet
SES_656657,USR_00310,2024-01-04 05:23:00,Email,email,email,Email_Promo,/product,132,tablet
SES_739280,USR_00311,2024-03-23 13:54:00,Email,email,email,Email_Retention,/product,315,mobile
SES_590737,USR_00311,2024-03-26 10:08:00,Google_Search,google,cpc,GSearch_Competitor,/checkout,337,mobile
SES_162099,USR_00312,2024-02-06 13:08:00,Google_Search,google,cpc,GSearch_Competitor,/product,522,mobile
SES_467428,USR_00313,2024-02-22 02:14:00,TikTok,tiktok,cpc,TikTok_Promo,/pricing,173,desktop
SES_388851,USR_00313,2024-02-21 10:00:00,LinkedIn,linkedin,cpc,LinkedIn_B2B,/checkout,150,tablet
SES_962181,USR_00314,2024-03-09 03:34:00,LinkedIn,linkedin,cpc,LinkedIn_Lead,/checkout,654,desktop
SES_142961,USR_00314,2024-03-10 12:53:00,Google_Search,google,cpc,GSearch_Competitor,/pricing,145,tablet
SES_933047,USR_00314,2024-03-15 15:48:00,Meta_Facebook,facebook,cpc,FB_Retargeting,/pricing,260,tablet
SES_553485,USR_00315,2024-01-17 13:03:00,Google_Search,google,cpc,GSearch_Competitor,/checkout,137,desktop
SES_206043,USR_00316,2024-02-07 22:51:00,Meta_Facebook,facebook,cpc,FB_Lookalike,/about,278,tablet
SES_918855,USR_00316,2024-02-09 22:31:00,Google_Search,google,cpc,GSearch_Generic,/blog,651,tablet
SES_978922,USR_00316,2024-02-08 20:06:00,TikTok,,cpc,TikTok_Promo,/blog,127,mobile
SES_926420,USR_00317,2024-02-22 14:54:00,Email,email,email,Email_Retention,/about,617,tablet
SES_694469,USR_00317,2024-02-16 05:01:00,Organic,organic,organic,,/checkout,366,mobile
SES_469495,USR_00318,2024-02-22 07:17:00,LinkedIn,linkedin,cpc,LinkedIn_Lead,/about,832,mobile
SES_319551,USR_00318,2024-02-27 17:49:00,Meta_Facebook,facebook,cpc,FB_Awareness,/signup,590,tablet
SES_624116,USR_00318,2024-02-27 02:21:00,LinkedIn,linkedin,cpc,LinkedIn_Lead,/pricing,661,tablet
SES_752004,USR_00319,2024-02-14 15:40:00,Google_Search,,cpc,GSearch_Competitor,/product,804,desktop
SES_559034,USR_00319,2024-02-13 11:48:00,Google_Search,google,cpc,GSearch_Competitor,/product,202,desktop
SES_517303,USR_00320,2024-01-18 19:44:00,TikTok,tiktok,cpc,TikTok_Promo,/home,233,mobile
SES_516029,USR_00321,2024-03-23 04:58:00,Email,email,email,Email_Welcome,/about,136,tablet
SES_674606,USR_00322,2024-03-20 04:42:00,Meta_Facebook,facebook,cpc,,/pricing,56,desktop
SES_779367,USR_00322,2024-03-22 06:09:00,Email,email,email,Email_Welcome,/home,333,mobile
SES_678002,USR_00322,2024-03-19 18:12:00,Email,email,email,Email_Promo,/about,220,tablet
SES_488212,USR_00323,2024-02-27 11:57:00,LinkedIn,linkedin,cpc,LinkedIn_Lead,/product,357,tablet
SES_836556,USR_00323,2024-02-26 07:50:00,Google_Search,google,cpc,GSearch_Competitor,/blog,622,mobile
SES_966431,USR_00323,2024-02-22 19:14:00,Organic,organic,organic,Organic_Direct,/checkout,386,tablet
SES_559140,USR_00323,2024-02-24 15:37:00,Meta_Facebook,facebook,cpc,FB_Awareness,/about,96,mobile
SES_840618,USR_00323,2024-02-21 04:04:00,TikTok,tiktok,cpc,TikTok_Video1,/checkout,392,mobile
SES_838425,USR_00324,2024-03-17 04:25:00,Organic,organic,organic,Organic_SEO,/product,707,desktop
SES_937200,USR_00324,2024-03-17 16:26:00,Meta_Facebook,facebook,cpc,FB_Awareness,/product,814,tablet
SES_715983,USR_00324,2024-03-18 03:49:00,Email,,email,Email_Retention,/home,658,mobile
SES_288052,USR_00325,2024-02-24 05:01:00,LinkedIn,linkedin,cpc,LinkedIn_B2B,/checkout,536,tablet
SES_818644,USR_00325,2024-02-23 12:51:00,Meta_Facebook,facebook,cpc,FB_Retargeting,/about,420,tablet
SES_286028,USR_00325,2024-02-29 22:27:00,Google_Search,google,cpc,GSearch_Generic,/pricing,541,mobile
SES_763756,USR_00325,2024-02-24 02:21:00,Google_Search,google,cpc,GSearch_Brand,/about,799,mobile
SES_815873,USR_00325,2024-02-26 11:06:00,Google_Search,,cpc,GSearch_Competitor,/product,31,tablet
SES_493044,USR_00326,2024-01-06 02:11:00,Meta_Facebook,facebook,cpc,FB_Retargeting,/product,681,tablet
SES_728850,USR_00327,2024-01-27 11:36:00,Organic,organic,organic,Organic_SEO,/product,481,tablet
SES_663703,USR_00327,2024-01-26 03:51:00,Meta_Facebook,,cpc,,/pricing,328,mobile
SES_732819,USR_00327,2024-01-29 04:39:00,TikTok,tiktok,cpc,TikTok_Video1,/pricing,495,tablet
SES_358182,USR_00327,2024-01-30 11:09:00,LinkedIn,linkedin,cpc,LinkedIn_B2B,/product,867,desktop
SES_842011,USR_00328,2024-02-21 18:06:00,Meta_Facebook,facebook,cpc,FB_Lookalike,/signup,562,mobile
SES_396287,USR_00328,2024-02-26 10:08:00,Organic,organic,organic,Organic_Direct,/about,811,mobile
SES_209385,USR_00329,2024-03-27 10:35:00,Meta_Facebook,,cpc,,/about,654,desktop
SES_653176,USR_00329,2024-03-25 01:12:00,Meta_Facebook,facebook,cpc,FB_Lookalike,/home,344,tablet
SES_417661,USR_00329,2024-03-23 12:12:00,TikTok,tiktok,cpc,,/pricing,580,mobile
SES_203442,USR_00330,2024-03-08 14:11:00,Meta_Facebook,facebook,cpc,FB_Awareness,/product,759,desktop
SES_116350,USR_00330,2024-03-07 01:59:00,LinkedIn,linkedin,cpc,LinkedIn_Lead,/about,240,tablet
SES_971685,USR_00330,2024-03-07 10:11:00,Organic,organic,organic,Organic_SEO,/about,876,mobile
SES_358131,USR_00330,2024-03-11 19:42:00,Organic,,organic,Organic_Direct,/pricing,462,tablet
SES_823812,USR_00331,2024-03-25 00:26:00,Google_Search,google,cpc,GSearch_Competitor,/signup,453,desktop
SES_729281,USR_00331,2024-03-25 00:40:00,Email,email,email,Email_Welcome,/checkout,434,mobile
SES_220878,USR_00331,2024-03-28 05:57:00,Google_Search,google,cpc,GSearch_Competitor,/signup,530,mobile
SES_813981,USR_00331,2024-03-23 22:59:00,Meta_Facebook,facebook,cpc,FB_Retargeting,/checkout,437,desktop
SES_514089,USR_00331,2024-03-25 06:05:00,Google_Search,google,cpc,GSearch_Competitor,/blog,896,desktop
SES_506914,USR_00332,2024-01-17 05:05:00,Meta_Facebook,facebook,cpc,,/signup,740,mobile
SES_726001,USR_00332,2024-01-20 01:42:00,Meta_Facebook,facebook,cpc,FB_Lookalike,/blog,815,mobile
SES_284055,USR_00333,2024-02-10 11:29:00,TikTok,tiktok,cpc,TikTok_Video1,/product,689,mobile
SES_757681,USR_00333,2024-02-16 06:21:00,Meta_Facebook,facebook,cpc,FB_Lookalike,/checkout,768,desktop
SES_250327,USR_00334,2024-02-27 17:20:00,Email,email,email,Email_Retention,/home,144,tablet
SES_140296,USR_00335,2024-02-22 04:57:00,TikTok,tiktok,cpc,TikTok_Video1,/home,730,mobile
SES_335424,USR_00336,2024-02-18 20:02:00,TikTok,tiktok,cpc,TikTok_Promo,/blog,588,mobile
SES_349214,USR_00337,2024-03-07 21:31:00,Google_Search,google,cpc,GSearch_Competitor,/blog,286,desktop
SES_866486,USR_00338,2024-03-04 05:24:00,Meta_Facebook,facebook,cpc,FB_Lookalike,/pricing,194,desktop
SES_845208,USR_00338,2024-03-02 17:54:00,Meta_Facebook,facebook,cpc,FB_Lookalike,/product,441,mobile
SES_869077,USR_00338,2024-03-07 14:28:00,Google_Search,google,cpc,GSearch_Generic,/about,504,desktop
SES_357957,USR_00338,2024-03-07 06:45:00,Meta_Facebook,facebook,cpc,FB_Lookalike,/product,612,mobile
SES_511911,USR_00339,2024-02-23 04:30:00,Meta_Facebook,facebook,cpc,FB_Lookalike,/home,585,tablet
SES_454086,USR_00339,2024-02-23 17:56:00,Meta_Facebook,facebook,cpc,FB_Awareness,/product,705,desktop
SES_694954,USR_00339,2024-02-22 21:11:00,Google_Search,,cpc,GSearch_Generic,/pricing,793,tablet
SES_357633,USR_00339,2024-02-18 23:08:00,TikTok,tiktok,cpc,TikTok_Video1,/signup,528,desktop
SES_155315,USR_00339,2024-02-16 10:54:00,TikTok,,cpc,,/home,350,desktop
SES_711790,USR_00340,2024-01-23 14:30:00,Meta_Facebook,facebook,cpc,FB_Retargeting,/pricing,750,mobile
SES_271187,USR_00340,2024-01-24 13:07:00,Meta_Facebook,facebook,cpc,FB_Awareness,/blog,663,desktop
SES_218867,USR_00341,2024-03-19 21:09:00,TikTok,tiktok,cpc,TikTok_Promo,/about,129,mobile
SES_120923,USR_00341,2024-03-14 18:44:00,Email,email,email,Email_Promo,/signup,401,desktop
SES_694315,USR_00342,2024-03-16 11:56:00,Meta_Facebook,facebook,cpc,FB_Retargeting,/pricing,117,desktop
SES_256747,USR_00342,2024-03-15 03:59:00,Google_Search,google,cpc,GSearch_Competitor,/signup,714,mobile
SES_618782,USR_00342,2024-03-19 00:39:00,Google_Search,google,cpc,GSearch_Brand,/blog,457,mobile
SES_124583,USR_00342,2024-03-19 15:20:00,Email,email,email,Email_Welcome,/product,83,tablet
SES_142420,USR_00342,2024-03-17 08:47:00,LinkedIn,linkedin,cpc,LinkedIn_Lead,/signup,702,desktop
SES_417414,USR_00343,2024-02-12 12:12:00,Google_Search,,cpc,GSearch_Competitor,/about,419,desktop
SES_526974,USR_00344,2024-02-10 22:21:00,Meta_Facebook,facebook,cpc,FB_Awareness,/product,384,tablet
SES_804441,USR_00345,2024-03-14 02:51:00,Meta_Facebook,,cpc,FB_Lookalike,/checkout,356,tablet
SES_178029,USR_00345,2024-03-12 05:23:00,Google_Search,google,cpc,GSearch_Brand,/home,187,tablet
SES_946186,USR_00345,2024-03-14 10:55:00,LinkedIn,,cpc,,/blog,102,mobile
SES_227903,USR_00346,2024-03-28 01:45:00,TikTok,tiktok,cpc,TikTok_Promo,/product,234,tablet
SES_930045,USR_00346,2024-03-22 21:14:00,Google_Search,google,cpc,,/product,81,tablet
SES_306883,USR_00346,2024-03-22 22:31:00,Meta_Facebook,facebook,cpc,FB_Awareness,/blog,753,mobile
SES_564012,USR_00346,2024-03-28 05:32:00,Google_Search,google,cpc,GSearch_Competitor,/home,111,mobile
SES_230034,USR_00346,2024-03-24 22:48:00,Google_Search,google,cpc,GSearch_Competitor,/home,222,mobile
SES_771712,USR_00347,2024-02-01 09:13:00,Meta_Facebook,facebook,cpc,FB_Awareness,/about,286,desktop
SES_395120,USR_00347,2024-02-02 05:04:00,Meta_Facebook,facebook,cpc,FB_Awareness,/home,94,desktop
SES_183835,USR_00347,2024-02-04 21:48:00,Organic,organic,organic,Organic_SEO,/checkout,486,mobile
SES_434562,USR_00348,2024-02-15 14:22:00,TikTok,tiktok,cpc,TikTok_Video1,/checkout,860,desktop
SES_339192,USR_00349,2024-03-08 18:10:00,LinkedIn,linkedin,cpc,LinkedIn_Lead,/home,737,desktop
SES_522829,USR_00349,2024-03-10 14:55:00,Meta_Facebook,facebook,cpc,FB_Lookalike,/about,493,mobile
SES_246205,USR_00349,2024-03-06 10:24:00,LinkedIn,linkedin,cpc,,/signup,677,mobile
SES_292843,USR_00350,2024-02-16 06:06:00,Meta_Facebook,facebook,cpc,FB_Awareness,/home,430,desktop
SES_418266,USR_00350,2024-02-18 17:17:00,Google_Search,,cpc,GSearch_Brand,/product,224,desktop
SES_470534,USR_00350,2024-02-23 03:04:00,Meta_Facebook,facebook,cpc,FB_Retargeting,/pricing,752,desktop
SES_536569,USR_00350,2024-02-20 15:00:00,Google_Search,google,cpc,GSearch_Competitor,/pricing,676,mobile
SES_655364,USR_00351,2024-03-25 09:21:00,TikTok,tiktok,cpc,TikTok_Promo,/checkout,412,tablet
SES_537256,USR_00351,2024-03-23 07:13:00,Meta_Facebook,,cpc,FB_Lookalike,/pricing,734,mobile
SES_705258,USR_00351,2024-03-26 10:44:00,TikTok,tiktok,cpc,TikTok_Promo,/product,160,desktop
SES_120339,USR_00352,2024-02-02 10:32:00,Email,email,email,Email_Welcome,/home,423,mobile
SES_863181,USR_00352,2024-02-04 08:04:00,Google_Search,google,cpc,GSearch_Generic,/about,428,mobile
SES_358563,USR_00352,2024-02-03 07:40:00,LinkedIn,linkedin,cpc,LinkedIn_Lead,/home,365,desktop
SES_429429,USR_00352,2024-02-06 19:56:00,TikTok,tiktok,cpc,TikTok_Promo,/blog,234,tablet
SES_304412,USR_00352,2024-02-02 16:51:00,Organic,organic,organic,Organic_SEO,/blog,319,mobile
SES_783288,USR_00353,2024-02-24 20:48:00,Google_Search,google,cpc,,/about,110,desktop
SES_264603,USR_00353,2024-03-02 19:28:00,LinkedIn,linkedin,cpc,LinkedIn_B2B,/signup,351,mobile
SES_270814,USR_00353,2024-02-28 18:08:00,Meta_Facebook,facebook,cpc,FB_Retargeting,/pricing,47,mobile
SES_972210,USR_00353,2024-02-24 23:24:00,Email,email,email,Email_Retention,/blog,56,tablet
SES_396651,USR_00354,2024-02-17 10:36:00,Google_Search,google,cpc,,/signup,612,mobile
SES_246707,USR_00354,2024-02-11 04:06:00,LinkedIn,linkedin,cpc,LinkedIn_B2B,/blog,197,tablet
SES_532686,USR_00354,2024-02-14 10:48:00,Google_Search,google,cpc,GSearch_Generic,/home,534,desktop
SES_674721,USR_00354,2024-02-11 02:52:00,Meta_Facebook,facebook,cpc,FB_Awareness,/product,489,mobile
SES_774132,USR_00355,2024-02-06 22:14:00,Google_Search,google,cpc,,/about,73,mobile
SES_892684,USR_00356,2024-02-01 20:42:00,Organic,organic,organic,Organic_SEO,/about,49,tablet
SES_171262,USR_00356,2024-02-03 01:12:00,Meta_Facebook,facebook,cpc,FB_Awareness,/blog,66,mobile
SES_633881,USR_00357,2024-03-22 05:25:00,Google_Search,,cpc,GSearch_Competitor,/product,185,tablet
SES_507287,USR_00357,2024-03-15 05:53:00,Organic,organic,organic,Organic_Direct,/product,802,tablet
SES_573589,USR_00358,2024-02-15 00:28:00,Meta_Facebook,facebook,cpc,FB_Lookalike,/blog,697,tablet
SES_878896,USR_00358,2024-02-18 06:12:00,Google_Search,,cpc,GSearch_Brand,/signup,613,tablet
SES_418107,USR_00358,2024-02-16 11:29:00,Email,email,email,Email_Retention,/home,693,tablet
SES_289707,USR_00359,2024-03-17 10:13:00,Google_Search,google,cpc,GSearch_Brand,/about,767,desktop
SES_615566,USR_00359,2024-03-18 15:35:00,Meta_Facebook,facebook,cpc,FB_Lookalike,/blog,322,tablet
SES_387552,USR_00360,2024-01-11 00:19:00,Email,email,email,Email_Welcome,/about,420,tablet
SES_543721,USR_00360,2024-01-12 23:56:00,Google_Search,google,cpc,GSearch_Generic,/pricing,107,desktop
SES_939444,USR_00361,2024-01-07 06:07:00,LinkedIn,linkedin,cpc,LinkedIn_B2B,/checkout,792,tablet
SES_860017,USR_00361,2024-01-03 07:29:00,Email,email,email,Email_Promo,/signup,623,tablet
SES_825406,USR_00361,2024-01-07 04:13:00,Google_Search,google,cpc,GSearch_Competitor,/home,437,tablet
SES_283524,USR_00361,2024-01-09 00:36:00,Google_Search,google,cpc,GSearch_Generic,/home,702,mobile
SES_297205,USR_00362,2024-02-13 07:44:00,Google_Search,,cpc,GSearch_Generic,/about,859,mobile
SES_930434,USR_00362,2024-02-06 07:45:00,Email,email,email,Email_Promo,/signup,790,mobile
SES_671044,USR_00362,2024-02-10 05:23:00,Meta_Facebook,facebook,cpc,FB_Awareness,/checkout,410,tablet
SES_521296,USR_00363,2024-03-12 11:29:00,Meta_Facebook,facebook,cpc,FB_Awareness,/pricing,815,desktop
SES_552682,USR_00363,2024-03-12 02:38:00,Email,email,email,Email_Promo,/pricing,170,desktop
SES_272256,USR_00363,2024-03-15 01:21:00,TikTok,tiktok,cpc,TikTok_Promo,/blog,670,mobile
SES_246298,USR_00363,2024-03-15 06:52:00,Meta_Facebook,facebook,cpc,FB_Awareness,/checkout,435,mobile
SES_703418,USR_00363,2024-03-16 00:16:00,Email,email,email,Email_Retention,/blog,710,mobile
SES_514146,USR_00364,2024-02-19 16:42:00,Google_Search,google,cpc,GSearch_Competitor,/signup,432,mobile
SES_263264,USR_00364,2024-02-17 22:57:00,LinkedIn,linkedin,cpc,LinkedIn_B2B,/signup,222,tablet
SES_892514,USR_00365,2024-03-06 12:19:00,Meta_Facebook,facebook,cpc,FB_Retargeting,/signup,244,tablet
SES_913766,USR_00366,2024-01-25 21:04:00,Google_Search,google,cpc,GSearch_Generic,/home,289,desktop
SES_506582,USR_00367,2024-02-29 11:13:00,TikTok,tiktok,cpc,TikTok_Video1,/pricing,468,tablet
SES_368207,USR_00368,2024-03-02 22:30:00,TikTok,tiktok,cpc,TikTok_Video1,/signup,846,desktop
SES_818115,USR_00368,2024-03-03 15:01:00,Meta_Facebook,facebook,cpc,FB_Awareness,/about,69,desktop
SES_970978,USR_00368,2024-03-03 22:40:00,Meta_Facebook,,cpc,FB_Awareness,/home,495,desktop
SES_914915,USR_00368,2024-03-07 22:54:00,Google_Search,,cpc,GSearch_Generic,/about,251,tablet
SES_918764,USR_00368,2024-03-08 00:59:00,Google_Search,google,cpc,GSearch_Competitor,/blog,485,mobile
SES_785456,USR_00369,2024-01-31 23:03:00,Google_Search,google,cpc,GSearch_Competitor,/pricing,629,mobile
SES_404387,USR_00369,2024-01-31 19:21:00,Google_Search,google,cpc,GSearch_Generic,/about,142,tablet
SES_105969,USR_00369,2024-01-26 12:49:00,Organic,organic,organic,Organic_SEO,/checkout,856,tablet
SES_816212,USR_00369,2024-01-26 18:54:00,LinkedIn,linkedin,cpc,LinkedIn_B2B,/about,264,tablet
SES_876319,USR_00369,2024-01-31 19:36:00,Email,email,email,Email_Welcome,/home,478,desktop
SES_596666,USR_00370,2024-02-25 01:17:00,LinkedIn,linkedin,cpc,LinkedIn_Lead,/about,600,tablet
SES_475015,USR_00370,2024-03-02 15:25:00,Google_Search,google,cpc,GSearch_Brand,/blog,279,mobile
SES_567771,USR_00370,2024-02-26 21:34:00,Google_Search,google,cpc,GSearch_Brand,/pricing,600,desktop
SES_254546,USR_00371,2024-01-11 09:08:00,TikTok,tiktok,cpc,TikTok_Video1,/checkout,748,desktop
SES_798258,USR_00371,2024-01-09 08:37:00,Meta_Facebook,facebook,cpc,FB_Awareness,/blog,39,desktop
SES_297831,USR_00371,2024-01-11 21:30:00,Meta_Facebook,facebook,cpc,FB_Retargeting,/about,520,mobile
SES_942918,USR_00371,2024-01-10 02:09:00,Google_Search,google,cpc,GSearch_Competitor,/checkout,160,tablet
SES_890011,USR_00372,2024-01-16 13:53:00,Meta_Facebook,facebook,cpc,FB_Retargeting,/checkout,400,mobile
SES_513798,USR_00372,2024-01-13 00:12:00,Meta_Facebook,,cpc,FB_Lookalike,/checkout,773,desktop
SES_634299,USR_00373,2024-03-01 13:41:00,LinkedIn,linkedin,cpc,LinkedIn_B2B,/signup,803,tablet
SES_553762,USR_00373,2024-02-29 19:01:00,Google_Search,google,cpc,GSearch_Competitor,/about,97,tablet
SES_390863,USR_00373,2024-02-28 12:17:00,LinkedIn,linkedin,cpc,,/about,695,desktop
SES_592738,USR_00373,2024-03-02 16:31:00,Email,email,email,Email_Retention,/about,805,tablet
SES_658617,USR_00374,2024-03-14 16:39:00,Meta_Facebook,facebook,cpc,FB_Retargeting,/checkout,94,desktop
SES_439910,USR_00374,2024-03-16 07:36:00,Organic,organic,organic,Organic_Direct,/product,386,desktop
SES_726797,USR_00374,2024-03-15 13:42:00,Email,email,email,Email_Retention,/checkout,222,tablet
SES_479046,USR_00374,2024-03-14 22:34:00,Email,email,email,Email_Retention,/blog,358,mobile
SES_405619,USR_00374,2024-03-19 20:15:00,TikTok,tiktok,cpc,TikTok_Video1,/product,642,tablet
SES_695789,USR_00375,2024-01-31 14:34:00,Meta_Facebook,facebook,cpc,FB_Lookalike,/pricing,179,desktop
SES_103425,USR_00375,2024-01-25 02:12:00,Google_Search,google,cpc,GSearch_Generic,/signup,290,desktop
SES_378607,USR_00375,2024-01-31 01:27:00,Organic,organic,organic,Organic_Direct,/checkout,531,tablet
SES_897048,USR_00376,2024-03-07 01:02:00,Meta_Facebook,facebook,cpc,FB_Retargeting,/signup,101,desktop
SES_314845,USR_00377,2024-03-15 01:57:00,Google_Search,google,cpc,GSearch_Brand,/checkout,610,mobile
SES_331145,USR_00378,2024-01-20 19:38:00,Organic,organic,organic,Organic_Direct,/blog,799,desktop
SES_280189,USR_00379,2024-02-18 12:13:00,Google_Search,google,cpc,GSearch_Competitor,/blog,661,mobile
SES_948875,USR_00379,2024-02-17 15:07:00,Google_Search,google,cpc,GSearch_Competitor,/home,282,desktop
SES_331044,USR_00379,2024-02-18 08:06:00,Google_Search,google,cpc,GSearch_Competitor,/home,274,tablet
SES_343459,USR_00379,2024-02-19 03:54:00,Meta_Facebook,facebook,cpc,FB_Awareness,/home,448,tablet
SES_887159,USR_00379,2024-02-22 12:01:00,Meta_Facebook,facebook,cpc,FB_Awareness,/blog,813,desktop
SES_745543,USR_00380,2024-03-09 12:53:00,LinkedIn,linkedin,cpc,LinkedIn_Lead,/about,651,mobile
SES_496009,USR_00380,2024-03-08 05:50:00,Google_Search,google,cpc,GSearch_Brand,/about,242,mobile
SES_729602,USR_00381,2024-02-21 15:01:00,Google_Search,google,cpc,GSearch_Competitor,/checkout,606,mobile
SES_499476,USR_00381,2024-02-16 00:31:00,Meta_Facebook,facebook,cpc,FB_Retargeting,/about,771,desktop
SES_372482,USR_00381,2024-02-21 15:10:00,Google_Search,google,cpc,GSearch_Generic,/product,254,tablet
SES_194343,USR_00382,2024-03-20 22:58:00,Email,email,email,Email_Promo,/product,124,tablet
SES_407393,USR_00382,2024-03-17 04:54:00,Google_Search,google,cpc,GSearch_Competitor,/about,315,mobile
SES_196753,USR_00382,2024-03-20 19:03:00,Meta_Facebook,facebook,cpc,FB_Retargeting,/blog,700,tablet
SES_347721,USR_00382,2024-03-19 00:51:00,Google_Search,google,cpc,GSearch_Generic,/product,647,tablet
SES_659890,USR_00382,2024-03-18 03:49:00,Google_Search,google,cpc,GSearch_Brand,/about,596,desktop
SES_385566,USR_00383,2024-01-22 16:52:00,Google_Search,google,cpc,GSearch_Brand,/home,542,tablet
SES_238717,USR_00383,2024-01-20 07:55:00,Meta_Facebook,,cpc,FB_Retargeting,/blog,884,desktop
SES_269960,USR_00384,2024-02-12 20:38:00,Google_Search,google,cpc,GSearch_Brand,/signup,73,mobile
SES_810436,USR_00384,2024-02-11 12:35:00,Google_Search,google,cpc,GSearch_Generic,/blog,773,desktop
SES_978316,USR_00384,2024-02-12 23:25:00,Organic,organic,organic,Organic_Direct,/signup,287,tablet
SES_176983,USR_00384,2024-02-11 19:23:00,Google_Search,google,cpc,,/signup,335,mobile
SES_308355,USR_00384,2024-02-11 00:13:00,Meta_Facebook,facebook,cpc,FB_Lookalike,/about,823,tablet
SES_338101,USR_00385,2024-02-29 14:16:00,TikTok,tiktok,cpc,TikTok_Promo,/about,438,desktop
SES_153840,USR_00385,2024-03-05 07:09:00,Meta_Facebook,facebook,cpc,FB_Retargeting,/checkout,133,desktop
SES_181918,USR_00386,2024-01-12 19:18:00,Meta_Facebook,facebook,cpc,FB_Lookalike,/pricing,870,tablet
SES_425416,USR_00386,2024-01-14 16:10:00,Google_Search,,cpc,GSearch_Generic,/home,133,mobile
SES_125312,USR_00386,2024-01-11 14:25:00,Google_Search,google,cpc,GSearch_Competitor,/pricing,847,tablet
SES_559693,USR_00387,2024-02-19 15:27:00,Google_Search,google,cpc,GSearch_Brand,/signup,556,mobile
SES_792706,USR_00387,2024-02-15 22:28:00,Organic,organic,organic,Organic_SEO,/checkout,769,tablet
SES_513557,USR_00387,2024-02-18 07:02:00,Google_Search,,cpc,GSearch_Brand,/home,340,mobile
SES_259012,USR_00387,2024-02-16 13:35:00,Google_Search,google,cpc,GSearch_Competitor,/blog,291,mobile
SES_329737,USR_00388,2024-01-11 14:58:00,Email,email,email,Email_Promo,/product,718,desktop
SES_991912,USR_00389,2024-01-18 15:16:00,Email,email,email,Email_Promo,/blog,601,tablet
SES_645310,USR_00390,2024-03-26 21:17:00,Meta_Facebook,facebook,cpc,FB_Awareness,/signup,638,mobile
SES_633552,USR_00390,2024-03-24 09:31:00,Email,email,email,Email_Promo,/checkout,444,mobile
SES_334488,USR_00390,2024-03-25 07:56:00,Email,email,email,Email_Promo,/product,505,mobile
SES_185070,USR_00391,2024-03-15 07:10:00,Meta_Facebook,facebook,cpc,FB_Lookalike,/blog,522,tablet
SES_132081,USR_00392,2024-02-10 10:23:00,Meta_Facebook,facebook,cpc,FB_Lookalike,/home,345,mobile
SES_355051,USR_00393,2024-03-09 19:51:00,TikTok,tiktok,cpc,TikTok_Promo,/product,374,mobile
SES_873251,USR_00393,2024-03-08 00:09:00,TikTok,tiktok,cpc,TikTok_Video1,/blog,468,desktop
SES_286198,USR_00393,2024-03-04 01:08:00,Organic,organic,organic,,/pricing,893,desktop
SES_446178,USR_00393,2024-03-08 03:02:00,TikTok,,cpc,TikTok_Video1,/blog,114,mobile
SES_380316,USR_00394,2024-01-04 18:18:00,LinkedIn,linkedin,cpc,LinkedIn_Lead,/blog,886,tablet
SES_993801,USR_00394,2024-01-02 08:10:00,Email,email,email,Email_Promo,/checkout,824,tablet
SES_993550,USR_00394,2024-01-02 10:42:00,Meta_Facebook,facebook,cpc,,/product,741,desktop
SES_954209,USR_00394,2024-01-08 12:26:00,Meta_Facebook,facebook,cpc,FB_Awareness,/signup,270,desktop
SES_183312,USR_00394,2024-01-06 01:37:00,Google_Search,google,cpc,GSearch_Generic,/home,181,mobile
SES_707408,USR_00395,2024-01-19 07:45:00,LinkedIn,linkedin,cpc,LinkedIn_Lead,/about,475,desktop
SES_596215,USR_00395,2024-01-18 20:02:00,Organic,organic,organic,Organic_Direct,/pricing,190,desktop
SES_364431,USR_00395,2024-01-20 12:11:00,Meta_Facebook,,cpc,FB_Retargeting,/signup,539,desktop
SES_881484,USR_00395,2024-01-23 22:27:00,LinkedIn,linkedin,cpc,LinkedIn_Lead,/checkout,352,tablet
SES_450807,USR_00396,2024-01-03 04:02:00,Organic,,organic,Organic_Direct,/product,275,tablet
SES_908305,USR_00396,2024-01-08 00:40:00,Organic,organic,organic,Organic_SEO,/pricing,758,desktop
SES_311511,USR_00397,2024-02-22 06:09:00,Google_Search,google,cpc,GSearch_Generic,/pricing,726,tablet
SES_741963,USR_00397,2024-02-21 06:27:00,Meta_Facebook,facebook,cpc,FB_Awareness,/signup,778,mobile
SES_146675,USR_00397,2024-02-24 09:21:00,Organic,organic,organic,Organic_Direct,/home,447,tablet
SES_738331,USR_00397,2024-02-18 18:14:00,Meta_Facebook,facebook,cpc,FB_Lookalike,/pricing,884,tablet
SES_956410,USR_00397,2024-02-20 07:42:00,Meta_Facebook,facebook,cpc,FB_Lookalike,/blog,290,desktop
SES_150083,USR_00398,2024-01-04 02:51:00,Google_Search,google,cpc,,/signup,310,tablet
SES_421078,USR_00398,2024-01-07 19:42:00,Google_Search,google,cpc,GSearch_Competitor,/home,538,tablet
SES_346240,USR_00398,2024-01-04 12:35:00,Meta_Facebook,facebook,cpc,FB_Awareness,/checkout,366,mobile
SES_603174,USR_00399,2024-01-26 00:06:00,TikTok,tiktok,cpc,TikTok_Video1,/product,797,tablet
SES_547164,USR_00399,2024-01-30 06:46:00,Google_Search,google,cpc,GSearch_Generic,/product,400,mobile
SES_179928,USR_00399,2024-01-30 04:55:00,Meta_Facebook,facebook,cpc,FB_Awareness,/home,33,mobile
SES_573213,USR_00399,2024-01-27 10:07:00,LinkedIn,linkedin,cpc,LinkedIn_Lead,/blog,814,tablet
SES_187312,USR_00399,2024-02-02 11:50:00,Meta_Facebook,facebook,cpc,FB_Lookalike,/home,391,mobile
SES_458719,USR_00400,2024-01-29 05:33:00,LinkedIn,linkedin,cpc,LinkedIn_B2B,/signup,736,tablet
SES_508187,USR_00400,2024-01-28 13:06:00,Meta_Facebook,facebook,cpc,FB_Awareness,/signup,554,desktop
SES_884056,USR_00400,2024-01-28 22:04:00,Google_Search,google,cpc,GSearch_Competitor,/checkout,262,tablet
SES_308785,USR_00400,2024-02-01 01:02:00,TikTok,tiktok,cpc,TikTok_Promo,/about,222,mobile
SES_978202,USR_00401,2024-02-15 00:20:00,Organic,organic,organic,Organic_Direct,/signup,504,mobile
SES_721685,USR_00401,2024-02-17 04:30:00,Email,email,email,Email_Retention,/about,596,tablet
SES_357989,USR_00401,2024-02-20 09:34:00,Google_Search,google,cpc,GSearch_Brand,/signup,465,desktop
SES_243570,USR_00401,2024-02-15 22:16:00,Email,email,email,Email_Welcome,/signup,418,mobile
SES_481456,USR_00401,2024-02-19 02:31:00,Meta_Facebook,facebook,cpc,FB_Lookalike,/pricing,786,desktop
SES_244100,USR_00402,2024-01-03 16:38:00,Organic,organic,organic,Organic_Direct,/blog,132,desktop
SES_229737,USR_00402,2024-01-04 05:36:00,Google_Search,google,cpc,GSearch_Generic,/product,626,mobile
SES_667600,USR_00402,2024-01-06 02:51:00,Google_Search,google,cpc,GSearch_Generic,/checkout,592,tablet
SES_142716,USR_00402,2024-01-07 09:58:00,Organic,organic,organic,Organic_Direct,/about,125,tablet
SES_212018,USR_00403,2024-02-04 15:02:00,Google_Search,google,cpc,GSearch_Brand,/about,858,desktop
SES_932681,USR_00403,2024-02-10 07:05:00,Meta_Facebook,facebook,cpc,FB_Lookalike,/pricing,202,mobile
SES_232814,USR_00403,2024-02-05 05:47:00,TikTok,tiktok,cpc,TikTok_Video1,/signup,728,tablet
SES_982733,USR_00404,2024-02-22 06:31:00,TikTok,tiktok,cpc,TikTok_Promo,/blog,273,mobile
SES_406924,USR_00404,2024-02-28 11:08:00,Google_Search,google,cpc,GSearch_Competitor,/about,634,desktop
SES_734656,USR_00405,2024-02-10 15:00:00,Google_Search,google,cpc,GSearch_Brand,/home,445,tablet
SES_708388,USR_00405,2024-02-09 03:42:00,LinkedIn,linkedin,cpc,LinkedIn_B2B,/product,165,tablet
SES_817297,USR_00405,2024-02-06 12:08:00,Google_Search,google,cpc,GSearch_Brand,/product,313,mobile
SES_212149,USR_00405,2024-02-06 10:13:00,TikTok,tiktok,cpc,,/about,177,mobile
SES_644070,USR_00405,2024-02-07 21:17:00,Email,email,email,Email_Promo,/about,709,mobile
SES_613711,USR_00406,2024-02-02 15:17:00,Meta_Facebook,facebook,cpc,FB_Awareness,/about,80,desktop
SES_162487,USR_00406,2024-01-27 23:29:00,Meta_Facebook,,cpc,FB_Retargeting,/blog,326,mobile
SES_596221,USR_00407,2024-01-19 16:04:00,Google_Search,google,cpc,GSearch_Generic,/blog,495,desktop
SES_980245,USR_00407,2024-01-19 15:24:00,TikTok,tiktok,cpc,TikTok_Promo,/pricing,194,desktop
SES_609505,USR_00407,2024-01-18 12:14:00,Meta_Facebook,,cpc,FB_Retargeting,/blog,551,tablet
SES_203635,USR_00407,2024-01-17 08:55:00,Google_Search,google,cpc,GSearch_Competitor,/checkout,558,desktop
SES_949042,USR_00408,2024-01-04 07:48:00,TikTok,tiktok,cpc,TikTok_Video1,/checkout,599,tablet
SES_905823,USR_00408,2024-01-05 22:49:00,TikTok,tiktok,cpc,,/blog,459,tablet
SES_855898,USR_00408,2024-01-08 13:16:00,Google_Search,google,cpc,GSearch_Brand,/checkout,853,desktop
SES_305802,USR_00408,2024-01-06 07:20:00,TikTok,,cpc,TikTok_Promo,/home,374,desktop
SES_179973,USR_00409,2024-02-05 03:36:00,Meta_Facebook,facebook,cpc,,/product,266,desktop
SES_207599,USR_00409,2024-01-31 21:35:00,Google_Search,google,cpc,GSearch_Generic,/about,765,mobile
SES_112266,USR_00409,2024-02-03 18:26:00,LinkedIn,linkedin,cpc,,/home,317,tablet
SES_224548,USR_00409,2024-02-07 02:51:00,Email,email,email,Email_Welcome,/pricing,840,tablet
SES_894114,USR_00410,2024-03-24 22:46:00,Google_Search,google,cpc,GSearch_Competitor,/home,892,desktop
SES_340469,USR_00410,2024-03-24 18:17:00,LinkedIn,linkedin,cpc,LinkedIn_Lead,/home,467,tablet
SES_874793,USR_00410,2024-03-26 03:40:00,Organic,organic,organic,Organic_Direct,/blog,51,tablet
SES_288105,USR_00410,2024-03-25 06:52:00,Google_Search,google,cpc,,/product,232,mobile
SES_133020,USR_00410,2024-03-25 03:46:00,Meta_Facebook,facebook,cpc,FB_Awareness,/checkout,239,desktop
SES_492729,USR_00411,2024-02-27 01:34:00,TikTok,tiktok,cpc,,/product,730,desktop
SES_213707,USR_00411,2024-02-26 13:14:00,Google_Search,google,cpc,GSearch_Brand,/checkout,862,mobile
SES_723136,USR_00411,2024-02-29 17:42:00,LinkedIn,linkedin,cpc,LinkedIn_Lead,/blog,250,desktop
SES_937080,USR_00412,2024-01-30 00:12:00,Google_Search,google,cpc,GSearch_Generic,/about,332,desktop
SES_156405,USR_00412,2024-01-30 07:47:00,Organic,organic,organic,Organic_SEO,/checkout,576,mobile
SES_241786,USR_00412,2024-01-30 01:33:00,Meta_Facebook,facebook,cpc,FB_Awareness,/product,581,mobile
SES_177775,USR_00412,2024-01-25 07:34:00,Google_Search,google,cpc,GSearch_Brand,/blog,115,desktop
SES_146156,USR_00413,2024-03-10 13:31:00,Google_Search,google,cpc,GSearch_Generic,/signup,888,mobile
SES_255002,USR_00413,2024-03-11 19:28:00,Email,email,email,Email_Welcome,/home,462,tablet
SES_988380,USR_00413,2024-03-10 10:01:00,LinkedIn,linkedin,cpc,LinkedIn_Lead,/home,813,mobile
SES_187696,USR_00413,2024-03-09 10:10:00,LinkedIn,linkedin,cpc,LinkedIn_B2B,/signup,790,tablet
SES_560302,USR_00413,2024-03-10 17:41:00,Google_Search,google,cpc,GSearch_Brand,/pricing,88,tablet
SES_628503,USR_00414,2024-01-06 20:18:00,Organic,organic,organic,Organic_Direct,/signup,329,desktop
SES_599938,USR_00414,2024-01-06 09:31:00,Google_Search,google,cpc,GSearch_Brand,/blog,816,mobile
SES_429372,USR_00414,2024-01-06 12:30:00,Google_Search,google,cpc,GSearch_Generic,/home,549,desktop
SES_357543,USR_00414,2024-01-11 12:22:00,Google_Search,,cpc,GSearch_Competitor,/checkout,379,mobile
SES_690349,USR_00414,2024-01-09 03:15:00,LinkedIn,linkedin,cpc,LinkedIn_Lead,/about,182,desktop
SES_923278,USR_00415,2024-02-04 18:24:00,Meta_Facebook,facebook,cpc,FB_Retargeting,/checkout,72,tablet
SES_731350,USR_00415,2024-01-30 19:35:00,TikTok,tiktok,cpc,TikTok_Video1,/about,662,desktop
SES_940951,USR_00415,2024-01-30 01:59:00,LinkedIn,linkedin,cpc,LinkedIn_B2B,/home,431,desktop
SES_868905,USR_00415,2024-01-31 08:54:00,Email,email,email,Email_Retention,/checkout,211,tablet
SES_900957,USR_00415,2024-02-06 06:33:00,Meta_Facebook,facebook,cpc,FB_Retargeting,/checkout,95,desktop
SES_409488,USR_00416,2024-02-03 23:10:00,TikTok,tiktok,cpc,TikTok_Video1,/blog,615,tablet
SES_893226,USR_00416,2024-02-05 22:08:00,Meta_Facebook,,cpc,FB_Retargeting,/pricing,769,tablet
SES_584405,USR_00416,2024-02-07 01:52:00,Google_Search,google,cpc,GSearch_Generic,/about,328,tablet
SES_144374,USR_00417,2024-01-26 05:25:00,Organic,organic,organic,Organic_Direct,/signup,264,tablet
SES_864670,USR_00417,2024-01-26 00:42:00,Meta_Facebook,facebook,cpc,FB_Awareness,/home,511,desktop
SES_954297,USR_00417,2024-01-25 16:32:00,Meta_Facebook,facebook,cpc,FB_Lookalike,/home,820,mobile
SES_970753,USR_00417,2024-01-22 08:21:00,Meta_Facebook,facebook,cpc,FB_Awareness,/checkout,167,desktop
SES_405530,USR_00418,2024-01-13 07:13:00,Google_Search,google,cpc,GSearch_Competitor,/product,243,desktop
SES_228115,USR_00418,2024-01-11 12:46:00,Email,email,email,Email_Promo,/product,856,mobile
SES_856287,USR_00418,2024-01-09 03:34:00,Google_Search,google,cpc,GSearch_Competitor,/home,651,mobile
SES_775312,USR_00418,2024-01-11 10:14:00,TikTok,tiktok,cpc,TikTok_Video1,/home,446,mobile
SES_508253,USR_00418,2024-01-09 03:29:00,Organic,organic,organic,Organic_Direct,/blog,446,tablet
SES_130826,USR_00419,2024-01-02 18:06:00,Organic,organic,organic,Organic_SEO,/pricing,827,desktop
SES_821836,USR_00419,2024-01-03 12:21:00,Meta_Facebook,facebook,cpc,,/about,682,tablet
SES_859984,USR_00419,2024-01-09 13:58:00,Google_Search,google,cpc,GSearch_Generic,/home,665,tablet
SES_160759,USR_00419,2024-01-05 02:19:00,Meta_Facebook,facebook,cpc,FB_Awareness,/blog,102,mobile
SES_600534,USR_00419,2024-01-06 10:53:00,Google_Search,google,cpc,GSearch_Generic,/home,630,mobile
SES_630424,USR_00420,2024-01-27 04:04:00,Email,email,email,Email_Welcome,/product,492,desktop
SES_829197,USR_00420,2024-01-30 23:54:00,Meta_Facebook,,cpc,FB_Retargeting,/checkout,331,mobile
SES_915811,USR_00420,2024-01-31 10:15:00,Organic,organic,organic,Organic_SEO,/about,434,desktop
SES_882597,USR_00420,2024-01-31 04:27:00,Organic,organic,organic,Organic_SEO,/signup,896,mobile
SES_736933,USR_00421,2024-01-25 02:52:00,Meta_Facebook,facebook,cpc,FB_Retargeting,/signup,811,mobile
SES_904881,USR_00422,2024-01-27 06:16:00,Google_Search,google,cpc,GSearch_Competitor,/pricing,394,mobile
SES_756805,USR_00422,2024-01-26 15:27:00,Meta_Facebook,facebook,cpc,FB_Retargeting,/signup,604,tablet
SES_221455,USR_00422,2024-01-22 07:19:00,TikTok,tiktok,cpc,TikTok_Promo,/blog,35,tablet
SES_799512,USR_00422,2024-01-27 17:47:00,LinkedIn,linkedin,cpc,LinkedIn_Lead,/blog,169,desktop
SES_573467,USR_00423,2024-01-31 22:44:00,TikTok,,cpc,TikTok_Video1,/home,650,mobile
SES_849367,USR_00424,2024-02-18 14:16:00,Email,email,email,Email_Promo,/blog,856,mobile
SES_494126,USR_00424,2024-02-23 21:18:00,LinkedIn,linkedin,cpc,LinkedIn_Lead,/signup,595,tablet
SES_483968,USR_00424,2024-02-24 18:24:00,Google_Search,google,cpc,GSearch_Competitor,/checkout,612,mobile
SES_424632,USR_00424,2024-02-19 18:39:00,Meta_Facebook,facebook,cpc,FB_Retargeting,/signup,229,mobile
SES_550756,USR_00424,2024-02-20 12:36:00,Google_Search,google,cpc,GSearch_Brand,/blog,86,desktop
SES_132002,USR_00425,2024-01-10 20:28:00,Google_Search,google,cpc,GSearch_Competitor,/product,797,mobile
SES_802699,USR_00425,2024-01-07 21:38:00,TikTok,tiktok,cpc,TikTok_Video1,/pricing,695,mobile
SES_968235,USR_00425,2024-01-05 00:57:00,TikTok,tiktok,cpc,TikTok_Video1,/pricing,447,tablet
SES_990211,USR_00425,2024-01-04 04:25:00,Organic,organic,organic,Organic_Direct,/blog,811,desktop
SES_700743,USR_00425,2024-01-05 12:22:00,Meta_Facebook,,cpc,FB_Lookalike,/about,675,mobile
SES_252795,USR_00426,2024-01-09 06:51:00,Email,email,email,Email_Welcome,/blog,351,tablet
SES_380019,USR_00426,2024-01-07 12:34:00,Organic,organic,organic,Organic_SEO,/product,276,tablet
SES_272223,USR_00427,2024-03-10 15:48:00,TikTok,tiktok,cpc,TikTok_Video1,/product,31,mobile
SES_974208,USR_00427,2024-03-12 12:32:00,TikTok,,cpc,TikTok_Promo,/product,106,mobile
SES_126723,USR_00427,2024-03-09 01:04:00,Email,email,email,Email_Promo,/about,570,mobile
SES_156962,USR_00428,2024-02-06 14:26:00,Google_Search,,cpc,GSearch_Competitor,/signup,211,tablet
SES_152742,USR_00428,2024-02-08 23:23:00,Email,email,email,Email_Promo,/product,682,desktop
SES_509718,USR_00428,2024-02-09 05:03:00,Google_Search,google,cpc,GSearch_Generic,/checkout,489,mobile
SES_461287,USR_00428,2024-02-11 00:35:00,LinkedIn,linkedin,cpc,LinkedIn_Lead,/signup,124,tablet
SES_268791,USR_00428,2024-02-12 18:44:00,LinkedIn,linkedin,cpc,LinkedIn_Lead,/blog,98,desktop
SES_193519,USR_00429,2024-02-24 04:59:00,Google_Search,google,cpc,GSearch_Brand,/pricing,396,tablet
SES_182995,USR_00430,2024-01-31 14:00:00,Organic,organic,organic,Organic_Direct,/product,899,mobile
SES_886786,USR_00430,2024-01-27 13:15:00,Google_Search,,cpc,GSearch_Brand,/signup,555,tablet
SES_299635,USR_00431,2024-01-24 06:28:00,Meta_Facebook,facebook,cpc,FB_Awareness,/home,713,tablet
SES_706922,USR_00431,2024-01-21 10:03:00,Meta_Facebook,,cpc,FB_Awareness,/product,435,desktop
SES_155469,USR_00431,2024-01-17 07:28:00,Organic,organic,organic,Organic_SEO,/product,728,desktop
SES_623929,USR_00432,2024-02-27 21:32:00,Meta_Facebook,facebook,cpc,FB_Retargeting,/product,221,mobile
SES_758784,USR_00433,2024-01-22 06:16:00,Email,email,email,Email_Retention,/blog,459,mobile
SES_559203,USR_00434,2024-03-15 07:48:00,LinkedIn,linkedin,cpc,LinkedIn_Lead,/about,876,mobile
SES_433910,USR_00434,2024-03-13 13:01:00,Email,email,email,Email_Retention,/pricing,264,tablet
SES_671052,USR_00434,2024-03-17 23:40:00,Organic,organic,organic,Organic_SEO,/about,442,tablet
SES_620580,USR_00434,2024-03-11 07:57:00,Meta_Facebook,,cpc,FB_Awareness,/about,560,mobile
SES_790917,USR_00434,2024-03-10 05:11:00,Meta_Facebook,facebook,cpc,FB_Retargeting,/product,674,desktop
SES_569009,USR_00435,2024-01-22 03:43:00,Organic,,organic,Organic_Direct,/pricing,444,tablet
SES_443295,USR_00435,2024-01-23 18:25:00,LinkedIn,,cpc,LinkedIn_B2B,/about,803,tablet
SES_668178,USR_00435,2024-01-21 09:50:00,TikTok,tiktok,cpc,TikTok_Promo,/blog,46,mobile
SES_854124,USR_00436,2024-01-10 19:45:00,LinkedIn,linkedin,cpc,LinkedIn_B2B,/checkout,286,tablet
SES_871148,USR_00436,2024-01-09 19:32:00,TikTok,tiktok,cpc,TikTok_Promo,/blog,674,mobile
SES_887663,USR_00437,2024-02-11 01:44:00,Meta_Facebook,facebook,cpc,FB_Awareness,/checkout,481,mobile
SES_665465,USR_00438,2024-01-26 21:11:00,Email,email,email,Email_Promo,/home,660,desktop
SES_758315,USR_00438,2024-01-27 21:29:00,Meta_Facebook,facebook,cpc,FB_Retargeting,/about,655,tablet
SES_557666,USR_00438,2024-01-30 16:31:00,Meta_Facebook,facebook,cpc,FB_Retargeting,/checkout,895,mobile
SES_433713,USR_00439,2024-02-13 21:33:00,Meta_Facebook,,cpc,FB_Awareness,/home,438,tablet
SES_131350,USR_00439,2024-02-12 21:57:00,TikTok,tiktok,cpc,TikTok_Video1,/signup,399,desktop
SES_393178,USR_00440,2024-03-25 17:11:00,TikTok,,cpc,TikTok_Video1,/signup,794,desktop
SES_722429,USR_00440,2024-03-25 12:12:00,Google_Search,google,cpc,GSearch_Brand,/product,391,tablet
SES_658579,USR_00440,2024-03-24 23:36:00,Google_Search,google,cpc,GSearch_Brand,/signup,305,desktop
SES_700408,USR_00440,2024-03-23 03:21:00,Email,email,email,Email_Welcome,/about,198,desktop
SES_286540,USR_00441,2024-02-13 10:24:00,Meta_Facebook,facebook,cpc,FB_Lookalike,/product,619,mobile
SES_819781,USR_00442,2024-03-19 11:06:00,Email,email,email,Email_Welcome,/product,546,mobile
SES_375617,USR_00442,2024-03-22 12:54:00,Meta_Facebook,facebook,cpc,FB_Retargeting,/blog,362,mobile
SES_303591,USR_00442,2024-03-21 09:40:00,LinkedIn,linkedin,cpc,LinkedIn_Lead,/blog,152,tablet
SES_272820,USR_00442,2024-03-17 01:12:00,Organic,organic,organic,Organic_SEO,/blog,883,tablet
SES_513695,USR_00443,2024-03-18 09:05:00,Google_Search,,cpc,GSearch_Brand,/pricing,330,desktop
SES_281938,USR_00443,2024-03-16 11:39:00,Meta_Facebook,facebook,cpc,FB_Lookalike,/product,867,desktop
SES_992924,USR_00443,2024-03-22 10:02:00,LinkedIn,linkedin,cpc,LinkedIn_B2B,/home,665,desktop
SES_578814,USR_00444,2024-01-18 12:39:00,Organic,,organic,Organic_SEO,/blog,154,tablet
SES_478521,USR_00444,2024-01-21 04:15:00,TikTok,tiktok,cpc,,/signup,556,tablet
SES_948708,USR_00445,2024-02-20 13:26:00,Google_Search,google,cpc,GSearch_Brand,/home,362,tablet
SES_275730,USR_00445,2024-02-20 04:31:00,LinkedIn,linkedin,cpc,LinkedIn_Lead,/checkout,375,tablet
SES_716899,USR_00445,2024-02-19 13:23:00,Organic,organic,organic,Organic_Direct,/signup,354,tablet
SES_224421,USR_00445,2024-02-18 02:51:00,Google_Search,google,cpc,GSearch_Brand,/checkout,468,desktop
SES_940561,USR_00445,2024-02-14 09:23:00,Google_Search,google,cpc,,/checkout,265,tablet
SES_172606,USR_00446,2024-01-13 06:00:00,Google_Search,google,cpc,GSearch_Brand,/pricing,378,desktop
SES_290997,USR_00446,2024-01-10 21:06:00,Meta_Facebook,facebook,cpc,FB_Awareness,/pricing,340,desktop
SES_623852,USR_00447,2024-03-14 22:59:00,Meta_Facebook,facebook,cpc,FB_Awareness,/product,463,desktop
SES_106674,USR_00447,2024-03-15 04:23:00,LinkedIn,linkedin,cpc,LinkedIn_Lead,/signup,557,tablet
SES_651370,USR_00447,2024-03-10 06:51:00,Organic,organic,organic,Organic_Direct,/signup,207,tablet
SES_736044,USR_00447,2024-03-09 04:56:00,LinkedIn,linkedin,cpc,LinkedIn_B2B,/signup,690,mobile
SES_194215,USR_00447,2024-03-12 16:15:00,TikTok,tiktok,cpc,,/about,298,desktop
SES_643876,USR_00448,2024-02-03 22:05:00,Meta_Facebook,facebook,cpc,FB_Awareness,/checkout,496,mobile
SES_480829,USR_00448,2024-01-29 17:40:00,Email,email,email,Email_Promo,/pricing,525,mobile
SES_996405,USR_00449,2024-01-20 21:47:00,Meta_Facebook,,cpc,FB_Awareness,/about,421,tablet
SES_853180,USR_00449,2024-01-23 14:07:00,LinkedIn,,cpc,LinkedIn_Lead,/checkout,510,mobile
SES_863681,USR_00449,2024-01-21 06:59:00,Meta_Facebook,facebook,cpc,FB_Retargeting,/blog,701,tablet
SES_704659,USR_00449,2024-01-22 18:58:00,Organic,organic,organic,Organic_SEO,/blog,249,tablet
SES_771463,USR_00450,2024-01-23 09:15:00,LinkedIn,linkedin,cpc,LinkedIn_Lead,/blog,593,mobile
SES_356399,USR_00450,2024-01-25 18:54:00,Email,email,email,Email_Promo,/blog,238,desktop
SES_872921,USR_00450,2024-01-26 23:56:00,Google_Search,google,cpc,GSearch_Brand,/about,254,mobile
SES_366229,USR_00450,2024-01-28 18:51:00,Google_Search,google,cpc,GSearch_Brand,/signup,540,tablet
SES_561522,USR_00451,2024-01-31 02:10:00,TikTok,,cpc,TikTok_Promo,/home,369,mobile
SES_442755,USR_00452,2024-03-07 04:37:00,LinkedIn,linkedin,cpc,LinkedIn_B2B,/blog,561,mobile
SES_931765,USR_00452,2024-03-02 11:25:00,Google_Search,google,cpc,GSearch_Competitor,/checkout,839,tablet
SES_897962,USR_00452,2024-02-29 17:31:00,Meta_Facebook,,cpc,,/blog,860,tablet
SES_816803,USR_00452,2024-03-07 06:44:00,Meta_Facebook,facebook,cpc,FB_Awareness,/checkout,769,tablet
SES_513501,USR_00452,2024-03-05 01:51:00,TikTok,tiktok,cpc,TikTok_Promo,/signup,798,mobile
SES_954246,USR_00453,2024-01-07 18:54:00,Organic,organic,organic,Organic_SEO,/signup,617,desktop
SES_320254,USR_00453,2024-01-04 23:36:00,Meta_Facebook,facebook,cpc,FB_Lookalike,/signup,125,mobile
SES_308498,USR_00454,2024-03-16 15:17:00,LinkedIn,linkedin,cpc,LinkedIn_Lead,/checkout,782,tablet
SES_592932,USR_00454,2024-03-17 02:13:00,Google_Search,google,cpc,GSearch_Brand,/checkout,637,desktop
SES_221173,USR_00455,2024-03-19 06:10:00,Google_Search,google,cpc,GSearch_Brand,/home,733,tablet
SES_882259,USR_00456,2024-02-29 21:05:00,LinkedIn,,cpc,LinkedIn_B2B,/home,145,desktop
SES_133467,USR_00456,2024-02-28 14:08:00,Google_Search,,cpc,GSearch_Brand,/checkout,381,tablet
SES_324488,USR_00456,2024-02-29 01:18:00,Organic,organic,organic,Organic_SEO,/blog,227,desktop
SES_782231,USR_00456,2024-02-28 21:51:00,Meta_Facebook,,cpc,FB_Awareness,/pricing,825,tablet
SES_816221,USR_00457,2024-01-24 12:40:00,Google_Search,google,cpc,GSearch_Brand,/blog,173,desktop
SES_117946,USR_00458,2024-03-19 18:12:00,Organic,organic,organic,Organic_SEO,/checkout,897,desktop
SES_325043,USR_00459,2024-02-19 22:42:00,Email,email,email,Email_Retention,/blog,640,desktop
SES_339980,USR_00459,2024-02-20 14:07:00,LinkedIn,linkedin,cpc,LinkedIn_Lead,/product,312,mobile
SES_899614,USR_00459,2024-02-24 04:13:00,Organic,organic,organic,Organic_Direct,/signup,57,desktop
SES_479398,USR_00460,2024-01-20 19:10:00,Google_Search,google,cpc,GSearch_Generic,/about,266,tablet
SES_189520,USR_00461,2024-02-05 13:27:00,Google_Search,,cpc,GSearch_Competitor,/signup,634,mobile
SES_212239,USR_00461,2024-02-11 10:20:00,Google_Search,google,cpc,GSearch_Brand,/pricing,192,tablet
SES_161496,USR_00461,2024-02-05 03:01:00,Google_Search,google,cpc,,/blog,401,desktop
SES_423233,USR_00461,2024-02-12 19:04:00,TikTok,tiktok,cpc,TikTok_Promo,/pricing,483,tablet
SES_982459,USR_00462,2024-02-21 03:08:00,Meta_Facebook,facebook,cpc,FB_Retargeting,/signup,859,desktop
SES_224266,USR_00462,2024-02-24 16:07:00,Meta_Facebook,,cpc,FB_Retargeting,/home,242,mobile
SES_194351,USR_00462,2024-02-23 15:10:00,TikTok,tiktok,cpc,TikTok_Video1,/about,558,mobile
SES_721540,USR_00463,2024-01-03 00:55:00,Email,email,email,Email_Retention,/checkout,140,desktop
SES_206604,USR_00463,2024-01-02 07:03:00,Meta_Facebook,facebook,cpc,FB_Retargeting,/about,759,mobile
SES_656473,USR_00463,2024-01-07 08:31:00,Google_Search,google,cpc,GSearch_Brand,/pricing,234,desktop
SES_290553,USR_00463,2024-01-04 11:34:00,Google_Search,,cpc,GSearch_Brand,/signup,570,tablet
SES_131125,USR_00463,2024-01-07 06:07:00,Meta_Facebook,facebook,cpc,FB_Awareness,/blog,35,desktop
SES_512744,USR_00464,2024-02-01 13:52:00,Google_Search,google,cpc,GSearch_Generic,/product,110,desktop
SES_133643,USR_00464,2024-01-27 01:17:00,Meta_Facebook,facebook,cpc,FB_Retargeting,/about,454,desktop
SES_153034,USR_00465,2024-02-14 14:37:00,TikTok,tiktok,cpc,TikTok_Video1,/about,712,desktop
SES_905592,USR_00466,2024-02-02 17:04:00,Google_Search,google,cpc,GSearch_Competitor,/signup,762,tablet
SES_922563,USR_00467,2024-03-14 05:02:00,Meta_Facebook,facebook,cpc,FB_Awareness,/pricing,655,tablet
SES_621043,USR_00467,2024-03-14 12:50:00,Email,email,email,Email_Promo,/blog,571,desktop
SES_226120,USR_00467,2024-03-17 13:24:00,TikTok,tiktok,cpc,TikTok_Video1,/blog,599,tablet
SES_151489,USR_00468,2024-01-20 15:30:00,Organic,organic,organic,Organic_SEO,/blog,302,mobile
SES_822347,USR_00468,2024-01-17 16:42:00,Email,email,email,Email_Promo,/blog,639,desktop
SES_962501,USR_00468,2024-01-15 08:10:00,Organic,organic,organic,Organic_Direct,/about,898,tablet
SES_985261,USR_00469,2024-01-07 05:06:00,Meta_Facebook,facebook,cpc,FB_Awareness,/home,450,mobile
SES_372096,USR_00469,2024-01-06 03:54:00,TikTok,tiktok,cpc,TikTok_Video1,/blog,848,mobile
SES_123501,USR_00470,2024-02-24 23:53:00,Organic,,organic,Organic_SEO,/blog,545,tablet
SES_673170,USR_00470,2024-02-21 12:57:00,Organic,organic,organic,Organic_SEO,/pricing,341,tablet
SES_344462,USR_00471,2024-01-22 18:28:00,Meta_Facebook,facebook,cpc,FB_Lookalike,/blog,412,desktop
SES_149096,USR_00471,2024-01-21 13:30:00,Meta_Facebook,facebook,cpc,FB_Retargeting,/pricing,514,tablet
SES_901751,USR_00472,2024-01-27 20:42:00,Meta_Facebook,facebook,cpc,FB_Retargeting,/home,191,tablet
SES_585867,USR_00473,2024-03-20 23:48:00,LinkedIn,linkedin,cpc,LinkedIn_Lead,/about,622,tablet
SES_340477,USR_00473,2024-03-23 22:07:00,TikTok,tiktok,cpc,TikTok_Video1,/pricing,839,mobile
SES_773528,USR_00473,2024-03-22 07:11:00,Google_Search,,cpc,GSearch_Generic,/about,320,tablet
SES_582596,USR_00473,2024-03-19 18:51:00,Meta_Facebook,facebook,cpc,FB_Lookalike,/signup,854,tablet
SES_739447,USR_00474,2024-01-28 12:24:00,TikTok,tiktok,cpc,TikTok_Promo,/blog,284,tablet
SES_427568,USR_00474,2024-01-28 04:04:00,Organic,,organic,Organic_Direct,/about,41,mobile
SES_708171,USR_00474,2024-01-29 07:52:00,Google_Search,google,cpc,GSearch_Brand,/checkout,446,desktop
SES_378835,USR_00474,2024-01-26 17:25:00,Google_Search,google,cpc,GSearch_Competitor,/blog,743,tablet
SES_258690,USR_00475,2024-03-19 16:28:00,Email,email,email,Email_Welcome,/blog,619,mobile
SES_969999,USR_00475,2024-03-25 03:37:00,Google_Search,,cpc,GSearch_Brand,/signup,772,mobile
SES_323707,USR_00476,2024-03-19 15:46:00,Organic,organic,organic,Organic_SEO,/about,30,desktop
SES_635868,USR_00476,2024-03-19 03:25:00,Organic,organic,organic,Organic_SEO,/pricing,828,tablet
SES_416762,USR_00476,2024-03-17 15:09:00,Organic,organic,organic,Organic_Direct,/pricing,157,tablet
SES_925961,USR_00477,2024-02-29 18:26:00,TikTok,tiktok,cpc,TikTok_Video1,/about,895,mobile
SES_701080,USR_00478,2024-03-03 17:40:00,LinkedIn,linkedin,cpc,LinkedIn_B2B,/home,589,tablet
SES_384686,USR_00478,2024-03-02 02:28:00,Email,email,email,Email_Promo,/pricing,453,tablet
SES_757027,USR_00478,2024-03-03 12:16:00,LinkedIn,linkedin,cpc,LinkedIn_Lead,/blog,462,tablet
SES_426752,USR_00478,2024-03-05 16:24:00,TikTok,tiktok,cpc,TikTok_Promo,/blog,349,tablet
SES_230145,USR_00479,2024-02-16 19:08:00,TikTok,tiktok,cpc,,/checkout,643,tablet
SES_828515,USR_00480,2024-01-15 01:22:00,Organic,organic,organic,Organic_SEO,/home,102,desktop
SES_663942,USR_00480,2024-01-09 17:51:00,Meta_Facebook,,cpc,FB_Awareness,/about,242,desktop
SES_443569,USR_00481,2024-02-07 11:38:00,Organic,organic,organic,Organic_SEO,/home,418,desktop
SES_946194,USR_00481,2024-02-01 04:19:00,Google_Search,google,cpc,GSearch_Competitor,/blog,624,desktop
SES_387280,USR_00481,2024-02-03 23:55:00,Google_Search,google,cpc,GSearch_Generic,/blog,658,desktop
SES_928902,USR_00482,2024-03-10 09:20:00,Google_Search,google,cpc,,/about,402,desktop
SES_423508,USR_00482,2024-03-11 10:14:00,Meta_Facebook,facebook,cpc,FB_Retargeting,/product,830,tablet
SES_937738,USR_00482,2024-03-04 12:56:00,Meta_Facebook,facebook,cpc,FB_Retargeting,/about,832,mobile
SES_515750,USR_00482,2024-03-06 20:21:00,LinkedIn,linkedin,cpc,LinkedIn_Lead,/blog,652,desktop
SES_283404,USR_00483,2024-01-07 04:18:00,TikTok,tiktok,cpc,TikTok_Promo,/product,810,desktop
SES_520726,USR_00483,2024-01-13 04:48:00,Organic,organic,organic,Organic_Direct,/pricing,657,mobile
SES_490604,USR_00484,2024-01-05 16:52:00,Google_Search,google,cpc,GSearch_Generic,/pricing,576,tablet
SES_115743,USR_00484,2024-01-10 03:30:00,Organic,organic,organic,Organic_SEO,/blog,558,desktop
SES_705908,USR_00484,2024-01-11 19:56:00,LinkedIn,linkedin,cpc,LinkedIn_B2B,/pricing,484,mobile
SES_272081,USR_00484,2024-01-08 20:51:00,Meta_Facebook,facebook,cpc,FB_Awareness,/about,107,mobile
SES_601976,USR_00485,2024-01-22 10:14:00,Google_Search,google,cpc,GSearch_Generic,/about,384,tablet
SES_486395,USR_00486,2024-02-19 08:32:00,Meta_Facebook,facebook,cpc,FB_Lookalike,/product,347,mobile
SES_479615,USR_00486,2024-02-20 08:03:00,TikTok,tiktok,cpc,TikTok_Video1,/home,722,desktop
SES_875702,USR_00486,2024-02-23 04:55:00,Meta_Facebook,facebook,cpc,FB_Lookalike,/product,895,mobile
SES_569184,USR_00486,2024-02-20 09:49:00,Google_Search,google,cpc,GSearch_Brand,/blog,659,tablet
SES_517484,USR_00486,2024-02-26 06:15:00,TikTok,tiktok,cpc,TikTok_Video1,/checkout,330,tablet
SES_959462,USR_00487,2024-03-05 02:57:00,Google_Search,google,cpc,GSearch_Competitor,/about,392,tablet
SES_922123,USR_00487,2024-03-03 12:15:00,TikTok,tiktok,cpc,TikTok_Video1,/signup,72,desktop
SES_970049,USR_00488,2024-01-25 04:17:00,Meta_Facebook,facebook,cpc,FB_Retargeting,/blog,264,desktop
SES_834008,USR_00488,2024-01-28 20:47:00,Email,,email,Email_Welcome,/home,557,mobile
SES_983488,USR_00488,2024-01-31 13:22:00,Meta_Facebook,facebook,cpc,FB_Awareness,/product,315,desktop
SES_661072,USR_00489,2024-02-20 11:44:00,Google_Search,google,cpc,GSearch_Brand,/home,516,tablet
SES_782529,USR_00489,2024-02-19 23:42:00,Meta_Facebook,facebook,cpc,FB_Awareness,/pricing,276,tablet
SES_367865,USR_00489,2024-02-17 17:47:00,Google_Search,google,cpc,GSearch_Generic,/about,853,tablet
SES_727940,USR_00490,2024-03-21 01:19:00,Organic,organic,organic,Organic_SEO,/pricing,522,tablet
SES_244210,USR_00490,2024-03-17 08:24:00,Email,email,email,Email_Welcome,/product,67,mobile
SES_972039,USR_00490,2024-03-21 17:41:00,LinkedIn,linkedin,cpc,LinkedIn_B2B,/product,636,desktop
SES_218205,USR_00490,2024-03-17 20:42:00,Meta_Facebook,facebook,cpc,FB_Retargeting,/blog,541,mobile
SES_280777,USR_00490,2024-03-21 16:55:00,Organic,organic,organic,Organic_SEO,/blog,80,tablet
SES_294106,USR_00491,2024-03-15 07:11:00,Google_Search,,cpc,GSearch_Brand,/home,46,mobile
SES_632596,USR_00491,2024-03-18 20:38:00,Meta_Facebook,facebook,cpc,FB_Lookalike,/checkout,601,tablet
SES_409824,USR_00491,2024-03-19 06:23:00,LinkedIn,,cpc,LinkedIn_B2B,/about,845,mobile
SES_434836,USR_00491,2024-03-16 20:15:00,Google_Search,google,cpc,GSearch_Competitor,/checkout,117,tablet
SES_997806,USR_00491,2024-03-12 17:41:00,LinkedIn,linkedin,cpc,LinkedIn_Lead,/product,229,desktop
SES_910648,USR_00492,2024-02-27 00:29:00,Email,,email,Email_Welcome,/signup,799,desktop
SES_716904,USR_00492,2024-02-24 12:28:00,Google_Search,google,cpc,GSearch_Generic,/signup,106,desktop
SES_800912,USR_00492,2024-02-22 12:27:00,Organic,organic,organic,Organic_SEO,/pricing,124,mobile
SES_335715,USR_00493,2024-02-25 09:00:00,Google_Search,google,cpc,GSearch_Brand,/signup,487,tablet
SES_648187,USR_00494,2024-01-19 19:00:00,TikTok,tiktok,cpc,TikTok_Promo,/pricing,821,tablet
SES_496278,USR_00494,2024-01-16 17:46:00,Meta_Facebook,facebook,cpc,FB_Awareness,/blog,608,tablet
SES_345450,USR_00494,2024-01-19 17:27:00,Google_Search,google,cpc,,/blog,598,tablet
SES_744208,USR_00495,2024-01-23 02:23:00,Meta_Facebook,facebook,cpc,FB_Awareness,/home,409,tablet
SES_495370,USR_00495,2024-01-22 00:44:00,Google_Search,google,cpc,GSearch_Generic,/blog,272,mobile
SES_475921,USR_00495,2024-01-16 14:54:00,Organic,organic,organic,Organic_SEO,/checkout,564,tablet
SES_106128,USR_00495,2024-01-18 18:23:00,Meta_Facebook,facebook,cpc,FB_Lookalike,/product,104,desktop
SES_610297,USR_00495,2024-01-21 14:18:00,Meta_Facebook,facebook,cpc,FB_Lookalike,/checkout,122,tablet
SES_805664,USR_00496,2024-03-07 20:35:00,Meta_Facebook,facebook,cpc,FB_Retargeting,/product,317,mobile
SES_732457,USR_00496,2024-03-09 15:21:00,Organic,organic,organic,Organic_Direct,/blog,631,mobile
SES_963300,USR_00497,2024-01-11 17:22:00,LinkedIn,linkedin,cpc,LinkedIn_Lead,/checkout,330,desktop
SES_232559,USR_00497,2024-01-14 00:54:00,Email,email,email,Email_Welcome,/blog,174,mobile
SES_869987,USR_00497,2024-01-12 01:04:00,Meta_Facebook,facebook,cpc,,/checkout,438,mobile
SES_242619,USR_00497,2024-01-12 08:54:00,Meta_Facebook,facebook,cpc,FB_Retargeting,/signup,511,mobile
SES_645438,USR_00498,2024-01-26 20:58:00,Email,,email,Email_Promo,/signup,559,mobile
SES_540071,USR_00498,2024-01-23 02:24:00,TikTok,tiktok,cpc,TikTok_Promo,/blog,843,desktop
SES_772640,USR_00498,2024-01-21 22:48:00,Meta_Facebook,facebook,cpc,FB_Retargeting,/home,123,mobile
SES_214512,USR_00498,2024-01-26 21:05:00,Organic,organic,organic,Organic_SEO,/pricing,220,desktop
SES_956624,USR_00498,2024-01-22 14:03:00,LinkedIn,linkedin,cpc,LinkedIn_B2B,/signup,613,mobile
SES_104827,USR_00499,2024-01-06 15:16:00,Meta_Facebook,facebook,cpc,FB_Lookalike,/checkout,879,tablet
SES_443124,USR_00499,2024-01-07 22:18:00,Email,email,email,Email_Retention,/product,860,tablet
SES_532144,USR_00500,2024-03-20 11:08:00,Meta_Facebook,facebook,cpc,FB_Awareness,/blog,293,desktop
SES_754736,USR_00500,2024-03-20 23:32:00,LinkedIn,linkedin,cpc,LinkedIn_Lead,/product,515,mobile
SES_448431,USR_00501,2024-03-10 01:09:00,Google_Search,google,cpc,,/pricing,823,tablet
SES_323698,USR_00501,2024-03-15 23:23:00,Google_Search,,cpc,GSearch_Brand,/about,292,tablet
SES_386270,USR_00501,2024-03-12 17:27:00,Meta_Facebook,facebook,cpc,FB_Retargeting,/home,793,desktop
SES_627832,USR_00502,2024-01-28 06:35:00,Organic,organic,organic,Organic_Direct,/pricing,211,desktop
SES_244598,USR_00502,2024-01-28 17:03:00,Meta_Facebook,facebook,cpc,FB_Awareness,/pricing,372,mobile
SES_570795,USR_00502,2024-02-01 19:21:00,Email,email,email,Email_Promo,/pricing,111,desktop
SES_722924,USR_00502,2024-01-31 01:34:00,Google_Search,google,cpc,GSearch_Competitor,/pricing,814,desktop
SES_729238,USR_00503,2024-01-13 03:56:00,TikTok,tiktok,cpc,TikTok_Promo,/product,132,mobile
SES_409258,USR_00504,2024-03-06 22:28:00,Google_Search,,cpc,GSearch_Competitor,/checkout,428,mobile
SES_957287,USR_00505,2024-01-22 08:44:00,Meta_Facebook,facebook,cpc,FB_Awareness,/home,728,mobile
SES_428987,USR_00505,2024-01-22 18:22:00,Email,email,email,Email_Retention,/signup,90,mobile
SES_291986,USR_00506,2024-02-23 11:51:00,Google_Search,google,cpc,GSearch_Brand,/checkout,732,tablet
SES_145954,USR_00506,2024-02-27 15:06:00,Meta_Facebook,facebook,cpc,FB_Awareness,/signup,483,tablet
SES_718541,USR_00507,2024-01-24 21:23:00,TikTok,tiktok,cpc,TikTok_Video1,/checkout,58,mobile
SES_326735,USR_00507,2024-01-18 09:49:00,Google_Search,google,cpc,GSearch_Generic,/checkout,42,mobile
SES_549218,USR_00508,2024-01-16 01:32:00,Google_Search,google,cpc,GSearch_Brand,/blog,745,desktop
SES_332135,USR_00508,2024-01-17 20:21:00,Google_Search,google,cpc,GSearch_Generic,/blog,661,mobile
SES_457006,USR_00508,2024-01-21 04:02:00,Meta_Facebook,facebook,cpc,FB_Retargeting,/pricing,427,mobile
SES_775414,USR_00508,2024-01-16 00:25:00,Google_Search,google,cpc,GSearch_Generic,/blog,468,tablet
SES_146230,USR_00508,2024-01-16 22:57:00,Google_Search,google,cpc,GSearch_Generic,/product,520,tablet
SES_493183,USR_00509,2024-01-20 07:01:00,TikTok,tiktok,cpc,TikTok_Promo,/home,432,desktop
SES_268485,USR_00509,2024-01-24 20:22:00,Meta_Facebook,facebook,cpc,,/signup,41,mobile
SES_510164,USR_00509,2024-01-24 05:18:00,Google_Search,google,cpc,GSearch_Generic,/home,500,tablet
SES_447110,USR_00510,2024-01-24 03:04:00,TikTok,tiktok,cpc,TikTok_Video1,/home,784,mobile
SES_356151,USR_00510,2024-01-24 00:40:00,TikTok,tiktok,cpc,,/signup,583,tablet
SES_222314,USR_00510,2024-01-30 02:24:00,Meta_Facebook,,cpc,FB_Retargeting,/about,484,mobile
SES_578715,USR_00511,2024-03-19 10:48:00,Google_Search,google,cpc,GSearch_Competitor,/blog,599,tablet
SES_722245,USR_00511,2024-03-26 23:37:00,Meta_Facebook,facebook,cpc,FB_Awareness,/signup,463,desktop
SES_287884,USR_00512,2024-02-20 00:56:00,Google_Search,google,cpc,GSearch_Brand,/checkout,174,desktop
SES_585875,USR_00512,2024-02-25 00:44:00,Meta_Facebook,,cpc,FB_Retargeting,/blog,159,mobile
SES_106416,USR_00513,2024-01-16 05:12:00,Email,email,email,Email_Welcome,/about,747,mobile
SES_649907,USR_00513,2024-01-16 03:33:00,TikTok,,cpc,TikTok_Video1,/blog,530,tablet
SES_627573,USR_00513,2024-01-15 13:13:00,TikTok,tiktok,cpc,TikTok_Video1,/blog,410,desktop
SES_593297,USR_00513,2024-01-16 05:45:00,LinkedIn,linkedin,cpc,LinkedIn_Lead,/checkout,126,desktop
SES_902777,USR_00514,2024-03-07 22:38:00,LinkedIn,linkedin,cpc,LinkedIn_Lead,/signup,251,mobile
SES_280751,USR_00514,2024-03-13 16:17:00,TikTok,tiktok,cpc,TikTok_Video1,/pricing,348,mobile
SES_270407,USR_00514,2024-03-08 00:03:00,Organic,organic,organic,Organic_SEO,/product,594,mobile
SES_241841,USR_00514,2024-03-11 21:09:00,Meta_Facebook,facebook,cpc,FB_Awareness,/home,288,mobile
SES_885704,USR_00514,2024-03-11 16:47:00,Google_Search,google,cpc,GSearch_Generic,/home,97,desktop
SES_233778,USR_00515,2024-03-17 01:40:00,LinkedIn,linkedin,cpc,LinkedIn_B2B,/product,81,desktop
SES_476622,USR_00515,2024-03-16 04:44:00,Google_Search,google,cpc,GSearch_Brand,/home,279,desktop
SES_149319,USR_00515,2024-03-17 13:16:00,Google_Search,google,cpc,GSearch_Brand,/about,231,mobile
SES_712957,USR_00516,2024-02-17 03:39:00,Organic,organic,organic,Organic_Direct,/blog,259,mobile
SES_819100,USR_00517,2024-01-05 23:04:00,Organic,organic,organic,Organic_SEO,/about,335,desktop
SES_376478,USR_00518,2024-01-08 07:53:00,TikTok,tiktok,cpc,TikTok_Video1,/checkout,584,desktop
SES_940390,USR_00518,2024-01-07 06:07:00,TikTok,tiktok,cpc,TikTok_Promo,/about,528,mobile
SES_537973,USR_00518,2024-01-06 12:29:00,Meta_Facebook,facebook,cpc,FB_Awareness,/signup,71,desktop
SES_512841,USR_00518,2024-01-09 11:23:00,LinkedIn,,cpc,LinkedIn_B2B,/home,340,tablet
SES_552445,USR_00518,2024-01-10 12:12:00,LinkedIn,linkedin,cpc,,/checkout,343,tablet
SES_575650,USR_00519,2024-02-04 06:08:00,Meta_Facebook,facebook,cpc,FB_Lookalike,/signup,202,desktop
SES_368148,USR_00519,2024-01-31 06:50:00,Meta_Facebook,,cpc,FB_Retargeting,/about,711,mobile
SES_638169,USR_00520,2024-03-17 20:56:00,Google_Search,google,cpc,GSearch_Brand,/home,576,tablet
SES_254684,USR_00520,2024-03-19 20:15:00,Organic,organic,organic,Organic_SEO,/checkout,348,tablet
SES_455294,USR_00520,2024-03-13 07:56:00,TikTok,tiktok,cpc,TikTok_Promo,/product,767,desktop
SES_373407,USR_00521,2024-01-29 06:52:00,TikTok,tiktok,cpc,TikTok_Promo,/home,858,tablet
SES_654698,USR_00521,2024-01-27 15:25:00,Google_Search,google,cpc,GSearch_Competitor,/home,412,tablet
SES_823338,USR_00521,2024-01-28 18:43:00,Meta_Facebook,facebook,cpc,FB_Lookalike,/pricing,541,desktop
SES_381281,USR_00521,2024-01-31 23:49:00,Meta_Facebook,facebook,cpc,FB_Awareness,/checkout,373,mobile
SES_505441,USR_00522,2024-02-06 23:38:00,Meta_Facebook,facebook,cpc,FB_Lookalike,/signup,544,desktop
SES_399421,USR_00522,2024-02-01 11:01:00,Meta_Facebook,facebook,cpc,FB_Lookalike,/blog,744,mobile
SES_294369,USR_00522,2024-02-05 12:38:00,Organic,organic,organic,Organic_Direct,/product,360,desktop
SES_351164,USR_00523,2024-02-24 00:29:00,Meta_Facebook,facebook,cpc,FB_Lookalike,/signup,312,mobile
SES_290413,USR_00523,2024-02-21 12:07:00,Meta_Facebook,facebook,cpc,FB_Awareness,/signup,322,mobile
SES_535637,USR_00523,2024-02-22 03:19:00,TikTok,tiktok,cpc,TikTok_Video1,/signup,354,desktop
SES_789738,USR_00523,2024-02-21 14:14:00,LinkedIn,linkedin,cpc,LinkedIn_B2B,/home,727,mobile
SES_656615,USR_00523,2024-02-18 11:58:00,Meta_Facebook,facebook,cpc,FB_Awareness,/product,175,mobile
SES_480368,USR_00524,2024-02-24 21:17:00,Google_Search,google,cpc,GSearch_Competitor,/checkout,210,desktop
SES_150970,USR_00525,2024-03-03 03:31:00,Google_Search,google,cpc,GSearch_Competitor,/product,688,mobile
SES_960205,USR_00525,2024-02-28 04:14:00,TikTok,tiktok,cpc,TikTok_Promo,/about,503,desktop
SES_304450,USR_00525,2024-03-01 14:00:00,TikTok,tiktok,cpc,TikTok_Promo,/home,315,mobile
SES_663095,USR_00525,2024-02-28 02:01:00,Organic,organic,organic,Organic_Direct,/pricing,363,tablet
SES_864923,USR_00525,2024-02-28 04:04:00,Google_Search,google,cpc,GSearch_Brand,/pricing,220,desktop
SES_825928,USR_00526,2024-01-26 03:49:00,Meta_Facebook,facebook,cpc,FB_Awareness,/product,811,desktop
SES_307739,USR_00526,2024-01-26 12:39:00,Meta_Facebook,facebook,cpc,FB_Retargeting,/pricing,389,tablet
SES_730123,USR_00526,2024-01-27 20:11:00,Meta_Facebook,facebook,cpc,FB_Lookalike,/blog,773,tablet
SES_745262,USR_00526,2024-02-01 11:52:00,LinkedIn,linkedin,cpc,LinkedIn_Lead,/signup,705,tablet
SES_337858,USR_00527,2024-02-02 22:39:00,Google_Search,google,cpc,GSearch_Competitor,/product,564,tablet
SES_968541,USR_00527,2024-02-02 07:50:00,Google_Search,google,cpc,GSearch_Generic,/pricing,260,mobile
SES_196089,USR_00528,2024-03-01 01:35:00,Google_Search,google,cpc,GSearch_Generic,/about,76,tablet
SES_630229,USR_00528,2024-02-26 05:53:00,Meta_Facebook,facebook,cpc,FB_Lookalike,/signup,234,desktop
SES_986384,USR_00529,2024-01-13 17:14:00,Meta_Facebook,facebook,cpc,FB_Retargeting,/blog,724,tablet
SES_660078,USR_00530,2024-01-19 08:49:00,TikTok,tiktok,cpc,TikTok_Promo,/about,519,mobile
SES_327216,USR_00530,2024-01-17 22:09:00,Meta_Facebook,facebook,cpc,FB_Lookalike,/product,195,tablet
SES_687426,USR_00531,2024-01-04 21:54:00,LinkedIn,linkedin,cpc,LinkedIn_Lead,/checkout,609,mobile
SES_960936,USR_00531,2024-01-05 19:21:00,Google_Search,google,cpc,GSearch_Generic,/product,410,tablet
SES_857134,USR_00531,2024-01-03 15:55:00,Organic,organic,organic,Organic_SEO,/signup,280,mobile
SES_389175,USR_00531,2024-01-04 03:52:00,Meta_Facebook,facebook,cpc,FB_Lookalike,/product,36,desktop
SES_784931,USR_00531,2024-01-08 17:20:00,Google_Search,google,cpc,GSearch_Competitor,/product,43,tablet
SES_796223,USR_00532,2024-02-04 12:14:00,Google_Search,,cpc,GSearch_Competitor,/blog,878,tablet
SES_479093,USR_00533,2024-02-22 10:16:00,Google_Search,google,cpc,GSearch_Competitor,/blog,104,mobile
SES_181257,USR_00533,2024-02-17 18:49:00,Meta_Facebook,facebook,cpc,FB_Lookalike,/checkout,380,desktop
SES_855914,USR_00533,2024-02-22 12:37:00,Google_Search,google,cpc,GSearch_Competitor,/product,635,desktop
SES_942455,USR_00533,2024-02-23 00:51:00,Meta_Facebook,facebook,cpc,FB_Lookalike,/product,48,desktop
SES_200761,USR_00534,2024-02-27 04:46:00,TikTok,tiktok,cpc,TikTok_Video1,/checkout,121,mobile
SES_550883,USR_00534,2024-02-29 19:25:00,Google_Search,google,cpc,GSearch_Brand,/about,574,tablet
SES_614378,USR_00535,2024-02-21 15:14:00,TikTok,tiktok,cpc,TikTok_Promo,/home,847,tablet
SES_582745,USR_00535,2024-02-23 10:44:00,Google_Search,google,cpc,GSearch_Competitor,/blog,573,tablet
SES_318108,USR_00535,2024-02-28 20:43:00,TikTok,tiktok,cpc,TikTok_Promo,/blog,745,tablet
SES_444788,USR_00535,2024-02-25 09:12:00,Google_Search,,cpc,GSearch_Competitor,/home,554,tablet
SES_172617,USR_00536,2024-02-14 11:53:00,Google_Search,,cpc,GSearch_Brand,/home,823,desktop
SES_578250,USR_00536,2024-02-19 09:30:00,Email,email,email,Email_Promo,/home,758,mobile
SES_671217,USR_00536,2024-02-12 21:48:00,Google_Search,google,cpc,GSearch_Competitor,/about,538,desktop
SES_193351,USR_00536,2024-02-16 13:52:00,TikTok,tiktok,cpc,TikTok_Promo,/product,424,desktop
SES_124173,USR_00536,2024-02-18 13:15:00,TikTok,tiktok,cpc,TikTok_Video1,/pricing,352,tablet
SES_547348,USR_00537,2024-03-04 19:11:00,Google_Search,google,cpc,GSearch_Competitor,/about,481,mobile
SES_829751,USR_00537,2024-03-02 12:14:00,Email,email,email,Email_Retention,/pricing,240,mobile
SES_654713,USR_00538,2024-03-23 05:29:00,LinkedIn,linkedin,cpc,LinkedIn_B2B,/about,720,mobile
SES_649999,USR_00538,2024-03-22 19:54:00,Google_Search,google,cpc,GSearch_Brand,/blog,890,tablet
SES_555736,USR_00538,2024-03-21 07:19:00,TikTok,tiktok,cpc,TikTok_Promo,/pricing,801,desktop
SES_227205,USR_00539,2024-02-02 12:36:00,LinkedIn,linkedin,cpc,LinkedIn_B2B,/blog,633,mobile
SES_337413,USR_00539,2024-02-01 18:56:00,Email,email,email,Email_Promo,/pricing,449,desktop
SES_279660,USR_00539,2024-01-29 04:14:00,Meta_Facebook,facebook,cpc,FB_Awareness,/home,637,desktop
SES_703580,USR_00540,2024-02-25 21:52:00,TikTok,tiktok,cpc,TikTok_Promo,/blog,687,tablet
SES_897178,USR_00540,2024-02-27 18:28:00,Google_Search,google,cpc,,/product,92,tablet
SES_415997,USR_00540,2024-02-25 16:22:00,Google_Search,google,cpc,GSearch_Generic,/product,323,tablet
SES_915525,USR_00540,2024-02-29 04:02:00,Meta_Facebook,facebook,cpc,FB_Lookalike,/product,40,mobile
SES_167201,USR_00540,2024-02-27 04:46:00,Google_Search,google,cpc,GSearch_Generic,/blog,258,tablet
SES_313951,USR_00541,2024-01-06 23:55:00,Email,email,email,Email_Promo,/about,371,desktop
SES_594249,USR_00542,2024-03-14 00:35:00,Google_Search,google,cpc,GSearch_Competitor,/about,855,mobile
SES_298340,USR_00542,2024-03-11 08:44:00,Organic,organic,organic,Organic_Direct,/pricing,436,desktop
SES_150392,USR_00542,2024-03-11 06:18:00,Google_Search,google,cpc,GSearch_Brand,/product,225,desktop
SES_378001,USR_00543,2024-01-18 13:13:00,Email,email,email,Email_Welcome,/checkout,140,mobile
SES_877468,USR_00543,2024-01-22 22:43:00,Google_Search,google,cpc,GSearch_Generic,/signup,703,desktop
SES_696724,USR_00544,2024-01-04 08:24:00,TikTok,tiktok,cpc,TikTok_Promo,/signup,626,mobile
SES_610966,USR_00544,2024-01-06 14:56:00,Email,,email,Email_Retention,/pricing,95,desktop
SES_161284,USR_00544,2024-01-08 04:14:00,Google_Search,google,cpc,GSearch_Brand,/blog,842,desktop
SES_509829,USR_00544,2024-01-04 10:11:00,Google_Search,google,cpc,GSearch_Competitor,/about,799,desktop
SES_931738,USR_00544,2024-01-06 07:00:00,Google_Search,google,cpc,GSearch_Brand,/product,46,mobile
SES_365959,USR_00545,2024-02-22 13:29:00,Google_Search,google,cpc,GSearch_Brand,/about,99,tablet
SES_955412,USR_00545,2024-02-22 00:28:00,TikTok,tiktok,cpc,TikTok_Promo,/signup,467,mobile
SES_884746,USR_00545,2024-02-28 01:11:00,TikTok,tiktok,cpc,TikTok_Promo,/pricing,687,desktop
SES_683143,USR_00546,2024-01-09 08:52:00,Organic,organic,organic,Organic_SEO,/about,204,mobile
SES_148933,USR_00546,2024-01-08 04:34:00,Google_Search,google,cpc,GSearch_Competitor,/pricing,499,mobile
SES_238834,USR_00547,2024-01-04 09:03:00,Meta_Facebook,facebook,cpc,FB_Retargeting,/pricing,89,desktop
SES_865090,USR_00547,2024-01-09 03:53:00,Organic,organic,organic,Organic_Direct,/about,687,tablet
SES_972839,USR_00547,2024-01-10 19:59:00,Meta_Facebook,facebook,cpc,FB_Lookalike,/signup,217,desktop
SES_562113,USR_00547,2024-01-03 04:50:00,Meta_Facebook,facebook,cpc,FB_Awareness,/checkout,510,tablet
SES_142051,USR_00547,2024-01-05 18:50:00,Meta_Facebook,facebook,cpc,FB_Retargeting,/checkout,381,desktop
SES_757667,USR_00548,2024-03-13 06:28:00,LinkedIn,linkedin,cpc,LinkedIn_B2B,/blog,817,mobile
SES_656705,USR_00548,2024-03-11 14:32:00,Google_Search,,cpc,,/home,271,tablet
SES_152425,USR_00548,2024-03-14 21:58:00,Organic,organic,organic,Organic_Direct,/home,495,mobile
SES_727325,USR_00548,2024-03-16 04:22:00,Google_Search,google,cpc,GSearch_Brand,/home,631,tablet
SES_214705,USR_00549,2024-02-07 15:06:00,Google_Search,google,cpc,GSearch_Generic,/product,209,mobile
SES_290618,USR_00549,2024-02-09 05:01:00,Organic,organic,organic,Organic_Direct,/pricing,326,mobile
SES_950299,USR_00549,2024-02-04 08:37:00,Google_Search,google,cpc,GSearch_Brand,/checkout,421,mobile
SES_312186,USR_00549,2024-02-05 09:18:00,LinkedIn,linkedin,cpc,LinkedIn_B2B,/pricing,483,mobile
SES_446652,USR_00549,2024-02-06 00:17:00,Meta_Facebook,facebook,cpc,FB_Awareness,/about,51,mobile
SES_428436,USR_00550,2024-02-23 06:50:00,LinkedIn,,cpc,LinkedIn_Lead,/checkout,488,desktop
SES_726768,USR_00551,2024-03-22 23:20:00,Meta_Facebook,facebook,cpc,FB_Awareness,/about,268,desktop
SES_267791,USR_00551,2024-03-22 11:36:00,Meta_Facebook,facebook,cpc,FB_Lookalike,/product,47,desktop
SES_733954,USR_00551,2024-03-21 04:01:00,Email,email,email,Email_Promo,/checkout,407,tablet
SES_905940,USR_00552,2024-01-24 13:13:00,Google_Search,google,cpc,GSearch_Generic,/home,185,tablet
SES_557065,USR_00552,2024-01-25 07:29:00,Meta_Facebook,facebook,cpc,FB_Awareness,/checkout,767,mobile
SES_451508,USR_00553,2024-01-27 21:16:00,TikTok,,cpc,TikTok_Video1,/blog,556,mobile
SES_664458,USR_00553,2024-01-28 01:02:00,Google_Search,google,cpc,GSearch_Brand,/pricing,617,tablet
SES_285367,USR_00553,2024-01-26 04:06:00,LinkedIn,,cpc,LinkedIn_B2B,/signup,207,mobile
SES_556592,USR_00553,2024-01-28 17:26:00,LinkedIn,linkedin,cpc,LinkedIn_B2B,/blog,541,desktop
SES_663330,USR_00554,2024-01-03 01:24:00,LinkedIn,linkedin,cpc,LinkedIn_B2B,/pricing,342,mobile
SES_622010,USR_00554,2024-01-02 14:40:00,Google_Search,google,cpc,GSearch_Generic,/blog,521,mobile
SES_395456,USR_00554,2024-01-07 12:47:00,Meta_Facebook,facebook,cpc,FB_Awareness,/pricing,823,tablet
SES_740171,USR_00555,2024-03-23 04:45:00,LinkedIn,linkedin,cpc,LinkedIn_B2B,/about,858,mobile
SES_271017,USR_00556,2024-01-13 19:16:00,Google_Search,google,cpc,,/blog,252,mobile
SES_568203,USR_00556,2024-01-14 04:52:00,LinkedIn,,cpc,LinkedIn_B2B,/signup,446,tablet
SES_308837,USR_00557,2024-03-21 03:47:00,TikTok,tiktok,cpc,TikTok_Video1,/blog,50,mobile
SES_881321,USR_00557,2024-03-20 05:45:00,Email,email,email,Email_Promo,/home,93,mobile
SES_515267,USR_00557,2024-03-22 06:55:00,Organic,organic,organic,Organic_SEO,/home,33,desktop
SES_346355,USR_00557,2024-03-17 17:45:00,Meta_Facebook,facebook,cpc,FB_Retargeting,/home,393,tablet
SES_741167,USR_00557,2024-03-19 01:03:00,Organic,organic,organic,Organic_SEO,/about,437,tablet
SES_682809,USR_00558,2024-01-28 06:56:00,LinkedIn,linkedin,cpc,LinkedIn_B2B,/signup,543,tablet
SES_883269,USR_00558,2024-01-27 02:32:00,TikTok,tiktok,cpc,TikTok_Video1,/pricing,680,mobile
SES_419504,USR_00558,2024-01-27 03:00:00,Google_Search,google,cpc,GSearch_Generic,/home,224,mobile
SES_805719,USR_00558,2024-01-23 17:54:00,Google_Search,google,cpc,GSearch_Brand,/blog,778,mobile
SES_901378,USR_00559,2024-01-31 23:44:00,LinkedIn,linkedin,cpc,LinkedIn_B2B,/home,445,desktop
SES_858489,USR_00559,2024-01-31 11:52:00,Meta_Facebook,,cpc,FB_Awareness,/blog,201,mobile
SES_233625,USR_00559,2024-01-25 14:38:00,Email,email,email,Email_Promo,/about,449,mobile
SES_774498,USR_00560,2024-03-06 07:34:00,Meta_Facebook,facebook,cpc,FB_Awareness,/checkout,336,desktop
SES_867436,USR_00560,2024-03-12 04:44:00,Google_Search,,cpc,GSearch_Competitor,/about,415,desktop
SES_969723,USR_00560,2024-03-11 03:08:00,Meta_Facebook,facebook,cpc,FB_Retargeting,/pricing,488,mobile
SES_386081,USR_00560,2024-03-09 21:27:00,TikTok,tiktok,cpc,TikTok_Video1,/checkout,681,mobile
SES_249652,USR_00561,2024-02-10 19:26:00,TikTok,tiktok,cpc,TikTok_Video1,/about,634,desktop
SES_680120,USR_00561,2024-02-09 19:29:00,LinkedIn,linkedin,cpc,LinkedIn_Lead,/pricing,732,tablet
SES_398033,USR_00561,2024-02-15 12:17:00,Google_Search,google,cpc,GSearch_Generic,/home,551,mobile
SES_644197,USR_00561,2024-02-12 20:21:00,Google_Search,google,cpc,GSearch_Generic,/product,438,tablet
SES_378104,USR_00562,2024-03-10 09:20:00,Organic,organic,organic,Organic_Direct,/home,841,tablet
SES_279203,USR_00562,2024-03-11 03:53:00,TikTok,tiktok,cpc,TikTok_Promo,/home,197,desktop
SES_731063,USR_00562,2024-03-11 01:01:00,Organic,organic,organic,Organic_SEO,/signup,587,mobile
SES_332196,USR_00562,2024-03-13 00:35:00,Meta_Facebook,facebook,cpc,FB_Lookalike,/blog,616,tablet
SES_954383,USR_00562,2024-03-12 17:35:00,Email,email,email,Email_Welcome,/product,663,tablet
SES_256633,USR_00563,2024-02-04 14:50:00,TikTok,tiktok,cpc,TikTok_Promo,/pricing,43,mobile
SES_811799,USR_00563,2024-02-03 12:06:00,Google_Search,google,cpc,GSearch_Competitor,/blog,827,tablet
SES_506221,USR_00563,2024-02-08 09:06:00,TikTok,tiktok,cpc,TikTok_Video1,/blog,297,tablet
SES_408480,USR_00563,2024-02-06 13:28:00,Email,email,email,Email_Retention,/blog,83,tablet
SES_136615,USR_00564,2024-01-04 00:07:00,Meta_Facebook,facebook,cpc,FB_Retargeting,/checkout,798,mobile
SES_409986,USR_00564,2024-01-09 09:16:00,Meta_Facebook,facebook,cpc,FB_Awareness,/product,645,tablet
SES_685761,USR_00564,2024-01-03 12:52:00,Meta_Facebook,facebook,cpc,FB_Lookalike,/pricing,198,desktop
SES_740975,USR_00564,2024-01-03 19:27:00,Meta_Facebook,facebook,cpc,FB_Retargeting,/signup,519,mobile
SES_347371,USR_00565,2024-02-26 06:59:00,Google_Search,google,cpc,,/checkout,693,tablet
SES_507683,USR_00565,2024-02-28 09:34:00,Meta_Facebook,facebook,cpc,FB_Retargeting,/pricing,731,desktop
SES_964120,USR_00565,2024-02-29 07:34:00,TikTok,tiktok,cpc,TikTok_Promo,/product,350,mobile
SES_835593,USR_00566,2024-01-13 19:03:00,Google_Search,google,cpc,GSearch_Competitor,/home,788,mobile
SES_171292,USR_00566,2024-01-17 22:49:00,Google_Search,google,cpc,GSearch_Brand,/about,272,tablet
SES_383849,USR_00566,2024-01-13 17:41:00,TikTok,tiktok,cpc,TikTok_Promo,/blog,779,mobile
SES_712846,USR_00566,2024-01-16 21:19:00,TikTok,tiktok,cpc,TikTok_Promo,/product,727,desktop
SES_188115,USR_00567,2024-02-11 14:04:00,Meta_Facebook,facebook,cpc,FB_Awareness,/home,374,mobile
SES_422181,USR_00567,2024-02-10 08:30:00,Meta_Facebook,,cpc,FB_Awareness,/product,813,desktop
SES_410165,USR_00568,2024-02-17 03:53:00,Google_Search,google,cpc,GSearch_Competitor,/signup,894,desktop
SES_581781,USR_00568,2024-02-16 06:16:00,Meta_Facebook,facebook,cpc,FB_Lookalike,/pricing,897,tablet
SES_230874,USR_00569,2024-01-10 16:13:00,Google_Search,google,cpc,GSearch_Competitor,/about,115,mobile
SES_291071,USR_00569,2024-01-08 13:59:00,Google_Search,google,cpc,GSearch_Competitor,/home,555,desktop
SES_603231,USR_00570,2024-03-11 17:30:00,Email,,email,Email_Retention,/product,39,desktop
SES_566794,USR_00570,2024-03-15 22:19:00,Google_Search,,cpc,GSearch_Competitor,/about,364,tablet
SES_636721,USR_00570,2024-03-12 01:06:00,Organic,organic,organic,Organic_SEO,/blog,608,mobile
SES_500048,USR_00570,2024-03-14 15:05:00,Meta_Facebook,facebook,cpc,FB_Lookalike,/checkout,520,desktop
SES_425469,USR_00570,2024-03-15 07:13:00,Organic,organic,organic,Organic_Direct,/signup,435,mobile
SES_458041,USR_00571,2024-03-22 01:39:00,Email,email,email,Email_Retention,/blog,618,tablet
SES_456813,USR_00571,2024-03-18 15:14:00,TikTok,,cpc,TikTok_Video1,/blog,47,tablet
SES_838482,USR_00571,2024-03-21 02:34:00,Email,email,email,Email_Retention,/blog,449,tablet
SES_871880,USR_00571,2024-03-22 16:49:00,Organic,organic,organic,Organic_SEO,/blog,334,tablet
SES_488953,USR_00571,2024-03-25 15:21:00,TikTok,tiktok,cpc,TikTok_Promo,/checkout,757,tablet
SES_250427,USR_00572,2024-03-09 02:28:00,Organic,organic,organic,Organic_SEO,/checkout,627,desktop
SES_737991,USR_00572,2024-03-08 14:57:00,Email,email,email,Email_Promo,/home,503,mobile
SES_444699,USR_00572,2024-03-12 03:50:00,LinkedIn,linkedin,cpc,LinkedIn_Lead,/pricing,843,mobile
SES_291076,USR_00573,2024-03-06 23:13:00,Meta_Facebook,facebook,cpc,FB_Lookalike,/checkout,60,mobile
SES_739374,USR_00573,2024-03-09 15:53:00,LinkedIn,linkedin,cpc,LinkedIn_B2B,/blog,111,desktop
SES_984694,USR_00573,2024-03-09 23:36:00,TikTok,tiktok,cpc,TikTok_Video1,/checkout,896,mobile
SES_687489,USR_00573,2024-03-05 13:59:00,Meta_Facebook,,cpc,FB_Awareness,/about,629,mobile
SES_121671,USR_00574,2024-02-18 23:29:00,TikTok,tiktok,cpc,TikTok_Promo,/checkout,42,tablet
SES_227441,USR_00574,2024-02-22 03:36:00,Google_Search,google,cpc,GSearch_Competitor,/product,836,tablet
SES_422304,USR_00575,2024-01-05 04:41:00,Organic,organic,organic,Organic_SEO,/signup,352,desktop
SES_661000,USR_00576,2024-02-07 03:54:00,Google_Search,google,cpc,GSearch_Brand,/blog,764,mobile
SES_316619,USR_00577,2024-02-11 12:04:00,Google_Search,google,cpc,GSearch_Brand,/pricing,743,tablet
SES_823734,USR_00578,2024-02-02 11:32:00,LinkedIn,linkedin,cpc,LinkedIn_B2B,/checkout,643,desktop
SES_107459,USR_00578,2024-01-30 20:21:00,Google_Search,google,cpc,GSearch_Brand,/blog,359,desktop
SES_782268,USR_00578,2024-01-28 10:55:00,Meta_Facebook,facebook,cpc,FB_Lookalike,/about,870,desktop
SES_221309,USR_00578,2024-01-30 03:24:00,TikTok,tiktok,cpc,TikTok_Video1,/pricing,282,desktop
SES_129541,USR_00579,2024-01-08 05:34:00,Email,email,email,Email_Welcome,/blog,461,tablet
SES_646559,USR_00579,2024-01-12 02:24:00,Meta_Facebook,facebook,cpc,FB_Lookalike,/signup,291,desktop
SES_209935,USR_00579,2024-01-07 19:44:00,Email,email,email,,/about,361,tablet
SES_378502,USR_00579,2024-01-09 01:23:00,Meta_Facebook,facebook,cpc,FB_Awareness,/home,68,mobile
SES_540085,USR_00579,2024-01-06 06:27:00,Google_Search,,cpc,GSearch_Brand,/product,551,mobile
SES_432386,USR_00580,2024-02-07 06:59:00,Meta_Facebook,facebook,cpc,FB_Awareness,/home,619,desktop
SES_791300,USR_00580,2024-02-03 19:40:00,Meta_Facebook,facebook,cpc,FB_Lookalike,/checkout,33,tablet
SES_743475,USR_00580,2024-02-05 16:29:00,Google_Search,google,cpc,GSearch_Competitor,/signup,306,desktop
SES_242380,USR_00581,2024-01-18 15:07:00,Email,email,email,Email_Promo,/about,302,mobile
SES_225638,USR_00581,2024-01-15 03:48:00,TikTok,tiktok,cpc,TikTok_Promo,/about,889,desktop
SES_168163,USR_00581,2024-01-15 16:31:00,Google_Search,google,cpc,GSearch_Brand,/product,591,desktop
SES_571342,USR_00582,2024-02-18 00:53:00,LinkedIn,linkedin,cpc,LinkedIn_B2B,/pricing,126,mobile
SES_637553,USR_00582,2024-02-15 20:55:00,TikTok,tiktok,cpc,TikTok_Video1,/about,53,mobile
SES_141438,USR_00582,2024-02-17 08:04:00,Meta_Facebook,facebook,cpc,FB_Lookalike,/checkout,897,mobile
SES_572079,USR_00582,2024-02-18 14:08:00,Email,,email,Email_Retention,/home,304,desktop
SES_385329,USR_00583,2024-01-03 03:36:00,LinkedIn,linkedin,cpc,LinkedIn_Lead,/product,193,desktop
SES_765103,USR_00584,2024-02-01 04:09:00,Google_Search,google,cpc,GSearch_Generic,/signup,313,tablet
SES_880569,USR_00584,2024-02-07 12:16:00,Google_Search,google,cpc,GSearch_Competitor,/signup,618,desktop
SES_413049,USR_00584,2024-02-03 04:11:00,Google_Search,,cpc,GSearch_Generic,/pricing,44,desktop
SES_301765,USR_00585,2024-01-29 09:24:00,Google_Search,google,cpc,GSearch_Competitor,/blog,471,mobile
SES_570444,USR_00585,2024-01-29 22:41:00,Google_Search,,cpc,GSearch_Generic,/product,87,mobile
SES_856486,USR_00586,2024-01-10 04:04:00,LinkedIn,linkedin,cpc,LinkedIn_B2B,/blog,399,mobile
SES_162843,USR_00587,2024-03-10 03:31:00,Google_Search,google,cpc,GSearch_Generic,/product,169,desktop
SES_298712,USR_00587,2024-03-10 01:41:00,Google_Search,google,cpc,GSearch_Generic,/about,205,mobile
SES_879348,USR_00587,2024-03-11 16:30:00,Google_Search,google,cpc,GSearch_Competitor,/home,700,desktop
SES_431573,USR_00587,2024-03-17 22:49:00,Google_Search,,cpc,GSearch_Brand,/pricing,791,desktop
SES_369311,USR_00588,2024-03-05 09:15:00,TikTok,tiktok,cpc,,/about,85,mobile
SES_779420,USR_00589,2024-02-12 12:00:00,Email,email,email,Email_Welcome,/product,380,mobile
SES_868153,USR_00589,2024-02-11 21:46:00,Organic,organic,organic,Organic_Direct,/home,627,desktop
SES_291503,USR_00590,2024-03-05 13:41:00,Email,email,email,Email_Promo,/checkout,391,desktop
SES_588236,USR_00590,2024-02-28 19:52:00,Google_Search,google,cpc,GSearch_Brand,/pricing,767,tablet
SES_825658,USR_00590,2024-02-27 11:37:00,Organic,organic,organic,Organic_SEO,/blog,389,mobile
SES_663110,USR_00591,2024-01-07 18:59:00,Google_Search,google,cpc,GSearch_Competitor,/signup,123,mobile
SES_868089,USR_00591,2024-01-11 19:51:00,Meta_Facebook,facebook,cpc,FB_Lookalike,/blog,453,desktop
SES_161643,USR_00591,2024-01-12 00:32:00,TikTok,tiktok,cpc,TikTok_Promo,/blog,305,desktop
SES_789280,USR_00591,2024-01-12 17:05:00,Google_Search,google,cpc,GSearch_Competitor,/blog,142,tablet
SES_152797,USR_00592,2024-03-07 12:36:00,TikTok,,cpc,TikTok_Video1,/checkout,773,tablet
SES_382083,USR_00593,2024-02-22 16:27:00,Email,email,email,Email_Promo,/pricing,489,mobile
SES_387646,USR_00593,2024-02-22 13:11:00,Google_Search,google,cpc,GSearch_Competitor,/product,761,mobile
SES_255592,USR_00594,2024-01-11 00:22:00,Google_Search,google,cpc,GSearch_Competitor,/pricing,31,mobile
SES_360746,USR_00594,2024-01-12 09:47:00,Google_Search,,cpc,GSearch_Brand,/checkout,442,desktop
SES_915944,USR_00595,2024-03-17 18:05:00,TikTok,tiktok,cpc,TikTok_Video1,/home,288,mobile
SES_196831,USR_00595,2024-03-22 12:36:00,LinkedIn,linkedin,cpc,LinkedIn_B2B,/signup,789,tablet
SES_710242,USR_00596,2024-02-02 21:34:00,TikTok,tiktok,cpc,TikTok_Video1,/signup,621,tablet
SES_868664,USR_00596,2024-02-07 10:19:00,LinkedIn,linkedin,cpc,LinkedIn_B2B,/blog,892,mobile
SES_725711,USR_00597,2024-03-02 18:32:00,Organic,organic,organic,Organic_Direct,/pricing,730,mobile
SES_567318,USR_00597,2024-02-27 02:59:00,Meta_Facebook,facebook,cpc,FB_Retargeting,/home,565,mobile
SES_371725,USR_00597,2024-02-29 10:32:00,Google_Search,google,cpc,GSearch_Competitor,/product,807,tablet
SES_989050,USR_00597,2024-02-28 21:00:00,Google_Search,google,cpc,GSearch_Brand,/home,401,mobile
SES_437276,USR_00597,2024-02-29 12:36:00,LinkedIn,linkedin,cpc,,/blog,641,desktop
SES_200129,USR_00598,2024-03-19 01:35:00,Email,email,email,Email_Promo,/product,303,tablet
SES_822173,USR_00598,2024-03-15 16:09:00,Email,email,email,Email_Retention,/product,698,mobile
SES_510079,USR_00598,2024-03-22 04:02:00,TikTok,tiktok,cpc,TikTok_Promo,/blog,384,tablet
SES_475926,USR_00599,2024-03-08 20:12:00,TikTok,tiktok,cpc,TikTok_Video1,/about,349,mobile
SES_909070,USR_00600,2024-02-21 17:08:00,Google_Search,,cpc,GSearch_Generic,/blog,748,desktop
SES_285272,USR_00600,2024-02-15 20:20:00,Meta_Facebook,facebook,cpc,FB_Awareness,/pricing,608,mobile
SES_158071,USR_00601,2024-02-21 08:27:00,Email,email,email,Email_Welcome,/about,54,mobile
SES_131063,USR_00601,2024-02-21 02:46:00,Google_Search,google,cpc,GSearch_Brand,/checkout,209,mobile
SES_130791,USR_00601,2024-02-22 20:57:00,TikTok,,cpc,TikTok_Promo,/pricing,575,tablet
SES_954481,USR_00602,2024-01-09 23:58:00,LinkedIn,linkedin,cpc,LinkedIn_Lead,/signup,294,desktop
SES_561170,USR_00602,2024-01-08 13:14:00,LinkedIn,linkedin,cpc,LinkedIn_Lead,/signup,679,desktop
SES_348090,USR_00602,2024-01-08 00:23:00,Email,email,email,Email_Welcome,/about,766,tablet
SES_542347,USR_00603,2024-02-16 02:31:00,Email,email,email,Email_Promo,/about,577,mobile
SES_581136,USR_00603,2024-02-11 21:11:00,Organic,organic,organic,Organic_SEO,/about,493,mobile
SES_921215,USR_00604,2024-02-26 12:09:00,LinkedIn,linkedin,cpc,LinkedIn_Lead,/signup,163,desktop
SES_672289,USR_00604,2024-02-21 14:32:00,Organic,organic,organic,Organic_Direct,/signup,894,desktop
SES_770157,USR_00604,2024-02-24 06:23:00,Meta_Facebook,facebook,cpc,FB_Retargeting,/home,67,desktop
SES_415974,USR_00604,2024-02-21 04:08:00,Email,email,email,Email_Promo,/product,350,desktop
SES_890521,USR_00604,2024-02-23 12:35:00,Meta_Facebook,facebook,cpc,FB_Lookalike,/product,143,mobile
SES_474254,USR_00605,2024-02-19 08:36:00,Email,email,email,Email_Retention,/signup,206,mobile
SES_844758,USR_00606,2024-02-09 19:31:00,TikTok,tiktok,cpc,TikTok_Video1,/signup,230,tablet
SES_549875,USR_00606,2024-02-06 07:19:00,Meta_Facebook,facebook,cpc,FB_Lookalike,/product,375,tablet
SES_653894,USR_00606,2024-02-09 16:17:00,Meta_Facebook,facebook,cpc,FB_Awareness,/blog,850,desktop
SES_464187,USR_00606,2024-02-05 03:52:00,Organic,organic,organic,Organic_Direct,/home,74,mobile
SES_861483,USR_00607,2024-01-26 05:15:00,Meta_Facebook,facebook,cpc,FB_Awareness,/signup,60,mobile
SES_620797,USR_00608,2024-01-11 04:06:00,TikTok,,cpc,TikTok_Promo,/checkout,777,tablet
SES_832815,USR_00608,2024-01-13 06:06:00,Google_Search,google,cpc,GSearch_Brand,/blog,487,tablet
SES_412280,USR_00608,2024-01-07 15:52:00,Google_Search,,cpc,,/home,276,mobile
SES_147801,USR_00608,2024-01-14 23:06:00,LinkedIn,linkedin,cpc,LinkedIn_Lead,/checkout,805,desktop
SES_986467,USR_00609,2024-02-15 20:29:00,LinkedIn,,cpc,LinkedIn_Lead,/signup,566,desktop
SES_457277,USR_00609,2024-02-20 07:21:00,Organic,,organic,Organic_SEO,/blog,199,tablet
SES_244285,USR_00610,2024-01-10 14:38:00,Organic,organic,organic,,/signup,87,tablet
SES_636855,USR_00611,2024-03-01 03:49:00,Organic,organic,organic,Organic_SEO,/blog,511,mobile
SES_764527,USR_00611,2024-03-02 12:16:00,Email,email,email,Email_Retention,/about,532,mobile
SES_686844,USR_00612,2024-02-02 03:57:00,Meta_Facebook,,cpc,FB_Retargeting,/home,216,desktop
SES_624813,USR_00612,2024-01-26 01:00:00,TikTok,tiktok,cpc,TikTok_Promo,/product,696,desktop
SES_295268,USR_00612,2024-01-30 05:52:00,Google_Search,google,cpc,GSearch_Brand,/home,430,tablet
SES_678275,USR_00612,2024-01-26 11:54:00,LinkedIn,linkedin,cpc,LinkedIn_Lead,/about,295,desktop
SES_558155,USR_00612,2024-02-02 19:44:00,Google_Search,google,cpc,GSearch_Generic,/home,281,tablet
SES_412676,USR_00613,2024-01-20 04:24:00,Meta_Facebook,facebook,cpc,FB_Awareness,/home,34,desktop
SES_952880,USR_00613,2024-01-19 20:33:00,Google_Search,,cpc,GSearch_Generic,/signup,294,mobile
SES_664336,USR_00613,2024-01-23 07:36:00,Email,email,email,Email_Retention,/product,325,tablet
SES_545735,USR_00614,2024-03-06 19:51:00,Google_Search,google,cpc,GSearch_Brand,/signup,106,mobile
SES_174730,USR_00614,2024-03-10 12:30:00,Email,email,email,Email_Welcome,/checkout,403,tablet
SES_800183,USR_00614,2024-03-11 19:55:00,TikTok,tiktok,cpc,TikTok_Promo,/pricing,268,desktop
SES_389550,USR_00615,2024-01-13 15:26:00,Google_Search,google,cpc,GSearch_Brand,/pricing,817,mobile
SES_228219,USR_00615,2024-01-19 10:30:00,Meta_Facebook,facebook,cpc,FB_Awareness,/product,595,desktop
SES_570852,USR_00615,2024-01-17 15:21:00,LinkedIn,linkedin,cpc,LinkedIn_B2B,/signup,130,mobile
SES_372207,USR_00615,2024-01-15 04:24:00,TikTok,tiktok,cpc,TikTok_Promo,/signup,684,mobile
SES_924985,USR_00615,2024-01-19 09:27:00,Google_Search,google,cpc,GSearch_Competitor,/signup,785,desktop
SES_128643,USR_00616,2024-03-02 14:13:00,Meta_Facebook,facebook,cpc,FB_Retargeting,/home,876,tablet
SES_604034,USR_00616,2024-03-02 17:41:00,Google_Search,google,cpc,GSearch_Generic,/signup,265,desktop
SES_655825,USR_00616,2024-02-24 00:49:00,Google_Search,google,cpc,GSearch_Generic,/product,482,desktop
SES_281150,USR_00617,2024-02-13 10:16:00,LinkedIn,linkedin,cpc,LinkedIn_B2B,/signup,799,desktop
SES_147912,USR_00618,2024-02-23 14:26:00,Email,email,email,Email_Welcome,/about,286,mobile
SES_170881,USR_00618,2024-02-21 22:13:00,Meta_Facebook,facebook,cpc,FB_Lookalike,/pricing,243,tablet
SES_328472,USR_00618,2024-02-27 16:27:00,Meta_Facebook,facebook,cpc,FB_Awareness,/checkout,546,desktop
SES_642126,USR_00618,2024-02-21 16:25:00,Meta_Facebook,facebook,cpc,FB_Awareness,/blog,725,mobile
SES_372323,USR_00618,2024-02-23 00:22:00,Google_Search,google,cpc,GSearch_Generic,/signup,56,tablet
SES_443274,USR_00619,2024-03-20 19:54:00,Meta_Facebook,facebook,cpc,FB_Awareness,/about,469,desktop
SES_572102,USR_00619,2024-03-18 01:47:00,Meta_Facebook,facebook,cpc,FB_Awareness,/about,542,tablet
SES_991854,USR_00619,2024-03-25 02:37:00,Meta_Facebook,facebook,cpc,FB_Lookalike,/checkout,58,mobile
SES_885990,USR_00619,2024-03-22 04:29:00,Google_Search,google,cpc,GSearch_Brand,/checkout,241,mobile
SES_208304,USR_00619,2024-03-18 03:48:00,LinkedIn,linkedin,cpc,LinkedIn_B2B,/home,885,desktop
SES_917299,USR_00620,2024-03-09 09:10:00,TikTok,tiktok,cpc,TikTok_Promo,/blog,586,desktop
SES_133954,USR_00620,2024-03-04 11:11:00,Google_Search,google,cpc,GSearch_Competitor,/home,885,desktop
SES_883157,USR_00620,2024-03-03 13:36:00,Google_Search,google,cpc,GSearch_Brand,/signup,592,mobile
SES_542816,USR_00621,2024-02-06 17:01:00,TikTok,tiktok,cpc,TikTok_Promo,/signup,103,desktop
SES_916350,USR_00622,2024-01-06 01:56:00,Email,email,email,Email_Welcome,/pricing,731,mobile
SES_581126,USR_00622,2024-01-03 05:16:00,Google_Search,google,cpc,GSearch_Brand,/pricing,415,tablet
SES_565149,USR_00622,2024-01-06 13:15:00,Email,email,email,Email_Promo,/blog,35,tablet
SES_440888,USR_00622,2024-01-06 08:03:00,Organic,organic,organic,Organic_SEO,/product,388,tablet
SES_233400,USR_00623,2024-03-16 14:44:00,Google_Search,google,cpc,GSearch_Competitor,/product,806,desktop
SES_962187,USR_00623,2024-03-13 12:14:00,Meta_Facebook,facebook,cpc,FB_Retargeting,/pricing,697,mobile
SES_853429,USR_00623,2024-03-15 13:28:00,Organic,,organic,Organic_Direct,/about,691,desktop
SES_315386,USR_00623,2024-03-13 18:31:00,Meta_Facebook,facebook,cpc,FB_Retargeting,/pricing,668,tablet
SES_555972,USR_00623,2024-03-16 09:52:00,Google_Search,,cpc,GSearch_Competitor,/home,458,tablet
SES_797415,USR_00624,2024-02-22 22:59:00,Email,email,email,Email_Welcome,/home,608,mobile
SES_413831,USR_00624,2024-02-16 07:39:00,Google_Search,google,cpc,GSearch_Brand,/home,316,desktop
SES_301775,USR_00624,2024-02-16 07:13:00,TikTok,tiktok,cpc,TikTok_Video1,/product,36,mobile
SES_783646,USR_00624,2024-02-19 10:22:00,Meta_Facebook,facebook,cpc,FB_Retargeting,/signup,90,mobile
SES_996864,USR_00625,2024-02-03 12:37:00,Google_Search,google,cpc,,/blog,862,tablet
SES_357533,USR_00625,2024-02-02 06:56:00,TikTok,tiktok,cpc,TikTok_Video1,/product,331,mobile
SES_127946,USR_00625,2024-02-04 11:36:00,Organic,organic,organic,Organic_Direct,/checkout,788,tablet
SES_707951,USR_00625,2024-02-01 01:28:00,Google_Search,google,cpc,GSearch_Generic,/signup,371,tablet
SES_159183,USR_00625,2024-02-04 03:09:00,Meta_Facebook,facebook,cpc,FB_Awareness,/product,538,desktop
SES_115610,USR_00626,2024-01-17 12:11:00,Meta_Facebook,facebook,cpc,FB_Awareness,/blog,823,desktop
SES_202539,USR_00626,2024-01-11 18:08:00,TikTok,tiktok,cpc,TikTok_Promo,/product,435,desktop
SES_544126,USR_00627,2024-01-31 08:30:00,Meta_Facebook,facebook,cpc,FB_Retargeting,/pricing,184,tablet
SES_126638,USR_00628,2024-03-27 19:27:00,Google_Search,google,cpc,GSearch_Brand,/home,489,mobile
SES_658939,USR_00628,2024-03-21 08:20:00,Google_Search,google,cpc,GSearch_Competitor,/signup,170,desktop
SES_341457,USR_00628,2024-03-21 10:22:00,Google_Search,google,cpc,GSearch_Competitor,/home,355,mobile
SES_414061,USR_00628,2024-03-25 07:42:00,Google_Search,google,cpc,GSearch_Brand,/signup,80,tablet
SES_588780,USR_00628,2024-03-28 19:08:00,Meta_Facebook,facebook,cpc,FB_Awareness,/pricing,739,tablet
SES_936653,USR_00629,2024-01-19 21:20:00,Organic,organic,organic,Organic_SEO,/checkout,582,mobile
SES_616568,USR_00629,2024-01-19 01:27:00,LinkedIn,linkedin,cpc,LinkedIn_B2B,/about,679,desktop
SES_685304,USR_00629,2024-01-20 13:22:00,Organic,organic,organic,Organic_SEO,/home,396,tablet
SES_388292,USR_00630,2024-01-27 01:56:00,Meta_Facebook,facebook,cpc,FB_Awareness,/blog,371,tablet
SES_833448,USR_00631,2024-02-18 13:45:00,Email,email,email,Email_Retention,/signup,519,mobile
SES_605681,USR_00631,2024-02-21 04:42:00,LinkedIn,linkedin,cpc,LinkedIn_B2B,/blog,827,mobile
SES_434372,USR_00631,2024-02-20 23:23:00,Meta_Facebook,facebook,cpc,FB_Retargeting,/home,834,tablet
SES_109041,USR_00631,2024-02-21 03:34:00,Google_Search,google,cpc,GSearch_Brand,/product,391,tablet
SES_297869,USR_00631,2024-02-21 18:48:00,Google_Search,google,cpc,GSearch_Generic,/pricing,214,tablet
SES_697406,USR_00632,2024-01-14 18:11:00,LinkedIn,linkedin,cpc,LinkedIn_B2B,/blog,41,mobile
SES_517859,USR_00633,2024-02-29 00:16:00,Google_Search,google,cpc,GSearch_Competitor,/signup,380,mobile
SES_778445,USR_00633,2024-02-28 01:01:00,Meta_Facebook,,cpc,FB_Retargeting,/checkout,267,tablet
SES_900079,USR_00633,2024-02-24 06:34:00,Google_Search,google,cpc,GSearch_Brand,/blog,211,mobile
SES_332986,USR_00633,2024-02-25 12:54:00,Google_Search,,cpc,GSearch_Generic,/home,741,mobile
SES_435933,USR_00633,2024-02-29 12:17:00,Organic,organic,organic,Organic_SEO,/about,143,tablet
SES_651259,USR_00634,2024-01-15 22:22:00,Organic,organic,organic,Organic_SEO,/home,45,tablet
SES_566294,USR_00634,2024-01-13 13:42:00,Google_Search,google,cpc,GSearch_Brand,/product,258,tablet
SES_774144,USR_00634,2024-01-09 19:16:00,Google_Search,google,cpc,GSearch_Brand,/pricing,759,mobile
SES_389429,USR_00634,2024-01-14 09:07:00,Google_Search,google,cpc,GSearch_Brand,/checkout,231,desktop
SES_540636,USR_00635,2024-03-07 01:27:00,TikTok,tiktok,cpc,TikTok_Promo,/signup,739,mobile
SES_390920,USR_00635,2024-03-04 13:51:00,TikTok,tiktok,cpc,,/home,514,desktop
SES_745394,USR_00636,2024-01-20 18:12:00,Google_Search,google,cpc,GSearch_Brand,/product,336,tablet
SES_422596,USR_00636,2024-01-15 08:49:00,Google_Search,google,cpc,GSearch_Brand,/pricing,109,desktop
SES_305909,USR_00636,2024-01-15 16:52:00,Google_Search,google,cpc,GSearch_Generic,/about,616,desktop
SES_336343,USR_00637,2024-03-13 12:53:00,Google_Search,google,cpc,GSearch_Generic,/signup,170,desktop
SES_869594,USR_00637,2024-03-13 22:17:00,Google_Search,google,cpc,GSearch_Generic,/home,698,mobile
SES_428154,USR_00637,2024-03-13 15:47:00,TikTok,tiktok,cpc,TikTok_Video1,/pricing,208,mobile
SES_116780,USR_00637,2024-03-19 01:37:00,LinkedIn,linkedin,cpc,LinkedIn_B2B,/signup,255,desktop
SES_765941,USR_00638,2024-01-14 13:47:00,TikTok,tiktok,cpc,TikTok_Video1,/home,330,mobile
SES_153717,USR_00638,2024-01-17 12:46:00,Meta_Facebook,facebook,cpc,FB_Awareness,/about,114,tablet
SES_534208,USR_00638,2024-01-17 14:08:00,Email,email,email,Email_Promo,/checkout,427,mobile
SES_827718,USR_00638,2024-01-16 02:33:00,TikTok,tiktok,cpc,TikTok_Video1,/pricing,866,tablet
SES_275046,USR_00638,2024-01-10 18:53:00,Organic,organic,organic,Organic_SEO,/home,41,tablet
SES_480990,USR_00639,2024-02-12 13:48:00,TikTok,,cpc,TikTok_Promo,/about,64,desktop
SES_720903,USR_00639,2024-02-12 16:15:00,Google_Search,google,cpc,GSearch_Brand,/product,57,desktop
SES_834887,USR_00639,2024-02-19 03:35:00,TikTok,,cpc,TikTok_Video1,/product,217,tablet
SES_913801,USR_00640,2024-02-29 02:39:00,Email,email,email,Email_Promo,/home,819,tablet
SES_896841,USR_00640,2024-03-01 10:43:00,Meta_Facebook,facebook,cpc,FB_Awareness,/blog,857,mobile
SES_830202,USR_00641,2024-03-04 16:44:00,TikTok,tiktok,cpc,TikTok_Video1,/blog,898,tablet
SES_768656,USR_00641,2024-03-08 10:54:00,Organic,organic,organic,Organic_SEO,/home,894,tablet
SES_161533,USR_00641,2024-03-05 08:41:00,TikTok,tiktok,cpc,TikTok_Video1,/signup,604,desktop
SES_526911,USR_00641,2024-03-02 12:13:00,Meta_Facebook,facebook,cpc,FB_Lookalike,/product,889,mobile
SES_708401,USR_00642,2024-02-23 18:11:00,TikTok,tiktok,cpc,TikTok_Video1,/signup,887,tablet
SES_906841,USR_00643,2024-01-13 06:49:00,Meta_Facebook,facebook,cpc,FB_Awareness,/signup,268,desktop
SES_422920,USR_00643,2024-01-12 19:16:00,Meta_Facebook,facebook,cpc,FB_Retargeting,/product,444,tablet
SES_820333,USR_00643,2024-01-15 21:15:00,Google_Search,google,cpc,GSearch_Brand,/home,720,mobile
SES_395988,USR_00643,2024-01-16 11:49:00,Meta_Facebook,facebook,cpc,,/blog,655,desktop
SES_456493,USR_00643,2024-01-18 17:28:00,Google_Search,google,cpc,GSearch_Generic,/product,32,desktop
SES_878566,USR_00644,2024-03-20 08:42:00,Organic,organic,organic,Organic_Direct,/signup,281,mobile
SES_534409,USR_00644,2024-03-20 15:32:00,LinkedIn,linkedin,cpc,LinkedIn_B2B,/signup,35,desktop
SES_460437,USR_00644,2024-03-24 20:33:00,Organic,organic,organic,Organic_Direct,/blog,803,mobile
SES_991207,USR_00645,2024-02-22 20:32:00,Email,email,email,Email_Retention,/home,366,mobile
SES_532292,USR_00646,2024-02-27 20:19:00,Google_Search,google,cpc,GSearch_Brand,/home,486,mobile
SES_168776,USR_00646,2024-03-01 14:10:00,Google_Search,google,cpc,GSearch_Competitor,/about,183,tablet
SES_442096,USR_00647,2024-03-23 00:42:00,TikTok,tiktok,cpc,TikTok_Promo,/signup,49,desktop
SES_692389,USR_00647,2024-03-19 05:41:00,Meta_Facebook,facebook,cpc,FB_Awareness,/checkout,508,tablet
SES_217789,USR_00648,2024-01-13 23:38:00,Meta_Facebook,facebook,cpc,FB_Retargeting,/about,142,mobile
SES_239952,USR_00648,2024-01-19 00:15:00,Meta_Facebook,,cpc,,/blog,152,desktop
SES_805186,USR_00648,2024-01-12 08:17:00,TikTok,tiktok,cpc,TikTok_Video1,/pricing,253,desktop
SES_608090,USR_00649,2024-02-20 00:05:00,TikTok,tiktok,cpc,TikTok_Promo,/product,41,tablet
SES_492099,USR_00649,2024-02-22 06:26:00,Email,email,email,Email_Retention,/blog,49,tablet
SES_360722,USR_00649,2024-02-19 00:11:00,Organic,organic,organic,Organic_SEO,/blog,302,tablet
SES_780552,USR_00649,2024-02-25 14:00:00,Meta_Facebook,,cpc,FB_Awareness,/product,802,desktop
SES_423316,USR_00649,2024-02-21 01:22:00,Meta_Facebook,facebook,cpc,FB_Retargeting,/pricing,257,tablet
SES_391904,USR_00650,2024-02-03 21:01:00,TikTok,tiktok,cpc,TikTok_Promo,/product,439,tablet
SES_851671,USR_00650,2024-02-06 18:28:00,Email,email,email,Email_Retention,/about,284,tablet
SES_307183,USR_00650,2024-02-07 04:14:00,Google_Search,google,cpc,GSearch_Competitor,/about,69,desktop
SES_527559,USR_00650,2024-02-08 09:37:00,Email,email,email,Email_Retention,/home,162,desktop
SES_369035,USR_00651,2024-02-16 05:38:00,Organic,organic,organic,Organic_SEO,/blog,426,mobile
SES_176201,USR_00651,2024-02-11 14:59:00,Organic,,organic,Organic_SEO,/blog,627,desktop
SES_730003,USR_00651,2024-02-11 21:52:00,Google_Search,google,cpc,GSearch_Generic,/product,632,tablet
SES_519238,USR_00651,2024-02-12 17:32:00,Google_Search,google,cpc,GSearch_Competitor,/about,757,desktop
SES_415734,USR_00651,2024-02-16 03:15:00,TikTok,tiktok,cpc,TikTok_Promo,/pricing,567,mobile
SES_653522,USR_00652,2024-03-11 23:12:00,Email,,email,Email_Welcome,/signup,643,mobile
SES_152083,USR_00653,2024-01-23 20:42:00,Google_Search,google,cpc,GSearch_Brand,/checkout,507,desktop
SES_930901,USR_00653,2024-01-19 09:47:00,Email,email,email,Email_Retention,/checkout,707,mobile
SES_702838,USR_00654,2024-02-07 15:20:00,Google_Search,,cpc,GSearch_Brand,/product,680,tablet
SES_502385,USR_00655,2024-01-17 09:10:00,TikTok,tiktok,cpc,TikTok_Promo,/checkout,834,tablet
SES_780488,USR_00655,2024-01-19 04:03:00,Google_Search,google,cpc,GSearch_Brand,/blog,217,mobile
SES_547349,USR_00655,2024-01-22 13:38:00,Email,email,email,Email_Welcome,/signup,134,tablet
SES_967469,USR_00655,2024-01-21 17:58:00,TikTok,tiktok,cpc,TikTok_Promo,/signup,64,tablet
SES_758450,USR_00656,2024-02-23 00:28:00,Email,email,email,Email_Welcome,/blog,448,desktop
SES_260364,USR_00656,2024-02-22 20:58:00,Organic,organic,organic,Organic_Direct,/checkout,687,desktop
SES_271302,USR_00656,2024-02-21 10:14:00,Meta_Facebook,facebook,cpc,FB_Lookalike,/home,702,mobile
SES_619955,USR_00657,2024-03-25 06:41:00,Email,,email,Email_Welcome,/product,105,desktop
SES_795458,USR_00657,2024-03-25 05:02:00,Google_Search,,cpc,GSearch_Generic,/product,741,desktop
SES_299100,USR_00657,2024-03-21 09:46:00,TikTok,tiktok,cpc,TikTok_Promo,/product,859,desktop
SES_917606,USR_00657,2024-03-24 08:31:00,Google_Search,google,cpc,GSearch_Generic,/about,56,desktop
SES_105387,USR_00658,2024-02-25 22:53:00,LinkedIn,linkedin,cpc,LinkedIn_Lead,/about,453,desktop
SES_821484,USR_00658,2024-02-24 17:54:00,LinkedIn,linkedin,cpc,LinkedIn_B2B,/signup,395,mobile
SES_182268,USR_00658,2024-03-01 08:22:00,TikTok,tiktok,cpc,TikTok_Video1,/about,227,desktop
SES_101526,USR_00658,2024-02-23 11:22:00,TikTok,tiktok,cpc,TikTok_Video1,/blog,789,mobile
SES_749230,USR_00658,2024-02-24 12:42:00,Meta_Facebook,facebook,cpc,FB_Lookalike,/pricing,284,tablet
SES_716386,USR_00659,2024-02-20 07:57:00,TikTok,,cpc,TikTok_Promo,/signup,850,mobile
SES_360722,USR_00660,2024-02-14 19:59:00,Google_Search,google,cpc,GSearch_Generic,/signup,758,tablet
SES_501205,USR_00660,2024-02-12 12:49:00,Google_Search,,cpc,GSearch_Competitor,/product,815,tablet
SES_518738,USR_00660,2024-02-10 21:17:00,Google_Search,google,cpc,GSearch_Generic,/checkout,740,tablet
SES_194941,USR_00661,2024-02-26 12:18:00,Google_Search,google,cpc,GSearch_Generic,/checkout,477,tablet
SES_158189,USR_00662,2024-01-30 06:38:00,LinkedIn,linkedin,cpc,LinkedIn_Lead,/about,337,desktop
SES_981256,USR_00662,2024-01-27 13:31:00,Meta_Facebook,facebook,cpc,FB_Awareness,/home,547,tablet
SES_812506,USR_00662,2024-02-03 22:07:00,Organic,organic,organic,,/blog,746,tablet
SES_395853,USR_00662,2024-01-28 07:05:00,Meta_Facebook,facebook,cpc,FB_Awareness,/home,234,tablet
SES_389068,USR_00662,2024-01-29 17:21:00,Email,email,email,Email_Promo,/blog,78,desktop
SES_133919,USR_00663,2024-02-24 09:29:00,Google_Search,google,cpc,GSearch_Brand,/signup,730,tablet
SES_811060,USR_00663,2024-02-23 00:30:00,Google_Search,google,cpc,GSearch_Generic,/about,309,desktop
SES_811890,USR_00664,2024-02-14 04:58:00,LinkedIn,linkedin,cpc,LinkedIn_B2B,/checkout,231,mobile
SES_747586,USR_00664,2024-02-14 18:21:00,LinkedIn,linkedin,cpc,LinkedIn_Lead,/checkout,279,tablet
SES_238695,USR_00664,2024-02-11 13:11:00,Meta_Facebook,facebook,cpc,FB_Lookalike,/product,364,tablet
SES_875802,USR_00665,2024-02-18 17:19:00,Meta_Facebook,facebook,cpc,FB_Retargeting,/home,162,desktop
SES_642047,USR_00665,2024-02-25 12:03:00,Email,,email,Email_Promo,/pricing,862,mobile
SES_108769,USR_00665,2024-02-24 11:02:00,Google_Search,google,cpc,GSearch_Generic,/product,778,tablet
SES_671493,USR_00665,2024-02-19 18:07:00,TikTok,tiktok,cpc,,/home,251,tablet
SES_770139,USR_00665,2024-02-18 00:09:00,TikTok,,cpc,TikTok_Video1,/pricing,168,mobile
SES_489050,USR_00666,2024-02-08 18:29:00,Google_Search,google,cpc,GSearch_Brand,/checkout,641,desktop
SES_511485,USR_00666,2024-02-06 01:03:00,Email,email,email,Email_Retention,/blog,763,tablet
SES_616944,USR_00666,2024-02-09 09:42:00,Google_Search,google,cpc,GSearch_Generic,/pricing,293,desktop
SES_395190,USR_00666,2024-02-05 22:18:00,Google_Search,google,cpc,GSearch_Generic,/pricing,260,tablet
SES_674644,USR_00666,2024-02-04 19:24:00,Google_Search,google,cpc,GSearch_Brand,/pricing,674,desktop
SES_525873,USR_00667,2024-02-01 05:55:00,Email,email,email,Email_Promo,/product,641,tablet
SES_833385,USR_00667,2024-02-02 13:24:00,Google_Search,google,cpc,GSearch_Generic,/home,270,desktop
SES_569389,USR_00667,2024-01-29 00:18:00,Email,email,email,Email_Welcome,/about,685,mobile
SES_938626,USR_00667,2024-02-03 02:23:00,Organic,,organic,Organic_Direct,/blog,403,mobile
SES_341591,USR_00667,2024-01-29 21:46:00,Meta_Facebook,facebook,cpc,FB_Retargeting,/checkout,122,desktop
SES_491558,USR_00668,2024-01-18 04:11:00,Meta_Facebook,facebook,cpc,FB_Lookalike,/pricing,339,mobile
SES_159364,USR_00668,2024-01-16 22:24:00,Google_Search,google,cpc,GSearch_Generic,/pricing,779,tablet
SES_590249,USR_00668,2024-01-18 18:03:00,Google_Search,google,cpc,GSearch_Competitor,/pricing,770,desktop
SES_768178,USR_00668,2024-01-14 18:34:00,TikTok,tiktok,cpc,TikTok_Video1,/about,475,tablet
SES_304271,USR_00669,2024-02-24 10:45:00,Meta_Facebook,facebook,cpc,FB_Lookalike,/blog,536,desktop
SES_909497,USR_00669,2024-02-28 05:15:00,Meta_Facebook,facebook,cpc,FB_Retargeting,/checkout,740,desktop
SES_106269,USR_00669,2024-02-28 20:06:00,Email,email,email,Email_Welcome,/blog,220,mobile
SES_250634,USR_00670,2024-03-23 22:45:00,Meta_Facebook,facebook,cpc,FB_Retargeting,/blog,745,desktop
SES_687906,USR_00671,2024-01-21 04:20:00,TikTok,tiktok,cpc,,/product,811,mobile
SES_784448,USR_00671,2024-01-24 05:16:00,Organic,organic,organic,Organic_Direct,/product,479,desktop
SES_149004,USR_00672,2024-03-22 04:15:00,Google_Search,google,cpc,GSearch_Competitor,/checkout,216,mobile
SES_339026,USR_00672,2024-03-21 05:33:00,Google_Search,,cpc,GSearch_Brand,/pricing,330,mobile
SES_805343,USR_00673,2024-02-15 15:21:00,TikTok,tiktok,cpc,,/signup,358,mobile
SES_160375,USR_00673,2024-02-13 14:20:00,Email,email,email,Email_Retention,/about,612,tablet
SES_972769,USR_00674,2024-03-21 12:50:00,Google_Search,google,cpc,,/pricing,281,mobile
SES_257860,USR_00674,2024-03-22 04:31:00,Google_Search,google,cpc,GSearch_Generic,/about,508,desktop
SES_833839,USR_00674,2024-03-23 01:25:00,Google_Search,google,cpc,GSearch_Brand,/about,335,tablet
SES_154903,USR_00674,2024-03-27 07:24:00,Google_Search,,cpc,GSearch_Generic,/signup,65,desktop
SES_401637,USR_00674,2024-03-25 02:46:00,Google_Search,google,cpc,GSearch_Competitor,/signup,68,tablet
SES_555426,USR_00675,2024-02-08 15:50:00,Google_Search,google,cpc,GSearch_Generic,/signup,405,tablet
SES_102537,USR_00675,2024-02-10 13:53:00,Meta_Facebook,facebook,cpc,FB_Lookalike,/product,44,mobile
SES_474163,USR_00675,2024-02-11 20:54:00,LinkedIn,linkedin,cpc,LinkedIn_B2B,/signup,859,desktop
SES_430365,USR_00675,2024-02-12 19:31:00,Organic,organic,organic,Organic_SEO,/checkout,630,mobile
SES_842462,USR_00676,2024-03-10 08:53:00,Organic,organic,organic,Organic_Direct,/blog,838,mobile
SES_428815,USR_00677,2024-03-23 00:55:00,Google_Search,google,cpc,GSearch_Competitor,/pricing,641,tablet
SES_326993,USR_00677,2024-03-20 04:08:00,Google_Search,google,cpc,GSearch_Generic,/checkout,257,tablet
SES_674674,USR_00677,2024-03-21 18:45:00,Email,email,email,Email_Welcome,/blog,854,tablet
SES_833796,USR_00678,2024-01-19 02:11:00,TikTok,tiktok,cpc,,/checkout,491,desktop
SES_621884,USR_00679,2024-01-21 09:11:00,Email,email,email,Email_Retention,/signup,682,mobile
SES_167333,USR_00679,2024-01-23 16:49:00,Meta_Facebook,facebook,cpc,FB_Lookalike,/blog,568,mobile
SES_789191,USR_00680,2024-02-03 17:54:00,Meta_Facebook,facebook,cpc,FB_Awareness,/pricing,99,desktop
SES_858473,USR_00680,2024-01-27 08:36:00,Meta_Facebook,facebook,cpc,FB_Retargeting,/checkout,408,desktop
SES_565381,USR_00681,2024-03-04 19:17:00,Meta_Facebook,facebook,cpc,FB_Awareness,/blog,823,desktop
SES_751056,USR_00681,2024-03-03 14:09:00,Email,email,email,,/product,434,mobile
SES_187738,USR_00681,2024-02-29 12:25:00,Email,email,email,Email_Welcome,/product,37,mobile
SES_391276,USR_00682,2024-02-16 10:31:00,Organic,organic,organic,Organic_Direct,/checkout,565,desktop
SES_280510,USR_00682,2024-02-16 08:30:00,Meta_Facebook,facebook,cpc,FB_Lookalike,/about,311,mobile
SES_948607,USR_00682,2024-02-11 13:51:00,Google_Search,google,cpc,GSearch_Competitor,/blog,165,desktop
SES_211685,USR_00682,2024-02-11 04:11:00,Meta_Facebook,facebook,cpc,FB_Lookalike,/pricing,339,desktop
SES_311515,USR_00683,2024-03-13 06:33:00,Organic,organic,organic,Organic_SEO,/about,577,desktop
SES_574622,USR_00684,2024-03-09 00:15:00,Email,email,email,Email_Promo,/about,228,mobile
SES_281779,USR_00685,2024-02-12 01:51:00,Google_Search,google,cpc,GSearch_Brand,/checkout,370,tablet
SES_738282,USR_00685,2024-02-08 08:47:00,Meta_Facebook,facebook,cpc,,/home,247,desktop
SES_598734,USR_00685,2024-02-08 19:31:00,TikTok,tiktok,cpc,TikTok_Promo,/signup,894,tablet
SES_381779,USR_00685,2024-02-15 03:13:00,Google_Search,google,cpc,GSearch_Generic,/pricing,428,tablet
SES_314584,USR_00685,2024-02-12 11:48:00,Meta_Facebook,facebook,cpc,,/signup,416,tablet
SES_700873,USR_00686,2024-02-08 08:43:00,TikTok,tiktok,cpc,TikTok_Promo,/home,374,tablet
SES_363166,USR_00686,2024-02-08 08:09:00,Google_Search,,cpc,GSearch_Generic,/checkout,858,mobile
SES_899755,USR_00686,2024-02-11 04:21:00,Organic,organic,organic,Organic_Direct,/blog,317,tablet
SES_690894,USR_00686,2024-02-08 23:28:00,Meta_Facebook,facebook,cpc,FB_Lookalike,/checkout,500,desktop
SES_788186,USR_00687,2024-03-15 09:04:00,Meta_Facebook,facebook,cpc,FB_Awareness,/blog,465,tablet
SES_891270,USR_00687,2024-03-13 23:08:00,Organic,organic,organic,Organic_SEO,/signup,650,desktop
SES_356578,USR_00687,2024-03-15 20:49:00,TikTok,tiktok,cpc,TikTok_Promo,/product,202,desktop
SES_603909,USR_00688,2024-02-22 09:59:00,LinkedIn,linkedin,cpc,LinkedIn_Lead,/blog,244,mobile
SES_773439,USR_00689,2024-01-25 21:05:00,Meta_Facebook,facebook,cpc,FB_Retargeting,/pricing,124,tablet
SES_500015,USR_00689,2024-01-26 11:52:00,Meta_Facebook,facebook,cpc,FB_Awareness,/pricing,606,desktop
SES_347009,USR_00689,2024-01-31 04:29:00,TikTok,tiktok,cpc,TikTok_Video1,/checkout,177,mobile
SES_258863,USR_00689,2024-02-01 05:14:00,Google_Search,google,cpc,GSearch_Competitor,/about,725,tablet
SES_758177,USR_00690,2024-01-11 20:28:00,Meta_Facebook,facebook,cpc,FB_Lookalike,/home,717,tablet
SES_541156,USR_00691,2024-03-07 15:20:00,TikTok,,cpc,TikTok_Promo,/pricing,237,tablet
SES_585248,USR_00691,2024-03-01 16:04:00,Organic,organic,organic,Organic_SEO,/pricing,627,mobile
SES_634698,USR_00691,2024-03-05 19:48:00,Meta_Facebook,facebook,cpc,FB_Retargeting,/checkout,672,desktop
SES_650632,USR_00692,2024-02-24 00:55:00,Meta_Facebook,facebook,cpc,FB_Awareness,/product,47,tablet
SES_214058,USR_00692,2024-02-28 05:07:00,Meta_Facebook,facebook,cpc,FB_Retargeting,/checkout,835,tablet
SES_927443,USR_00693,2024-01-09 17:33:00,LinkedIn,linkedin,cpc,LinkedIn_B2B,/checkout,426,tablet
SES_967717,USR_00693,2024-01-05 15:00:00,Meta_Facebook,facebook,cpc,,/about,427,tablet
SES_604415,USR_00693,2024-01-04 04:37:00,Email,email,email,Email_Welcome,/blog,177,desktop
SES_557870,USR_00693,2024-01-07 21:19:00,Google_Search,google,cpc,GSearch_Competitor,/blog,495,mobile
SES_635856,USR_00693,2024-01-07 19:26:00,LinkedIn,linkedin,cpc,LinkedIn_B2B,/signup,561,tablet
SES_347595,USR_00694,2024-01-30 23:06:00,Meta_Facebook,,cpc,FB_Lookalike,/signup,204,tablet
SES_985163,USR_00694,2024-01-28 10:28:00,Google_Search,google,cpc,,/checkout,63,desktop
SES_393765,USR_00695,2024-01-19 08:02:00,TikTok,tiktok,cpc,TikTok_Video1,/pricing,406,tablet
SES_606878,USR_00695,2024-01-15 01:41:00,Google_Search,google,cpc,GSearch_Brand,/checkout,134,mobile
SES_758280,USR_00696,2024-02-11 12:52:00,Google_Search,google,cpc,GSearch_Competitor,/signup,576,tablet
SES_568093,USR_00696,2024-02-12 17:03:00,LinkedIn,linkedin,cpc,LinkedIn_Lead,/signup,175,mobile
SES_596006,USR_00697,2024-03-25 18:51:00,Meta_Facebook,facebook,cpc,FB_Awareness,/pricing,55,mobile
SES_169618,USR_00697,2024-03-27 13:13:00,LinkedIn,linkedin,cpc,LinkedIn_Lead,/product,657,desktop
SES_224806,USR_00697,2024-03-28 11:37:00,Google_Search,google,cpc,GSearch_Generic,/about,404,desktop
SES_686741,USR_00698,2024-03-19 23:13:00,TikTok,tiktok,cpc,TikTok_Video1,/checkout,68,mobile
SES_773744,USR_00698,2024-03-18 05:52:00,Meta_Facebook,facebook,cpc,FB_Lookalike,/product,262,mobile
SES_757277,USR_00699,2024-01-18 23:16:00,Email,email,email,Email_Retention,/blog,283,tablet
SES_414458,USR_00699,2024-01-18 09:50:00,LinkedIn,linkedin,cpc,LinkedIn_B2B,/about,896,desktop
SES_700102,USR_00699,2024-01-16 11:34:00,Meta_Facebook,facebook,cpc,FB_Awareness,/pricing,695,mobile
SES_269409,USR_00700,2024-02-05 05:04:00,Meta_Facebook,,cpc,,/blog,710,mobile
SES_203685,USR_00700,2024-02-10 07:50:00,TikTok,tiktok,cpc,TikTok_Video1,/signup,337,desktop
SES_689774,USR_00700,2024-02-11 06:44:00,Meta_Facebook,facebook,cpc,FB_Retargeting,/about,860,desktop
SES_231465,USR_00700,2024-02-08 17:25:00,Google_Search,google,cpc,GSearch_Brand,/pricing,710,tablet
SES_885489,USR_00701,2024-01-26 00:36:00,Email,email,email,Email_Promo,/checkout,691,tablet
SES_535805,USR_00701,2024-02-01 12:28:00,LinkedIn,linkedin,cpc,LinkedIn_B2B,/about,156,tablet
SES_882872,USR_00702,2024-02-29 12:58:00,Meta_Facebook,,cpc,FB_Retargeting,/product,314,mobile
SES_330875,USR_00702,2024-02-23 08:39:00,Google_Search,google,cpc,GSearch_Brand,/blog,587,mobile
SES_680624,USR_00702,2024-02-24 07:57:00,Email,email,email,Email_Welcome,/about,529,desktop
SES_766542,USR_00702,2024-02-23 09:17:00,Google_Search,google,cpc,GSearch_Generic,/signup,443,mobile
SES_165711,USR_00703,2024-02-07 14:19:00,TikTok,tiktok,cpc,TikTok_Video1,/signup,434,desktop
SES_155099,USR_00703,2024-02-13 03:35:00,Email,email,email,Email_Welcome,/about,282,desktop
SES_474031,USR_00703,2024-02-09 23:57:00,Meta_Facebook,facebook,cpc,FB_Retargeting,/checkout,420,tablet
SES_375469,USR_00704,2024-02-17 02:19:00,TikTok,tiktok,cpc,TikTok_Promo,/blog,76,mobile
SES_940519,USR_00704,2024-02-18 10:21:00,Organic,,organic,Organic_Direct,/home,776,tablet
SES_368244,USR_00704,2024-02-18 17:25:00,Email,email,email,Email_Promo,/about,174,mobile
SES_344764,USR_00705,2024-03-12 02:16:00,TikTok,tiktok,cpc,TikTok_Promo,/pricing,312,desktop
SES_256045,USR_00705,2024-03-10 11:05:00,Meta_Facebook,facebook,cpc,FB_Lookalike,/home,296,tablet
SES_166613,USR_00705,2024-03-16 04:55:00,Meta_Facebook,facebook,cpc,FB_Lookalike,/checkout,38,desktop
SES_556598,USR_00705,2024-03-09 13:06:00,TikTok,tiktok,cpc,TikTok_Promo,/blog,228,mobile
SES_603760,USR_00705,2024-03-14 07:05:00,Meta_Facebook,,cpc,FB_Retargeting,/pricing,241,tablet
SES_532592,USR_00706,2024-02-12 05:40:00,Organic,organic,organic,Organic_Direct,/home,849,mobile
SES_761506,USR_00707,2024-03-12 16:20:00,Meta_Facebook,,cpc,FB_Retargeting,/about,338,mobile
SES_978552,USR_00707,2024-03-16 00:09:00,LinkedIn,linkedin,cpc,LinkedIn_B2B,/signup,468,tablet
SES_287910,USR_00707,2024-03-14 22:47:00,Google_Search,,cpc,GSearch_Competitor,/product,42,desktop
SES_552709,USR_00707,2024-03-11 10:41:00,Google_Search,,cpc,GSearch_Brand,/checkout,373,tablet
SES_260854,USR_00708,2024-02-13 00:25:00,Google_Search,,cpc,GSearch_Competitor,/about,521,mobile
SES_200084,USR_00709,2024-02-11 12:27:00,Google_Search,google,cpc,GSearch_Competitor,/product,240,tablet
SES_435036,USR_00710,2024-01-21 07:55:00,Google_Search,google,cpc,,/blog,163,mobile
SES_795473,USR_00710,2024-01-21 23:39:00,Google_Search,google,cpc,,/signup,77,mobile
SES_703849,USR_00710,2024-01-20 03:12:00,LinkedIn,linkedin,cpc,LinkedIn_Lead,/product,687,mobile
SES_325105,USR_00710,2024-01-24 05:15:00,Google_Search,google,cpc,GSearch_Generic,/checkout,642,desktop
SES_327098,USR_00710,2024-01-24 09:11:00,Email,email,email,Email_Promo,/blog,439,desktop
SES_550938,USR_00711,2024-03-26 13:12:00,Meta_Facebook,facebook,cpc,FB_Retargeting,/pricing,208,tablet
SES_767583,USR_00711,2024-03-19 21:30:00,LinkedIn,linkedin,cpc,LinkedIn_Lead,/checkout,870,mobile
SES_343325,USR_00711,2024-03-23 11:25:00,TikTok,tiktok,cpc,TikTok_Promo,/signup,822,mobile
SES_988209,USR_00712,2024-01-29 02:17:00,Organic,organic,organic,Organic_Direct,/about,812,desktop
SES_749685,USR_00712,2024-01-25 13:26:00,Meta_Facebook,facebook,cpc,FB_Retargeting,/pricing,137,desktop
SES_709856,USR_00712,2024-01-30 22:23:00,LinkedIn,linkedin,cpc,LinkedIn_Lead,/product,325,desktop
SES_832684,USR_00713,2024-02-26 22:44:00,LinkedIn,linkedin,cpc,LinkedIn_B2B,/about,160,tablet
SES_841420,USR_00713,2024-02-25 12:31:00,LinkedIn,linkedin,cpc,LinkedIn_B2B,/blog,184,desktop
SES_776186,USR_00713,2024-02-21 22:59:00,Meta_Facebook,facebook,cpc,FB_Retargeting,/about,231,tablet
SES_624509,USR_00714,2024-02-03 23:27:00,Google_Search,google,cpc,GSearch_Competitor,/product,714,tablet
SES_410415,USR_00714,2024-01-29 18:30:00,Meta_Facebook,facebook,cpc,FB_Retargeting,/blog,684,mobile
SES_624385,USR_00714,2024-01-30 02:06:00,Meta_Facebook,facebook,cpc,FB_Lookalike,/about,830,tablet
SES_945574,USR_00714,2024-02-01 06:30:00,TikTok,,cpc,,/product,418,mobile
SES_743348,USR_00714,2024-02-05 13:52:00,TikTok,tiktok,cpc,TikTok_Video1,/about,597,tablet
SES_228435,USR_00715,2024-03-14 09:25:00,Meta_Facebook,facebook,cpc,FB_Lookalike,/signup,231,tablet
SES_706236,USR_00716,2024-03-03 20:10:00,Google_Search,google,cpc,GSearch_Competitor,/about,892,tablet
SES_726888,USR_00716,2024-03-01 03:29:00,Meta_Facebook,facebook,cpc,FB_Lookalike,/product,796,tablet
SES_987599,USR_00716,2024-03-01 21:05:00,Google_Search,google,cpc,GSearch_Generic,/checkout,142,mobile
SES_804889,USR_00717,2024-02-23 00:26:00,TikTok,tiktok,cpc,TikTok_Video1,/checkout,593,mobile
SES_508556,USR_00717,2024-02-22 03:10:00,Meta_Facebook,facebook,cpc,FB_Awareness,/pricing,834,tablet
SES_866909,USR_00717,2024-02-19 18:02:00,Google_Search,google,cpc,GSearch_Competitor,/signup,802,mobile
SES_798229,USR_00717,2024-02-22 13:53:00,Google_Search,google,cpc,GSearch_Generic,/about,702,mobile
SES_192915,USR_00718,2024-03-10 23:03:00,Google_Search,google,cpc,GSearch_Competitor,/home,474,desktop
SES_519909,USR_00718,2024-03-12 00:18:00,Google_Search,google,cpc,GSearch_Generic,/blog,700,tablet
SES_269397,USR_00718,2024-03-10 01:09:00,LinkedIn,linkedin,cpc,LinkedIn_B2B,/blog,605,desktop
SES_751002,USR_00719,2024-01-22 19:02:00,Organic,organic,organic,Organic_SEO,/product,328,mobile
SES_445114,USR_00719,2024-01-17 09:35:00,Organic,organic,organic,Organic_SEO,/pricing,189,mobile
SES_692942,USR_00719,2024-01-19 21:06:00,Meta_Facebook,facebook,cpc,FB_Retargeting,/about,887,tablet
SES_925443,USR_00719,2024-01-17 15:06:00,Google_Search,google,cpc,GSearch_Competitor,/signup,748,mobile
SES_988768,USR_00720,2024-01-18 00:08:00,Email,,email,Email_Retention,/pricing,505,tablet
SES_403382,USR_00720,2024-01-15 02:07:00,Google_Search,google,cpc,GSearch_Competitor,/product,890,tablet
SES_831067,USR_00720,2024-01-22 02:49:00,Email,email,email,Email_Promo,/blog,248,desktop
SES_549527,USR_00720,2024-01-22 06:38:00,Email,email,email,Email_Promo,/home,274,tablet
SES_920466,USR_00721,2024-01-12 18:18:00,Meta_Facebook,facebook,cpc,FB_Retargeting,/product,285,tablet
SES_451813,USR_00722,2024-01-21 06:21:00,Google_Search,,cpc,GSearch_Brand,/home,450,tablet
SES_365573,USR_00722,2024-01-22 11:21:00,Organic,organic,organic,Organic_SEO,/product,360,mobile
SES_948010,USR_00723,2024-02-10 02:59:00,Google_Search,google,cpc,GSearch_Competitor,/checkout,507,tablet
SES_631296,USR_00723,2024-02-13 18:38:00,Meta_Facebook,facebook,cpc,FB_Lookalike,/product,89,mobile
SES_573345,USR_00723,2024-02-14 11:42:00,Google_Search,google,cpc,GSearch_Competitor,/about,243,desktop
SES_293180,USR_00723,2024-02-14 14:40:00,LinkedIn,linkedin,cpc,LinkedIn_Lead,/checkout,118,desktop
SES_371571,USR_00724,2024-02-25 12:55:00,Google_Search,google,cpc,GSearch_Competitor,/home,517,mobile
SES_333289,USR_00724,2024-02-19 00:52:00,Google_Search,google,cpc,GSearch_Competitor,/about,551,tablet
SES_207591,USR_00725,2024-01-28 00:00:00,Google_Search,google,cpc,GSearch_Competitor,/checkout,862,desktop
SES_943272,USR_00725,2024-01-30 03:31:00,Meta_Facebook,facebook,cpc,FB_Retargeting,/product,579,mobile
SES_227627,USR_00725,2024-01-24 11:55:00,Meta_Facebook,facebook,cpc,FB_Retargeting,/signup,705,mobile
SES_262553,USR_00725,2024-01-26 09:00:00,Google_Search,google,cpc,GSearch_Competitor,/blog,314,desktop
SES_101351,USR_00726,2024-01-23 08:05:00,Meta_Facebook,facebook,cpc,FB_Awareness,/home,773,tablet
SES_206723,USR_00726,2024-01-24 22:07:00,Meta_Facebook,facebook,cpc,FB_Retargeting,/product,385,tablet
SES_564515,USR_00726,2024-01-20 04:10:00,Email,email,email,Email_Promo,/signup,688,tablet
SES_797203,USR_00727,2024-01-17 11:31:00,LinkedIn,linkedin,cpc,LinkedIn_Lead,/blog,71,tablet
SES_992849,USR_00727,2024-01-24 02:01:00,Meta_Facebook,facebook,cpc,FB_Retargeting,/pricing,134,tablet
SES_449088,USR_00727,2024-01-21 04:50:00,Organic,organic,organic,Organic_Direct,/signup,552,mobile
SES_868358,USR_00727,2024-01-21 20:08:00,Google_Search,google,cpc,GSearch_Competitor,/blog,67,mobile
SES_461080,USR_00727,2024-01-18 15:58:00,TikTok,,cpc,TikTok_Video1,/blog,687,tablet
SES_963929,USR_00728,2024-02-06 21:39:00,TikTok,tiktok,cpc,TikTok_Video1,/checkout,765,desktop
SES_438860,USR_00729,2024-02-06 11:58:00,TikTok,tiktok,cpc,TikTok_Video1,/about,833,desktop
SES_703888,USR_00729,2024-02-04 23:00:00,TikTok,tiktok,cpc,TikTok_Video1,/signup,459,tablet
SES_260669,USR_00729,2024-02-06 16:38:00,TikTok,tiktok,cpc,TikTok_Video1,/signup,586,desktop
SES_344872,USR_00730,2024-02-19 14:48:00,LinkedIn,linkedin,cpc,LinkedIn_Lead,/pricing,410,desktop
SES_538571,USR_00731,2024-01-17 21:35:00,Meta_Facebook,facebook,cpc,FB_Lookalike,/home,336,tablet
SES_602174,USR_00732,2024-01-10 23:25:00,Meta_Facebook,,cpc,FB_Awareness,/blog,658,mobile
SES_289110,USR_00732,2024-01-14 10:51:00,Google_Search,google,cpc,GSearch_Generic,/signup,39,tablet
SES_282566,USR_00732,2024-01-12 06:19:00,TikTok,tiktok,cpc,TikTok_Video1,/blog,34,mobile
SES_447072,USR_00732,2024-01-12 10:15:00,Google_Search,google,cpc,GSearch_Competitor,/signup,437,tablet
SES_713374,USR_00732,2024-01-09 00:24:00,Meta_Facebook,facebook,cpc,FB_Lookalike,/product,884,desktop
SES_899946,USR_00733,2024-02-18 06:14:00,Google_Search,google,cpc,GSearch_Brand,/checkout,177,tablet
SES_989531,USR_00733,2024-02-23 02:20:00,TikTok,tiktok,cpc,TikTok_Promo,/checkout,580,mobile
SES_734494,USR_00733,2024-02-24 13:25:00,Google_Search,,cpc,GSearch_Generic,/product,736,tablet
SES_729395,USR_00733,2024-02-19 04:53:00,Meta_Facebook,facebook,cpc,FB_Retargeting,/product,57,desktop
SES_225014,USR_00733,2024-02-19 11:43:00,Meta_Facebook,facebook,cpc,FB_Awareness,/product,634,mobile
SES_959210,USR_00734,2024-02-21 11:48:00,Meta_Facebook,facebook,cpc,FB_Retargeting,/home,250,mobile
SES_961220,USR_00734,2024-02-21 11:00:00,TikTok,tiktok,cpc,TikTok_Video1,/product,184,mobile
SES_774220,USR_00734,2024-02-24 07:13:00,Google_Search,,cpc,GSearch_Competitor,/pricing,663,mobile
SES_777513,USR_00734,2024-02-25 00:11:00,TikTok,tiktok,cpc,,/checkout,625,tablet
SES_852816,USR_00735,2024-02-26 21:17:00,Meta_Facebook,facebook,cpc,FB_Retargeting,/checkout,534,mobile
SES_707510,USR_00735,2024-03-01 19:51:00,Meta_Facebook,facebook,cpc,FB_Awareness,/product,262,mobile
SES_243357,USR_00735,2024-02-29 23:14:00,LinkedIn,linkedin,cpc,LinkedIn_Lead,/home,424,tablet
SES_978567,USR_00736,2024-03-01 07:28:00,Google_Search,google,cpc,GSearch_Generic,/home,831,tablet
SES_209481,USR_00736,2024-03-01 02:42:00,TikTok,tiktok,cpc,TikTok_Promo,/about,540,desktop
SES_593807,USR_00736,2024-03-06 20:57:00,LinkedIn,,cpc,LinkedIn_Lead,/signup,458,mobile
SES_834310,USR_00736,2024-03-02 20:20:00,Google_Search,google,cpc,GSearch_Competitor,/about,590,mobile
SES_601702,USR_00737,2024-01-10 20:35:00,Google_Search,,cpc,GSearch_Brand,/checkout,482,mobile
SES_358027,USR_00737,2024-01-16 04:09:00,TikTok,tiktok,cpc,TikTok_Promo,/product,730,desktop
SES_496939,USR_00737,2024-01-11 20:33:00,Meta_Facebook,facebook,cpc,FB_Awareness,/checkout,321,tablet
SES_259616,USR_00737,2024-01-15 19:19:00,Meta_Facebook,,cpc,FB_Lookalike,/product,52,mobile
SES_830742,USR_00738,2024-02-08 04:55:00,Email,email,email,Email_Welcome,/product,749,tablet
SES_992817,USR_00739,2024-01-29 12:24:00,Google_Search,google,cpc,GSearch_Generic,/blog,243,mobile
SES_621071,USR_00740,2024-03-13 13:21:00,Google_Search,google,cpc,GSearch_Competitor,/blog,103,desktop
SES_388139,USR_00740,2024-03-12 21:55:00,Organic,,organic,Organic_SEO,/home,864,desktop
SES_566738,USR_00740,2024-03-14 07:55:00,Google_Search,google,cpc,GSearch_Generic,/pricing,95,mobile
SES_947038,USR_00740,2024-03-16 07:31:00,Google_Search,google,cpc,GSearch_Generic,/signup,404,tablet
SES_407762,USR_00741,2024-02-16 18:27:00,TikTok,tiktok,cpc,TikTok_Promo,/product,198,desktop
SES_244797,USR_00741,2024-02-14 10:00:00,LinkedIn,,cpc,LinkedIn_B2B,/about,622,mobile
SES_249940,USR_00741,2024-02-16 21:03:00,Meta_Facebook,facebook,cpc,FB_Awareness,/signup,461,mobile
SES_342656,USR_00741,2024-02-17 23:20:00,Email,email,email,Email_Retention,/checkout,52,tablet
SES_703484,USR_00742,2024-03-18 03:19:00,Google_Search,google,cpc,GSearch_Generic,/about,831,tablet
SES_617396,USR_00742,2024-03-20 14:35:00,Organic,organic,organic,Organic_SEO,/signup,736,tablet
SES_586162,USR_00742,2024-03-15 04:23:00,Google_Search,google,cpc,GSearch_Generic,/home,562,desktop
SES_240461,USR_00742,2024-03-15 02:18:00,Meta_Facebook,facebook,cpc,FB_Retargeting,/about,598,tablet
SES_694947,USR_00743,2024-02-04 22:45:00,Meta_Facebook,facebook,cpc,FB_Awareness,/pricing,354,mobile
SES_526766,USR_00743,2024-02-07 20:14:00,Meta_Facebook,facebook,cpc,FB_Awareness,/checkout,173,tablet
SES_128381,USR_00744,2024-01-26 01:57:00,Google_Search,google,cpc,GSearch_Brand,/checkout,722,tablet
SES_910795,USR_00744,2024-01-30 17:13:00,Meta_Facebook,facebook,cpc,FB_Lookalike,/product,800,mobile
SES_928357,USR_00744,2024-02-01 16:10:00,Email,email,email,,/checkout,583,tablet
SES_499707,USR_00744,2024-02-01 00:54:00,Meta_Facebook,facebook,cpc,FB_Awareness,/pricing,685,tablet
SES_488467,USR_00745,2024-03-22 13:17:00,Email,email,email,Email_Retention,/blog,762,mobile
SES_198127,USR_00745,2024-03-19 18:59:00,Email,email,email,Email_Welcome,/product,413,mobile
SES_461738,USR_00745,2024-03-18 16:45:00,Google_Search,google,cpc,GSearch_Generic,/checkout,755,tablet
SES_894120,USR_00746,2024-03-10 23:47:00,Google_Search,google,cpc,GSearch_Competitor,/home,322,desktop
SES_633694,USR_00747,2024-01-12 10:04:00,Google_Search,,cpc,GSearch_Brand,/checkout,248,desktop
SES_435249,USR_00748,2024-03-08 11:32:00,Google_Search,google,cpc,GSearch_Competitor,/home,231,mobile
SES_395522,USR_00748,2024-03-07 14:07:00,Google_Search,google,cpc,GSearch_Generic,/about,890,desktop
SES_928699,USR_00749,2024-02-03 21:06:00,Google_Search,,cpc,GSearch_Competitor,/about,650,tablet
SES_641020,USR_00749,2024-02-06 12:27:00,Meta_Facebook,facebook,cpc,FB_Retargeting,/signup,559,desktop
SES_559843,USR_00749,2024-02-04 11:37:00,Google_Search,google,cpc,GSearch_Competitor,/checkout,759,tablet
SES_143709,USR_00749,2024-02-06 23:20:00,TikTok,tiktok,cpc,TikTok_Video1,/signup,58,desktop
SES_716628,USR_00749,2024-02-06 11:27:00,Meta_Facebook,facebook,cpc,FB_Lookalike,/pricing,480,tablet
SES_722085,USR_00750,2024-03-15 16:10:00,Google_Search,google,cpc,GSearch_Brand,/pricing,193,desktop
SES_605390,USR_00750,2024-03-16 10:35:00,TikTok,tiktok,cpc,TikTok_Video1,/home,98,tablet
SES_318122,USR_00751,2024-03-14 00:52:00,Organic,organic,organic,Organic_Direct,/signup,825,mobile
SES_965842,USR_00751,2024-03-10 14:11:00,Google_Search,google,cpc,GSearch_Competitor,/about,802,desktop
SES_488995,USR_00751,2024-03-16 23:45:00,TikTok,tiktok,cpc,TikTok_Video1,/home,198,desktop
SES_942836,USR_00752,2024-03-12 17:29:00,Organic,organic,organic,Organic_Direct,/signup,225,mobile
SES_902711,USR_00752,2024-03-14 07:35:00,Google_Search,google,cpc,GSearch_Competitor,/signup,762,mobile
SES_896871,USR_00753,2024-03-08 16:18:00,Meta_Facebook,facebook,cpc,FB_Awareness,/product,356,mobile
SES_164464,USR_00753,2024-03-08 00:28:00,TikTok,tiktok,cpc,TikTok_Promo,/home,179,mobile
SES_409543,USR_00753,2024-03-01 21:18:00,Email,email,email,Email_Retention,/about,251,tablet
SES_794382,USR_00753,2024-03-01 14:30:00,Meta_Facebook,facebook,cpc,FB_Awareness,/home,805,tablet
SES_909375,USR_00754,2024-01-23 12:25:00,Google_Search,google,cpc,GSearch_Generic,/signup,496,desktop
SES_996212,USR_00754,2024-01-20 07:12:00,Google_Search,google,cpc,GSearch_Competitor,/pricing,827,desktop
SES_964152,USR_00754,2024-01-16 09:08:00,Google_Search,google,cpc,GSearch_Competitor,/checkout,418,tablet
SES_291154,USR_00754,2024-01-21 04:53:00,Google_Search,google,cpc,GSearch_Generic,/home,623,mobile
SES_355062,USR_00755,2024-02-01 13:03:00,Meta_Facebook,facebook,cpc,FB_Lookalike,/signup,146,desktop
SES_138946,USR_00755,2024-02-08 23:44:00,LinkedIn,,cpc,LinkedIn_B2B,/home,74,mobile
SES_134284,USR_00755,2024-02-07 04:25:00,LinkedIn,linkedin,cpc,,/pricing,603,tablet
SES_313183,USR_00756,2024-02-10 07:20:00,Organic,organic,organic,Organic_Direct,/pricing,549,tablet
SES_698165,USR_00756,2024-02-06 12:30:00,Meta_Facebook,facebook,cpc,FB_Retargeting,/blog,123,desktop
SES_351726,USR_00757,2024-02-07 04:01:00,Organic,organic,organic,Organic_Direct,/product,123,desktop
SES_643631,USR_00757,2024-02-03 04:19:00,Email,email,email,Email_Promo,/about,581,desktop
SES_622253,USR_00757,2024-02-05 21:08:00,Email,email,email,Email_Retention,/pricing,32,mobile
SES_152040,USR_00757,2024-02-01 02:19:00,TikTok,,cpc,TikTok_Video1,/checkout,794,desktop
SES_619577,USR_00758,2024-02-11 03:25:00,TikTok,tiktok,cpc,TikTok_Promo,/checkout,237,tablet
SES_499915,USR_00759,2024-01-29 19:45:00,Meta_Facebook,facebook,cpc,FB_Lookalike,/signup,882,mobile
SES_724100,USR_00760,2024-01-12 18:15:00,Google_Search,google,cpc,GSearch_Brand,/home,596,desktop
SES_147033,USR_00761,2024-01-15 05:33:00,Email,email,email,Email_Promo,/checkout,266,desktop
SES_288440,USR_00761,2024-01-19 19:43:00,Google_Search,google,cpc,GSearch_Competitor,/home,666,tablet
SES_537422,USR_00761,2024-01-18 13:05:00,Google_Search,google,cpc,GSearch_Generic,/product,818,desktop
SES_186347,USR_00761,2024-01-21 04:08:00,Google_Search,,cpc,GSearch_Competitor,/checkout,680,desktop
SES_831284,USR_00761,2024-01-16 08:49:00,Meta_Facebook,facebook,cpc,FB_Awareness,/about,897,mobile
SES_675123,USR_00762,2024-01-30 06:43:00,Organic,,organic,Organic_SEO,/signup,789,mobile
SES_569620,USR_00762,2024-01-29 19:32:00,Email,email,email,Email_Promo,/pricing,172,mobile
SES_597413,USR_00762,2024-01-30 13:46:00,LinkedIn,linkedin,cpc,LinkedIn_B2B,/signup,394,tablet
SES_633816,USR_00763,2024-01-20 15:30:00,Email,email,email,Email_Promo,/about,158,tablet
SES_797094,USR_00764,2024-03-13 21:22:00,Meta_Facebook,facebook,cpc,FB_Retargeting,/home,119,tablet
SES_280247,USR_00764,2024-03-16 18:10:00,Email,email,email,Email_Retention,/product,465,desktop
SES_821196,USR_00764,2024-03-16 06:28:00,Meta_Facebook,facebook,cpc,FB_Awareness,/checkout,436,mobile
SES_771952,USR_00764,2024-03-16 19:43:00,Organic,organic,organic,Organic_Direct,/checkout,580,tablet
SES_693075,USR_00764,2024-03-10 17:06:00,Meta_Facebook,facebook,cpc,FB_Awareness,/product,361,desktop
SES_620099,USR_00765,2024-03-09 12:18:00,Meta_Facebook,facebook,cpc,FB_Lookalike,/home,592,mobile
SES_845099,USR_00765,2024-03-07 09:07:00,Organic,organic,organic,Organic_SEO,/signup,481,mobile
SES_962941,USR_00765,2024-03-08 04:37:00,Meta_Facebook,facebook,cpc,FB_Awareness,/signup,390,desktop
SES_219695,USR_00765,2024-03-07 09:33:00,Email,email,email,Email_Retention,/about,70,mobile
SES_382874,USR_00765,2024-03-07 19:45:00,LinkedIn,linkedin,cpc,LinkedIn_B2B,/checkout,215,tablet
SES_773773,USR_00766,2024-03-19 00:49:00,Meta_Facebook,facebook,cpc,FB_Lookalike,/product,633,mobile
SES_113833,USR_00766,2024-03-12 02:41:00,Google_Search,google,cpc,GSearch_Competitor,/blog,430,tablet
SES_521003,USR_00766,2024-03-12 21:41:00,Meta_Facebook,facebook,cpc,FB_Retargeting,/blog,382,mobile
SES_224849,USR_00766,2024-03-14 20:35:00,Google_Search,google,cpc,GSearch_Brand,/home,423,mobile
SES_923652,USR_00767,2024-01-09 05:57:00,TikTok,tiktok,cpc,TikTok_Video1,/about,696,tablet
SES_931106,USR_00768,2024-01-22 23:40:00,LinkedIn,linkedin,cpc,LinkedIn_Lead,/pricing,55,tablet
SES_390549,USR_00768,2024-01-23 09:25:00,Meta_Facebook,,cpc,FB_Awareness,/checkout,641,desktop
SES_669114,USR_00768,2024-01-24 15:50:00,TikTok,tiktok,cpc,TikTok_Promo,/product,400,tablet
SES_168769,USR_00768,2024-01-22 08:24:00,Google_Search,google,cpc,GSearch_Generic,/checkout,469,tablet
SES_631288,USR_00769,2024-02-28 06:50:00,Organic,organic,organic,Organic_SEO,/pricing,605,tablet
SES_760583,USR_00769,2024-02-26 05:54:00,TikTok,tiktok,cpc,TikTok_Promo,/about,882,desktop
SES_352012,USR_00769,2024-02-26 04:01:00,Meta_Facebook,facebook,cpc,FB_Lookalike,/signup,708,desktop
SES_738528,USR_00769,2024-03-01 09:15:00,Meta_Facebook,,cpc,FB_Lookalike,/product,821,tablet
SES_415376,USR_00769,2024-02-29 07:55:00,LinkedIn,linkedin,cpc,LinkedIn_B2B,/checkout,470,tablet
SES_162467,USR_00770,2024-03-09 11:46:00,Meta_Facebook,facebook,cpc,FB_Awareness,/home,640,mobile
SES_580127,USR_00770,2024-03-13 06:17:00,Meta_Facebook,facebook,cpc,,/product,806,tablet
SES_613825,USR_00770,2024-03-12 04:54:00,TikTok,tiktok,cpc,TikTok_Promo,/blog,352,desktop
SES_686253,USR_00771,2024-03-21 11:07:00,Google_Search,,cpc,GSearch_Brand,/pricing,69,tablet
SES_789893,USR_00771,2024-03-23 05:35:00,TikTok,tiktok,cpc,TikTok_Video1,/home,349,mobile
SES_377687,USR_00771,2024-03-26 21:43:00,Google_Search,google,cpc,GSearch_Brand,/checkout,730,mobile
SES_249145,USR_00772,2024-03-08 07:42:00,Google_Search,google,cpc,GSearch_Competitor,/pricing,619,mobile
SES_583098,USR_00772,2024-03-07 08:09:00,Organic,organic,organic,Organic_SEO,/blog,474,tablet
SES_654203,USR_00773,2024-01-29 06:35:00,Google_Search,google,cpc,GSearch_Brand,/checkout,723,desktop
SES_142968,USR_00773,2024-01-29 19:52:00,Google_Search,google,cpc,GSearch_Brand,/checkout,112,tablet
SES_419224,USR_00773,2024-01-27 11:53:00,Meta_Facebook,facebook,cpc,FB_Retargeting,/pricing,350,tablet
SES_596926,USR_00773,2024-01-27 05:34:00,TikTok,tiktok,cpc,TikTok_Video1,/signup,140,desktop
SES_986944,USR_00774,2024-01-29 02:42:00,Meta_Facebook,,cpc,FB_Lookalike,/pricing,880,desktop
SES_206434,USR_00774,2024-01-31 05:48:00,Organic,organic,organic,Organic_SEO,/about,59,tablet
SES_511309,USR_00774,2024-01-30 05:00:00,Meta_Facebook,facebook,cpc,FB_Awareness,/blog,666,mobile
SES_121157,USR_00774,2024-02-01 07:59:00,TikTok,tiktok,cpc,TikTok_Video1,/blog,642,desktop
SES_856131,USR_00775,2024-03-03 19:52:00,Organic,organic,organic,Organic_Direct,/blog,582,mobile
SES_325772,USR_00776,2024-03-01 08:50:00,Google_Search,google,cpc,GSearch_Brand,/product,877,tablet
SES_405924,USR_00776,2024-02-23 20:09:00,Meta_Facebook,facebook,cpc,FB_Lookalike,/home,178,desktop
SES_284239,USR_00777,2024-02-07 23:15:00,Google_Search,google,cpc,GSearch_Brand,/home,282,desktop
SES_735833,USR_00777,2024-02-03 19:04:00,Meta_Facebook,facebook,cpc,FB_Lookalike,/home,765,desktop
SES_189213,USR_00777,2024-02-05 16:54:00,TikTok,tiktok,cpc,TikTok_Promo,/checkout,237,tablet
SES_188663,USR_00777,2024-02-05 01:43:00,Google_Search,google,cpc,GSearch_Competitor,/checkout,190,tablet
SES_527819,USR_00777,2024-02-08 04:43:00,Meta_Facebook,facebook,cpc,FB_Awareness,/blog,147,tablet
SES_324006,USR_00778,2024-03-20 05:32:00,Meta_Facebook,facebook,cpc,FB_Lookalike,/home,892,desktop
SES_612933,USR_00778,2024-03-20 07:52:00,TikTok,tiktok,cpc,TikTok_Video1,/blog,189,mobile
SES_925068,USR_00778,2024-03-19 10:28:00,TikTok,tiktok,cpc,TikTok_Video1,/product,725,desktop
SES_692319,USR_00778,2024-03-24 16:43:00,LinkedIn,linkedin,cpc,LinkedIn_B2B,/about,529,mobile
SES_491286,USR_00779,2024-02-12 06:03:00,Email,email,email,Email_Retention,/pricing,310,desktop
SES_495610,USR_00779,2024-02-07 23:51:00,Google_Search,,cpc,GSearch_Brand,/blog,279,tablet
SES_424721,USR_00779,2024-02-14 20:22:00,TikTok,tiktok,cpc,TikTok_Video1,/home,204,tablet
SES_780079,USR_00779,2024-02-12 01:17:00,Meta_Facebook,facebook,cpc,,/home,649,tablet
SES_172149,USR_00780,2024-02-10 17:45:00,TikTok,tiktok,cpc,TikTok_Promo,/checkout,179,mobile
SES_970427,USR_00780,2024-02-10 17:42:00,Meta_Facebook,,cpc,FB_Retargeting,/product,487,mobile
SES_671989,USR_00781,2024-01-12 09:10:00,Google_Search,google,cpc,GSearch_Brand,/product,32,mobile
SES_876189,USR_00782,2024-03-11 06:43:00,Meta_Facebook,facebook,cpc,FB_Retargeting,/checkout,108,tablet
SES_535511,USR_00782,2024-03-15 00:15:00,Meta_Facebook,facebook,cpc,FB_Awareness,/blog,608,tablet
SES_840746,USR_00783,2024-03-05 09:41:00,LinkedIn,linkedin,cpc,LinkedIn_B2B,/about,468,desktop
SES_204567,USR_00784,2024-01-06 01:30:00,Google_Search,,cpc,GSearch_Brand,/home,497,mobile
SES_933047,USR_00784,2024-01-12 20:42:00,Google_Search,google,cpc,GSearch_Competitor,/blog,888,tablet
SES_215478,USR_00785,2024-01-16 18:48:00,Google_Search,google,cpc,GSearch_Brand,/home,667,desktop
SES_746798,USR_00785,2024-01-18 12:22:00,Meta_Facebook,facebook,cpc,FB_Lookalike,/pricing,428,mobile
SES_870033,USR_00785,2024-01-16 21:51:00,Meta_Facebook,,cpc,FB_Lookalike,/home,734,tablet
SES_211727,USR_00786,2024-03-11 04:47:00,LinkedIn,linkedin,cpc,LinkedIn_Lead,/about,813,desktop
SES_581051,USR_00786,2024-03-12 03:12:00,Meta_Facebook,facebook,cpc,FB_Retargeting,/blog,896,tablet
SES_820781,USR_00786,2024-03-12 20:59:00,LinkedIn,linkedin,cpc,LinkedIn_B2B,/checkout,809,desktop
SES_499783,USR_00786,2024-03-11 05:31:00,Organic,organic,organic,Organic_Direct,/about,239,tablet
SES_536308,USR_00786,2024-03-08 03:43:00,Google_Search,google,cpc,GSearch_Competitor,/pricing,208,tablet
SES_657700,USR_00787,2024-02-19 23:26:00,Google_Search,google,cpc,GSearch_Brand,/product,455,desktop
SES_721968,USR_00788,2024-01-08 16:57:00,Meta_Facebook,facebook,cpc,FB_Lookalike,/about,52,mobile
SES_330570,USR_00788,2024-01-10 15:43:00,TikTok,,cpc,TikTok_Video1,/blog,686,mobile
SES_289923,USR_00788,2024-01-10 23:09:00,LinkedIn,linkedin,cpc,LinkedIn_B2B,/signup,753,tablet
SES_445852,USR_00788,2024-01-05 19:14:00,TikTok,tiktok,cpc,TikTok_Video1,/pricing,95,mobile
SES_573602,USR_00789,2024-01-13 05:08:00,LinkedIn,linkedin,cpc,LinkedIn_B2B,/blog,190,desktop
SES_568031,USR_00789,2024-01-14 22:37:00,Google_Search,,cpc,GSearch_Brand,/signup,440,tablet
SES_742590,USR_00789,2024-01-07 23:50:00,Email,email,email,Email_Promo,/signup,774,tablet
SES_159643,USR_00790,2024-03-21 10:10:00,Email,email,email,Email_Retention,/signup,168,mobile
SES_452061,USR_00790,2024-03-21 13:22:00,Google_Search,google,cpc,GSearch_Generic,/blog,785,mobile
SES_762534,USR_00790,2024-03-15 21:54:00,Organic,organic,organic,Organic_SEO,/signup,753,desktop
SES_583391,USR_00791,2024-02-02 11:53:00,Organic,organic,organic,Organic_SEO,/pricing,489,mobile
SES_611708,USR_00791,2024-02-07 17:32:00,Google_Search,google,cpc,GSearch_Competitor,/home,120,tablet
SES_713676,USR_00791,2024-02-04 01:25:00,Meta_Facebook,facebook,cpc,FB_Awareness,/blog,200,tablet
SES_180593,USR_00791,2024-02-01 13:31:00,Google_Search,google,cpc,,/pricing,223,tablet
SES_941304,USR_00792,2024-01-21 07:04:00,Google_Search,google,cpc,GSearch_Competitor,/about,658,tablet
SES_822727,USR_00792,2024-01-20 19:53:00,Google_Search,google,cpc,,/home,278,desktop
SES_335832,USR_00793,2024-03-22 10:44:00,LinkedIn,linkedin,cpc,LinkedIn_Lead,/about,870,mobile
SES_762823,USR_00793,2024-03-18 04:09:00,Google_Search,google,cpc,GSearch_Generic,/pricing,825,desktop
SES_684739,USR_00794,2024-03-01 02:40:00,Google_Search,google,cpc,GSearch_Competitor,/checkout,893,desktop
SES_840995,USR_00795,2024-02-25 06:25:00,Organic,organic,organic,Organic_SEO,/signup,68,mobile
SES_964880,USR_00795,2024-02-29 06:46:00,Google_Search,google,cpc,GSearch_Competitor,/signup,598,desktop
SES_732404,USR_00795,2024-02-28 07:00:00,Google_Search,google,cpc,GSearch_Generic,/signup,850,desktop
SES_148382,USR_00795,2024-02-29 20:37:00,Meta_Facebook,facebook,cpc,FB_Awareness,/about,742,tablet
SES_885654,USR_00796,2024-02-23 19:38:00,Google_Search,google,cpc,,/signup,210,tablet
SES_782466,USR_00796,2024-02-17 02:26:00,Meta_Facebook,facebook,cpc,FB_Awareness,/about,550,mobile
SES_549621,USR_00796,2024-02-17 14:01:00,Email,email,email,Email_Welcome,/about,739,mobile
SES_239045,USR_00797,2024-03-05 20:10:00,LinkedIn,linkedin,cpc,LinkedIn_B2B,/checkout,204,tablet
SES_293805,USR_00798,2024-01-16 23:15:00,Email,email,email,Email_Welcome,/about,350,desktop
SES_404285,USR_00798,2024-01-13 08:10:00,Google_Search,,cpc,GSearch_Competitor,/pricing,809,tablet
SES_356534,USR_00798,2024-01-17 11:00:00,Google_Search,,cpc,GSearch_Competitor,/checkout,645,desktop
SES_546480,USR_00799,2024-02-27 21:04:00,LinkedIn,linkedin,cpc,LinkedIn_B2B,/pricing,456,desktop
SES_301751,USR_00799,2024-02-22 19:34:00,TikTok,tiktok,cpc,TikTok_Promo,/blog,753,mobile
SES_414658,USR_00799,2024-02-25 10:05:00,Meta_Facebook,facebook,cpc,FB_Lookalike,/checkout,678,tablet
SES_961729,USR_00799,2024-02-22 02:01:00,Meta_Facebook,facebook,cpc,FB_Retargeting,/checkout,234,desktop
SES_764978,USR_00800,2024-02-14 05:15:00,Google_Search,google,cpc,GSearch_Competitor,/about,421,tablet
SES_281685,USR_00800,2024-02-16 05:36:00,Meta_Facebook,facebook,cpc,FB_Awareness,/pricing,269,mobile
SES_962684,USR_00800,2024-02-16 17:50:00,Google_Search,,cpc,GSearch_Generic,/signup,226,tablet
SES_394065,USR_00800,2024-02-10 20:40:00,Email,email,email,Email_Welcome,/signup,182,desktop
SES_945103,USR_00801,2024-02-24 09:43:00,TikTok,tiktok,cpc,TikTok_Video1,/blog,581,tablet
SES_652400,USR_00802,2024-02-04 12:27:00,Google_Search,google,cpc,GSearch_Generic,/blog,290,tablet
SES_361189,USR_00802,2024-01-31 23:35:00,Meta_Facebook,facebook,cpc,FB_Lookalike,/product,422,tablet
SES_973321,USR_00803,2024-03-16 00:36:00,Meta_Facebook,facebook,cpc,FB_Lookalike,/signup,385,mobile
SES_360821,USR_00803,2024-03-16 18:27:00,TikTok,tiktok,cpc,TikTok_Promo,/signup,649,desktop
SES_444076,USR_00804,2024-02-14 01:16:00,Meta_Facebook,facebook,cpc,FB_Retargeting,/about,157,tablet
SES_242998,USR_00804,2024-02-14 17:32:00,Google_Search,google,cpc,GSearch_Competitor,/about,247,desktop
SES_554702,USR_00804,2024-02-15 13:28:00,LinkedIn,linkedin,cpc,LinkedIn_Lead,/blog,581,tablet
SES_996675,USR_00805,2024-02-10 20:01:00,Google_Search,google,cpc,GSearch_Competitor,/signup,473,tablet
SES_184718,USR_00805,2024-02-03 00:48:00,Google_Search,google,cpc,GSearch_Generic,/product,847,tablet
SES_969551,USR_00805,2024-02-07 11:26:00,LinkedIn,linkedin,cpc,LinkedIn_Lead,/about,775,desktop
SES_120974,USR_00805,2024-02-03 21:06:00,TikTok,tiktok,cpc,TikTok_Video1,/about,533,tablet
SES_828020,USR_00805,2024-02-07 06:23:00,Google_Search,google,cpc,GSearch_Competitor,/blog,685,desktop
SES_777079,USR_00806,2024-03-12 10:50:00,Google_Search,google,cpc,GSearch_Generic,/about,448,tablet
SES_885792,USR_00806,2024-03-10 08:57:00,Meta_Facebook,,cpc,FB_Lookalike,/product,844,tablet
SES_447218,USR_00806,2024-03-13 14:07:00,Google_Search,google,cpc,GSearch_Competitor,/pricing,64,mobile
SES_840006,USR_00806,2024-03-12 15:27:00,Google_Search,google,cpc,GSearch_Competitor,/checkout,206,desktop
SES_361481,USR_00806,2024-03-11 16:41:00,Meta_Facebook,facebook,cpc,FB_Retargeting,/pricing,616,mobile
SES_119865,USR_00807,2024-03-12 23:53:00,TikTok,tiktok,cpc,TikTok_Video1,/home,52,mobile
SES_945689,USR_00807,2024-03-14 19:41:00,Meta_Facebook,facebook,cpc,FB_Awareness,/product,31,desktop
SES_494314,USR_00807,2024-03-17 15:03:00,Google_Search,google,cpc,GSearch_Competitor,/product,426,desktop
SES_418813,USR_00807,2024-03-18 21:18:00,Google_Search,google,cpc,GSearch_Brand,/product,673,tablet
SES_807018,USR_00808,2024-02-27 04:12:00,LinkedIn,linkedin,cpc,LinkedIn_B2B,/product,409,desktop
SES_570279,USR_00808,2024-02-27 07:53:00,Google_Search,google,cpc,GSearch_Competitor,/home,487,desktop
SES_808000,USR_00808,2024-02-25 13:56:00,Email,email,email,Email_Promo,/product,427,mobile
SES_619879,USR_00809,2024-03-02 11:39:00,TikTok,tiktok,cpc,TikTok_Promo,/pricing,730,desktop
SES_299500,USR_00809,2024-02-29 14:47:00,Organic,organic,organic,Organic_Direct,/about,836,desktop
SES_684657,USR_00809,2024-02-26 15:18:00,Organic,organic,organic,Organic_SEO,/home,301,mobile
SES_423092,USR_00809,2024-02-26 19:28:00,Organic,organic,organic,Organic_Direct,/pricing,234,desktop
SES_752204,USR_00810,2024-01-15 18:03:00,LinkedIn,linkedin,cpc,LinkedIn_B2B,/signup,63,tablet
SES_630831,USR_00811,2024-03-18 04:15:00,LinkedIn,linkedin,cpc,LinkedIn_Lead,/checkout,327,tablet
SES_357951,USR_00812,2024-02-16 10:11:00,Meta_Facebook,facebook,cpc,FB_Lookalike,/product,723,mobile
SES_803706,USR_00812,2024-02-19 00:55:00,Meta_Facebook,facebook,cpc,FB_Retargeting,/home,296,desktop
SES_871345,USR_00812,2024-02-13 07:52:00,Email,email,email,Email_Retention,/pricing,628,tablet
SES_720305,USR_00813,2024-02-24 23:25:00,Google_Search,google,cpc,GSearch_Competitor,/signup,351,mobile
SES_885253,USR_00813,2024-02-24 14:50:00,Meta_Facebook,facebook,cpc,FB_Awareness,/pricing,441,desktop
SES_197527,USR_00813,2024-02-24 16:41:00,Meta_Facebook,facebook,cpc,FB_Lookalike,/signup,693,desktop
SES_803819,USR_00814,2024-03-03 20:54:00,Google_Search,google,cpc,GSearch_Generic,/signup,883,desktop
SES_486777,USR_00814,2024-03-05 12:21:00,LinkedIn,linkedin,cpc,LinkedIn_B2B,/blog,630,desktop
SES_835454,USR_00814,2024-03-03 07:44:00,Meta_Facebook,,cpc,FB_Awareness,/product,33,tablet
SES_996915,USR_00814,2024-03-05 00:20:00,TikTok,tiktok,cpc,TikTok_Video1,/pricing,888,desktop
SES_365684,USR_00814,2024-03-06 01:22:00,TikTok,tiktok,cpc,TikTok_Promo,/home,251,mobile
SES_323571,USR_00815,2024-02-25 17:37:00,Google_Search,google,cpc,GSearch_Generic,/signup,122,desktop
SES_417137,USR_00815,2024-02-26 04:00:00,LinkedIn,linkedin,cpc,LinkedIn_Lead,/product,365,tablet
SES_804850,USR_00815,2024-02-23 05:58:00,Google_Search,google,cpc,GSearch_Brand,/checkout,261,tablet
SES_884040,USR_00815,2024-02-26 21:44:00,TikTok,tiktok,cpc,TikTok_Promo,/signup,446,desktop
SES_194552,USR_00815,2024-02-23 06:58:00,Organic,organic,organic,Organic_Direct,/pricing,108,tablet
SES_538732,USR_00816,2024-01-04 10:34:00,Meta_Facebook,facebook,cpc,FB_Lookalike,/signup,110,desktop
SES_612711,USR_00816,2024-01-05 17:38:00,Organic,organic,organic,Organic_Direct,/pricing,381,tablet
SES_680911,USR_00817,2024-01-12 12:21:00,LinkedIn,linkedin,cpc,LinkedIn_B2B,/pricing,857,tablet
SES_664172,USR_00817,2024-01-09 06:54:00,Meta_Facebook,facebook,cpc,FB_Lookalike,/home,631,mobile
SES_902610,USR_00817,2024-01-12 01:46:00,Meta_Facebook,,cpc,FB_Awareness,/home,230,tablet
SES_736171,USR_00817,2024-01-09 05:19:00,Email,email,email,Email_Promo,/product,135,tablet
SES_981240,USR_00817,2024-01-13 18:47:00,TikTok,tiktok,cpc,TikTok_Video1,/home,207,mobile
SES_410087,USR_00818,2024-02-12 23:25:00,Meta_Facebook,facebook,cpc,FB_Retargeting,/home,231,mobile
SES_156595,USR_00818,2024-02-11 02:20:00,Meta_Facebook,facebook,cpc,FB_Awareness,/product,69,mobile
SES_192223,USR_00818,2024-02-10 21:45:00,Email,,email,Email_Promo,/home,78,tablet
SES_435299,USR_00818,2024-02-16 14:26:00,Meta_Facebook,facebook,cpc,FB_Awareness,/checkout,889,tablet
SES_225492,USR_00818,2024-02-16 17:47:00,Google_Search,google,cpc,GSearch_Generic,/product,641,tablet
SES_421688,USR_00819,2024-01-25 21:05:00,Organic,organic,organic,Organic_Direct,/blog,781,mobile
SES_745775,USR_00820,2024-02-24 02:01:00,Organic,organic,organic,Organic_Direct,/home,801,tablet
SES_661561,USR_00821,2024-01-19 04:26:00,TikTok,tiktok,cpc,TikTok_Video1,/signup,545,mobile
SES_278781,USR_00821,2024-01-19 20:50:00,TikTok,tiktok,cpc,TikTok_Promo,/about,885,tablet
SES_620690,USR_00821,2024-01-23 18:51:00,Organic,organic,organic,Organic_SEO,/checkout,118,tablet
SES_764949,USR_00821,2024-01-17 20:59:00,Google_Search,google,cpc,GSearch_Competitor,/checkout,390,desktop
SES_252848,USR_00821,2024-01-19 00:02:00,LinkedIn,,cpc,LinkedIn_Lead,/checkout,706,desktop
SES_585575,USR_00822,2024-03-17 03:09:00,TikTok,tiktok,cpc,TikTok_Video1,/blog,388,mobile
SES_636576,USR_00822,2024-03-16 20:01:00,Meta_Facebook,facebook,cpc,FB_Awareness,/checkout,180,tablet
SES_281930,USR_00822,2024-03-18 05:16:00,Google_Search,,cpc,GSearch_Generic,/home,458,desktop
SES_457632,USR_00823,2024-03-06 01:45:00,Meta_Facebook,facebook,cpc,FB_Lookalike,/blog,53,desktop
SES_372194,USR_00823,2024-03-03 06:02:00,TikTok,tiktok,cpc,TikTok_Promo,/home,428,desktop
SES_656629,USR_00823,2024-03-07 16:59:00,Meta_Facebook,facebook,cpc,FB_Retargeting,/blog,483,tablet
SES_155015,USR_00824,2024-02-20 13:41:00,TikTok,,cpc,TikTok_Video1,/product,171,tablet
SES_683021,USR_00824,2024-02-14 12:00:00,Email,email,email,Email_Welcome,/pricing,523,tablet
SES_705466,USR_00824,2024-02-18 19:00:00,TikTok,tiktok,cpc,TikTok_Promo,/product,551,mobile
SES_646366,USR_00824,2024-02-17 18:51:00,Meta_Facebook,facebook,cpc,FB_Awareness,/signup,360,tablet
SES_890086,USR_00825,2024-03-14 03:16:00,Organic,organic,organic,Organic_Direct,/about,858,tablet
SES_350996,USR_00825,2024-03-12 18:22:00,Organic,organic,organic,Organic_SEO,/home,783,desktop
SES_865621,USR_00826,2024-01-28 12:31:00,Email,email,email,Email_Promo,/home,857,tablet
SES_884559,USR_00826,2024-02-01 13:53:00,Email,email,email,Email_Retention,/signup,369,desktop
SES_794605,USR_00826,2024-01-30 17:42:00,TikTok,tiktok,cpc,TikTok_Video1,/product,192,tablet
SES_328939,USR_00826,2024-01-30 04:15:00,LinkedIn,linkedin,cpc,LinkedIn_B2B,/pricing,244,mobile
SES_542924,USR_00827,2024-03-11 15:58:00,Meta_Facebook,facebook,cpc,FB_Awareness,/about,684,desktop
SES_329439,USR_00827,2024-03-06 15:17:00,TikTok,tiktok,cpc,TikTok_Promo,/checkout,317,tablet
SES_474775,USR_00827,2024-03-11 20:12:00,Email,email,email,Email_Promo,/home,519,desktop
SES_627377,USR_00827,2024-03-11 22:39:00,TikTok,tiktok,cpc,TikTok_Promo,/about,311,tablet
SES_652141,USR_00828,2024-02-06 12:43:00,Organic,organic,organic,Organic_SEO,/product,468,desktop
SES_545016,USR_00828,2024-02-10 08:21:00,LinkedIn,linkedin,cpc,LinkedIn_B2B,/product,304,tablet
SES_772479,USR_00828,2024-02-11 13:19:00,Meta_Facebook,,cpc,FB_Lookalike,/home,656,desktop
SES_948239,USR_00828,2024-02-12 01:36:00,Meta_Facebook,facebook,cpc,FB_Lookalike,/product,389,tablet
SES_190032,USR_00829,2024-01-24 23:20:00,Email,email,email,Email_Promo,/blog,516,tablet
SES_896209,USR_00829,2024-01-26 17:50:00,Google_Search,google,cpc,GSearch_Generic,/checkout,250,desktop
SES_645154,USR_00829,2024-01-26 08:27:00,Meta_Facebook,facebook,cpc,FB_Lookalike,/checkout,740,mobile
SES_932185,USR_00829,2024-01-25 06:12:00,Email,email,email,Email_Retention,/pricing,596,mobile
SES_353766,USR_00829,2024-01-25 11:50:00,Email,email,email,Email_Promo,/blog,438,desktop
SES_356951,USR_00830,2024-01-19 18:09:00,Meta_Facebook,facebook,cpc,,/about,71,tablet
SES_522471,USR_00830,2024-01-20 20:44:00,Meta_Facebook,facebook,cpc,FB_Lookalike,/product,537,mobile
SES_931844,USR_00830,2024-01-14 09:39:00,TikTok,tiktok,cpc,TikTok_Video1,/blog,94,mobile
SES_815968,USR_00830,2024-01-16 04:51:00,LinkedIn,linkedin,cpc,LinkedIn_Lead,/blog,403,tablet
SES_991070,USR_00831,2024-01-23 20:53:00,Email,email,email,Email_Promo,/checkout,252,tablet
SES_266424,USR_00832,2024-01-10 12:11:00,Meta_Facebook,facebook,cpc,FB_Lookalike,/about,296,mobile
SES_514632,USR_00832,2024-01-08 00:28:00,Meta_Facebook,facebook,cpc,FB_Awareness,/blog,654,mobile
SES_606750,USR_00833,2024-02-14 11:23:00,TikTok,tiktok,cpc,TikTok_Video1,/home,186,tablet
SES_316015,USR_00833,2024-02-17 21:06:00,Google_Search,google,cpc,GSearch_Generic,/about,312,tablet
SES_775380,USR_00833,2024-02-15 10:42:00,Meta_Facebook,facebook,cpc,FB_Awareness,/blog,517,desktop
SES_138483,USR_00833,2024-02-20 15:01:00,Meta_Facebook,facebook,cpc,FB_Lookalike,/pricing,363,desktop
SES_663130,USR_00834,2024-02-06 15:42:00,TikTok,tiktok,cpc,TikTok_Promo,/about,134,desktop
SES_970389,USR_00834,2024-02-09 18:17:00,Email,email,email,Email_Welcome,/signup,657,mobile
SES_462570,USR_00834,2024-02-10 06:23:00,Meta_Facebook,facebook,cpc,FB_Awareness,/blog,504,desktop
SES_774705,USR_00834,2024-02-04 08:29:00,Organic,organic,organic,Organic_SEO,/about,264,desktop
SES_827957,USR_00834,2024-02-07 17:30:00,Google_Search,google,cpc,GSearch_Brand,/product,207,desktop
SES_866749,USR_00835,2024-03-05 20:31:00,Meta_Facebook,facebook,cpc,FB_Retargeting,/pricing,127,desktop
SES_429330,USR_00835,2024-03-05 04:15:00,Email,email,email,Email_Promo,/signup,178,tablet
SES_806898,USR_00835,2024-03-05 23:37:00,Organic,organic,organic,Organic_Direct,/signup,886,desktop
SES_528641,USR_00836,2024-03-21 12:02:00,Email,email,email,Email_Promo,/product,836,tablet
SES_349913,USR_00836,2024-03-21 06:47:00,TikTok,tiktok,cpc,TikTok_Video1,/checkout,700,tablet
SES_519899,USR_00836,2024-03-21 18:28:00,Meta_Facebook,,cpc,FB_Lookalike,/checkout,763,mobile
SES_948672,USR_00836,2024-03-21 22:15:00,LinkedIn,linkedin,cpc,LinkedIn_Lead,/pricing,157,tablet
SES_848562,USR_00837,2024-02-15 12:02:00,Organic,organic,organic,Organic_SEO,/home,502,mobile
SES_464835,USR_00837,2024-02-13 19:43:00,TikTok,tiktok,cpc,TikTok_Promo,/home,704,mobile
SES_928980,USR_00837,2024-02-11 20:17:00,Meta_Facebook,facebook,cpc,FB_Retargeting,/blog,64,desktop
SES_837815,USR_00838,2024-02-27 04:07:00,Organic,organic,organic,Organic_Direct,/checkout,847,desktop
SES_470085,USR_00838,2024-02-28 06:50:00,TikTok,tiktok,cpc,TikTok_Promo,/about,528,mobile
SES_147684,USR_00838,2024-03-01 15:03:00,Email,email,email,Email_Promo,/about,161,mobile
SES_462184,USR_00838,2024-02-28 03:48:00,Google_Search,google,cpc,GSearch_Brand,/product,656,mobile
SES_424940,USR_00838,2024-02-26 05:31:00,Google_Search,google,cpc,GSearch_Brand,/checkout,347,tablet
SES_862503,USR_00839,2024-03-02 18:26:00,Email,email,email,Email_Welcome,/about,817,mobile
SES_799987,USR_00839,2024-02-29 00:42:00,Meta_Facebook,facebook,cpc,FB_Retargeting,/home,497,tablet
SES_126413,USR_00840,2024-02-22 16:11:00,Email,email,email,Email_Retention,/signup,380,mobile
SES_377260,USR_00840,2024-02-22 22:49:00,Google_Search,google,cpc,GSearch_Competitor,/signup,99,mobile
SES_804872,USR_00841,2024-03-13 04:12:00,Meta_Facebook,facebook,cpc,FB_Awareness,/signup,851,mobile
SES_944212,USR_00841,2024-03-08 12:05:00,Google_Search,google,cpc,GSearch_Competitor,/home,629,desktop
SES_895054,USR_00841,2024-03-09 10:28:00,Email,email,email,Email_Retention,/pricing,674,tablet
SES_819785,USR_00841,2024-03-11 10:17:00,Meta_Facebook,facebook,cpc,FB_Lookalike,/pricing,108,mobile
SES_572011,USR_00841,2024-03-08 06:32:00,LinkedIn,,cpc,LinkedIn_Lead,/home,733,desktop
SES_978183,USR_00842,2024-01-11 23:27:00,TikTok,tiktok,cpc,TikTok_Video1,/blog,338,mobile
SES_273867,USR_00842,2024-01-12 00:04:00,Email,email,email,Email_Welcome,/pricing,707,tablet
SES_564430,USR_00843,2024-01-29 05:34:00,Meta_Facebook,facebook,cpc,FB_Retargeting,/product,428,mobile
SES_405219,USR_00843,2024-01-29 14:58:00,Google_Search,google,cpc,GSearch_Generic,/about,77,tablet
SES_348762,USR_00844,2024-01-08 14:24:00,TikTok,tiktok,cpc,TikTok_Promo,/product,788,tablet
SES_168870,USR_00844,2024-01-07 20:26:00,Google_Search,google,cpc,GSearch_Generic,/product,126,desktop
SES_688161,USR_00844,2024-01-04 01:42:00,Google_Search,google,cpc,GSearch_Competitor,/pricing,135,tablet
SES_803894,USR_00844,2024-01-08 05:24:00,Email,,email,Email_Welcome,/signup,334,tablet
SES_214492,USR_00844,2024-01-07 18:39:00,LinkedIn,linkedin,cpc,LinkedIn_Lead,/home,440,mobile
SES_691983,USR_00845,2024-01-30 23:45:00,Meta_Facebook,facebook,cpc,FB_Lookalike,/signup,528,tablet
SES_220054,USR_00845,2024-01-30 22:38:00,Google_Search,google,cpc,GSearch_Brand,/about,729,mobile
SES_516395,USR_00845,2024-01-31 17:09:00,TikTok,tiktok,cpc,TikTok_Promo,/blog,430,desktop
SES_361062,USR_00846,2024-03-04 20:57:00,Google_Search,google,cpc,GSearch_Generic,/about,776,mobile
SES_870672,USR_00847,2024-01-28 00:35:00,LinkedIn,linkedin,cpc,LinkedIn_B2B,/checkout,552,desktop
SES_732799,USR_00847,2024-01-27 07:12:00,LinkedIn,linkedin,cpc,LinkedIn_B2B,/signup,406,tablet
SES_769807,USR_00847,2024-01-25 02:00:00,LinkedIn,linkedin,cpc,LinkedIn_Lead,/about,400,desktop
SES_328245,USR_00848,2024-02-12 22:45:00,Meta_Facebook,facebook,cpc,FB_Lookalike,/pricing,155,mobile
SES_192722,USR_00848,2024-02-13 04:58:00,LinkedIn,,cpc,LinkedIn_Lead,/blog,280,mobile
SES_706274,USR_00849,2024-03-19 00:59:00,Meta_Facebook,facebook,cpc,FB_Awareness,/product,377,tablet
SES_301584,USR_00850,2024-01-20 01:22:00,Organic,organic,organic,Organic_SEO,/about,542,desktop
SES_832584,USR_00850,2024-01-13 12:00:00,Email,,email,Email_Promo,/pricing,125,desktop
SES_719285,USR_00850,2024-01-17 10:13:00,Meta_Facebook,facebook,cpc,FB_Retargeting,/product,488,desktop
SES_579728,USR_00850,2024-01-17 14:55:00,Google_Search,google,cpc,GSearch_Competitor,/checkout,476,mobile
SES_849109,USR_00851,2024-02-23 18:51:00,Google_Search,google,cpc,GSearch_Generic,/checkout,495,tablet
SES_708325,USR_00852,2024-01-18 13:47:00,LinkedIn,linkedin,cpc,LinkedIn_B2B,/signup,769,tablet
SES_456815,USR_00852,2024-01-18 03:49:00,Meta_Facebook,facebook,cpc,FB_Lookalike,/home,339,tablet
SES_222754,USR_00853,2024-03-09 17:05:00,TikTok,tiktok,cpc,TikTok_Promo,/pricing,426,mobile
SES_917313,USR_00853,2024-03-14 18:57:00,Email,email,email,Email_Welcome,/pricing,867,tablet
SES_153713,USR_00853,2024-03-13 15:36:00,Email,email,email,Email_Promo,/about,431,desktop
SES_636594,USR_00854,2024-02-20 18:50:00,TikTok,tiktok,cpc,TikTok_Promo,/about,185,mobile
SES_813346,USR_00854,2024-02-22 00:48:00,TikTok,tiktok,cpc,TikTok_Video1,/product,623,mobile
SES_537111,USR_00854,2024-02-20 00:53:00,Organic,organic,organic,Organic_Direct,/about,418,tablet
SES_529671,USR_00854,2024-02-18 17:30:00,Organic,,organic,Organic_Direct,/home,669,desktop
SES_697167,USR_00855,2024-03-06 18:57:00,TikTok,,cpc,TikTok_Promo,/signup,446,mobile
SES_947141,USR_00855,2024-03-05 14:04:00,Google_Search,google,cpc,GSearch_Generic,/checkout,834,mobile
SES_680804,USR_00855,2024-02-28 19:26:00,Organic,organic,organic,Organic_SEO,/product,221,tablet
SES_271928,USR_00855,2024-02-28 07:12:00,Meta_Facebook,facebook,cpc,FB_Awareness,/checkout,824,mobile
SES_925751,USR_00856,2024-01-22 12:52:00,TikTok,tiktok,cpc,TikTok_Video1,/checkout,58,desktop
SES_236854,USR_00857,2024-02-06 06:21:00,TikTok,tiktok,cpc,TikTok_Video1,/about,580,desktop
SES_354216,USR_00857,2024-02-08 15:45:00,LinkedIn,,cpc,LinkedIn_Lead,/signup,79,mobile
SES_682679,USR_00857,2024-02-09 10:18:00,Email,email,email,Email_Promo,/blog,520,desktop
SES_645555,USR_00857,2024-02-06 00:16:00,Google_Search,google,cpc,GSearch_Competitor,/product,400,desktop
SES_530122,USR_00857,2024-02-07 09:08:00,Organic,organic,organic,Organic_SEO,/pricing,371,mobile
SES_289190,USR_00858,2024-03-18 01:14:00,TikTok,tiktok,cpc,,/checkout,634,mobile
SES_197549,USR_00858,2024-03-14 19:45:00,Google_Search,google,cpc,,/pricing,603,desktop
SES_649960,USR_00858,2024-03-18 15:10:00,Organic,organic,organic,Organic_SEO,/blog,538,mobile
SES_935928,USR_00858,2024-03-13 13:11:00,Google_Search,google,cpc,GSearch_Brand,/blog,867,mobile
SES_897171,USR_00859,2024-03-20 05:34:00,Meta_Facebook,facebook,cpc,FB_Retargeting,/blog,548,mobile
SES_652674,USR_00859,2024-03-21 15:19:00,Google_Search,,cpc,,/pricing,731,mobile
SES_787953,USR_00859,2024-03-16 00:05:00,Organic,organic,organic,Organic_SEO,/checkout,530,desktop
SES_622494,USR_00859,2024-03-18 19:08:00,Meta_Facebook,,cpc,FB_Lookalike,/checkout,742,mobile
SES_917804,USR_00860,2024-02-10 03:22:00,Meta_Facebook,facebook,cpc,FB_Lookalike,/product,445,tablet
SES_158093,USR_00861,2024-03-02 15:34:00,Google_Search,google,cpc,GSearch_Brand,/signup,379,desktop
SES_617379,USR_00861,2024-03-01 04:57:00,Google_Search,google,cpc,GSearch_Competitor,/product,735,tablet
SES_934269,USR_00861,2024-03-01 02:55:00,Meta_Facebook,facebook,cpc,FB_Awareness,/pricing,373,desktop
SES_795897,USR_00861,2024-02-29 17:21:00,Google_Search,google,cpc,GSearch_Generic,/blog,750,mobile
SES_553284,USR_00861,2024-03-05 15:38:00,Google_Search,,cpc,GSearch_Generic,/signup,524,tablet
SES_689667,USR_00862,2024-01-06 04:35:00,Meta_Facebook,facebook,cpc,FB_Awareness,/checkout,768,desktop
SES_982667,USR_00862,2024-01-06 00:53:00,Google_Search,google,cpc,GSearch_Competitor,/pricing,619,tablet
SES_762315,USR_00863,2024-03-07 11:58:00,Meta_Facebook,facebook,cpc,FB_Awareness,/pricing,860,mobile
SES_187327,USR_00863,2024-03-03 09:38:00,Meta_Facebook,facebook,cpc,FB_Retargeting,/product,49,desktop
SES_292433,USR_00864,2024-03-03 09:35:00,TikTok,tiktok,cpc,TikTok_Video1,/signup,508,mobile
SES_671907,USR_00864,2024-03-05 07:44:00,Google_Search,google,cpc,GSearch_Brand,/home,212,desktop
SES_842685,USR_00864,2024-03-06 14:30:00,LinkedIn,linkedin,cpc,LinkedIn_B2B,/product,799,desktop
SES_584903,USR_00865,2024-01-29 16:31:00,Google_Search,google,cpc,GSearch_Generic,/product,648,desktop
SES_992767,USR_00865,2024-01-30 09:14:00,Meta_Facebook,facebook,cpc,FB_Lookalike,/blog,722,tablet
SES_945236,USR_00865,2024-01-25 07:17:00,Email,email,email,,/blog,692,mobile
SES_856018,USR_00866,2024-01-21 01:36:00,Meta_Facebook,facebook,cpc,FB_Lookalike,/pricing,39,tablet
SES_233635,USR_00866,2024-01-18 09:56:00,Meta_Facebook,facebook,cpc,FB_Lookalike,/product,445,desktop
SES_331550,USR_00866,2024-01-19 13:50:00,Google_Search,google,cpc,GSearch_Generic,/blog,266,mobile
SES_255512,USR_00867,2024-01-15 14:15:00,Organic,organic,organic,Organic_SEO,/home,757,mobile
SES_371187,USR_00867,2024-01-18 15:55:00,Google_Search,google,cpc,GSearch_Brand,/pricing,461,tablet
SES_740026,USR_00867,2024-01-11 07:13:00,Email,,email,Email_Retention,/pricing,655,tablet
SES_768332,USR_00867,2024-01-15 07:53:00,Meta_Facebook,facebook,cpc,FB_Lookalike,/signup,809,tablet
SES_599820,USR_00867,2024-01-16 02:22:00,TikTok,tiktok,cpc,TikTok_Promo,/product,639,mobile
SES_917231,USR_00868,2024-01-28 07:25:00,LinkedIn,linkedin,cpc,LinkedIn_B2B,/pricing,40,mobile
SES_767056,USR_00868,2024-01-25 01:27:00,Google_Search,,cpc,,/pricing,892,desktop
SES_873372,USR_00869,2024-01-13 22:20:00,Meta_Facebook,facebook,cpc,FB_Lookalike,/pricing,296,tablet
SES_520009,USR_00869,2024-01-09 19:31:00,LinkedIn,linkedin,cpc,LinkedIn_Lead,/blog,177,tablet
SES_380640,USR_00869,2024-01-09 18:14:00,LinkedIn,linkedin,cpc,LinkedIn_Lead,/blog,231,desktop
SES_995139,USR_00869,2024-01-12 06:47:00,TikTok,tiktok,cpc,TikTok_Promo,/signup,717,tablet
SES_307752,USR_00870,2024-02-16 07:52:00,Meta_Facebook,facebook,cpc,FB_Awareness,/signup,875,tablet
SES_390701,USR_00870,2024-02-15 10:15:00,Email,,email,Email_Welcome,/checkout,888,tablet
SES_259936,USR_00871,2024-01-09 09:48:00,Organic,organic,organic,Organic_Direct,/about,289,mobile
SES_463688,USR_00871,2024-01-12 01:20:00,Google_Search,google,cpc,GSearch_Generic,/home,439,mobile
SES_473811,USR_00872,2024-02-03 10:34:00,Meta_Facebook,facebook,cpc,FB_Retargeting,/signup,540,mobile
SES_779089,USR_00872,2024-02-05 21:43:00,TikTok,tiktok,cpc,TikTok_Video1,/pricing,379,desktop
SES_191856,USR_00873,2024-01-11 04:20:00,TikTok,tiktok,cpc,TikTok_Video1,/product,552,mobile
SES_962239,USR_00873,2024-01-17 23:56:00,LinkedIn,linkedin,cpc,LinkedIn_B2B,/pricing,51,desktop
SES_899111,USR_00873,2024-01-13 02:39:00,LinkedIn,linkedin,cpc,LinkedIn_Lead,/checkout,511,mobile
SES_936283,USR_00874,2024-03-09 07:11:00,Meta_Facebook,facebook,cpc,FB_Retargeting,/blog,676,tablet
SES_551499,USR_00874,2024-03-06 03:47:00,Organic,organic,organic,Organic_Direct,/about,167,mobile
SES_109707,USR_00874,2024-03-09 00:29:00,Email,email,email,Email_Retention,/about,104,desktop
SES_947957,USR_00875,2024-02-09 11:42:00,Google_Search,google,cpc,GSearch_Competitor,/checkout,460,tablet
SES_125143,USR_00876,2024-02-29 16:02:00,Meta_Facebook,facebook,cpc,FB_Awareness,/checkout,813,tablet
SES_537883,USR_00876,2024-02-28 23:06:00,Google_Search,google,cpc,GSearch_Brand,/signup,81,tablet
SES_684337,USR_00876,2024-03-02 03:34:00,TikTok,tiktok,cpc,TikTok_Promo,/blog,242,mobile
SES_354880,USR_00876,2024-03-03 17:33:00,LinkedIn,linkedin,cpc,LinkedIn_Lead,/home,447,tablet
SES_724830,USR_00877,2024-03-14 01:22:00,Google_Search,google,cpc,GSearch_Competitor,/checkout,66,tablet
SES_268099,USR_00877,2024-03-15 12:30:00,Meta_Facebook,facebook,cpc,FB_Lookalike,/product,566,mobile
SES_101863,USR_00877,2024-03-09 23:40:00,Meta_Facebook,facebook,cpc,FB_Retargeting,/blog,144,tablet
SES_540375,USR_00877,2024-03-13 09:01:00,Meta_Facebook,facebook,cpc,FB_Awareness,/about,558,mobile
SES_645709,USR_00878,2024-03-12 19:37:00,Google_Search,google,cpc,GSearch_Generic,/checkout,613,desktop
SES_372852,USR_00879,2024-02-07 12:30:00,Organic,organic,organic,Organic_SEO,/pricing,607,mobile
SES_615294,USR_00880,2024-02-24 03:05:00,Meta_Facebook,facebook,cpc,FB_Retargeting,/about,341,desktop
SES_521706,USR_00880,2024-02-24 06:19:00,Google_Search,google,cpc,GSearch_Competitor,/product,798,mobile
SES_117047,USR_00880,2024-02-18 23:02:00,Organic,organic,organic,Organic_Direct,/product,387,tablet
SES_599979,USR_00880,2024-02-23 15:50:00,Meta_Facebook,facebook,cpc,FB_Retargeting,/product,48,tablet
SES_268703,USR_00881,2024-01-19 13:06:00,Meta_Facebook,facebook,cpc,FB_Awareness,/pricing,319,tablet
SES_797079,USR_00881,2024-01-20 01:08:00,TikTok,tiktok,cpc,TikTok_Video1,/pricing,867,desktop
SES_631922,USR_00882,2024-02-11 23:46:00,TikTok,tiktok,cpc,TikTok_Promo,/home,711,tablet
SES_645708,USR_00882,2024-02-14 16:30:00,TikTok,tiktok,cpc,TikTok_Promo,/product,347,desktop
SES_395801,USR_00882,2024-02-12 07:33:00,Meta_Facebook,facebook,cpc,FB_Retargeting,/product,820,tablet
SES_422136,USR_00883,2024-01-04 19:59:00,TikTok,tiktok,cpc,TikTok_Promo,/product,48,desktop
SES_891250,USR_00884,2024-01-21 12:09:00,Organic,organic,organic,Organic_Direct,/blog,664,desktop
SES_252328,USR_00884,2024-01-17 10:09:00,Meta_Facebook,facebook,cpc,FB_Awareness,/about,826,desktop
SES_335357,USR_00884,2024-01-20 09:02:00,Google_Search,google,cpc,,/pricing,421,tablet
SES_872358,USR_00885,2024-02-28 01:52:00,Google_Search,google,cpc,GSearch_Brand,/pricing,134,tablet
SES_552310,USR_00885,2024-02-29 01:45:00,LinkedIn,linkedin,cpc,LinkedIn_B2B,/blog,850,mobile
SES_908791,USR_00885,2024-02-29 08:31:00,Google_Search,google,cpc,GSearch_Brand,/checkout,658,mobile
SES_509896,USR_00885,2024-03-04 19:20:00,LinkedIn,,cpc,LinkedIn_Lead,/signup,594,desktop
SES_682296,USR_00886,2024-02-10 04:16:00,Google_Search,google,cpc,GSearch_Brand,/blog,587,desktop
SES_180540,USR_00886,2024-02-11 09:23:00,LinkedIn,linkedin,cpc,LinkedIn_B2B,/home,261,mobile
SES_499138,USR_00886,2024-02-09 20:37:00,Organic,organic,organic,Organic_SEO,/signup,154,desktop
SES_376503,USR_00887,2024-03-21 14:59:00,TikTok,,cpc,TikTok_Promo,/signup,836,mobile
SES_869274,USR_00888,2024-03-14 10:54:00,Email,email,email,Email_Retention,/about,703,tablet
SES_801581,USR_00888,2024-03-15 06:18:00,Email,email,email,Email_Retention,/home,76,mobile
SES_208679,USR_00888,2024-03-17 03:54:00,Google_Search,google,cpc,GSearch_Brand,/signup,605,tablet
SES_342699,USR_00888,2024-03-14 05:20:00,Meta_Facebook,facebook,cpc,FB_Lookalike,/checkout,148,desktop
SES_101429,USR_00888,2024-03-13 18:47:00,Meta_Facebook,,cpc,FB_Lookalike,/pricing,841,mobile
SES_122838,USR_00889,2024-02-29 06:06:00,Google_Search,google,cpc,GSearch_Competitor,/pricing,858,desktop
SES_579959,USR_00889,2024-03-05 10:42:00,Google_Search,google,cpc,GSearch_Generic,/about,644,desktop
SES_571579,USR_00889,2024-02-28 08:16:00,Meta_Facebook,,cpc,FB_Lookalike,/blog,672,tablet
SES_339871,USR_00889,2024-03-06 12:47:00,Google_Search,google,cpc,GSearch_Brand,/blog,325,mobile
SES_335035,USR_00890,2024-03-27 05:27:00,Organic,,organic,Organic_SEO,/signup,858,desktop
SES_464571,USR_00890,2024-03-26 15:59:00,Google_Search,google,cpc,GSearch_Brand,/about,277,mobile
SES_925025,USR_00891,2024-01-11 03:10:00,Organic,organic,organic,Organic_Direct,/pricing,261,desktop
SES_519436,USR_00892,2024-02-23 14:38:00,Google_Search,google,cpc,GSearch_Generic,/pricing,604,desktop
SES_781187,USR_00893,2024-03-11 07:25:00,Meta_Facebook,,cpc,,/signup,139,mobile
SES_175304,USR_00893,2024-03-07 14:31:00,Organic,organic,organic,,/signup,257,tablet
SES_955505,USR_00893,2024-03-14 01:28:00,Meta_Facebook,facebook,cpc,FB_Lookalike,/blog,135,mobile
SES_154600,USR_00893,2024-03-08 01:17:00,Meta_Facebook,facebook,cpc,FB_Awareness,/blog,54,mobile
SES_473998,USR_00893,2024-03-08 10:54:00,Google_Search,,cpc,GSearch_Generic,/blog,463,desktop
SES_865891,USR_00894,2024-02-02 13:44:00,Google_Search,google,cpc,GSearch_Competitor,/pricing,413,mobile
SES_958305,USR_00894,2024-02-02 06:46:00,TikTok,tiktok,cpc,TikTok_Video1,/product,398,mobile
SES_714115,USR_00894,2024-01-30 18:11:00,Email,email,email,Email_Welcome,/about,671,desktop
SES_208806,USR_00895,2024-02-03 14:13:00,LinkedIn,linkedin,cpc,LinkedIn_Lead,/blog,340,desktop
SES_305600,USR_00895,2024-01-30 23:51:00,Google_Search,google,cpc,GSearch_Generic,/blog,872,desktop
SES_602438,USR_00895,2024-02-03 21:51:00,Email,email,email,Email_Retention,/about,596,desktop
SES_230409,USR_00896,2024-02-04 15:58:00,Organic,organic,organic,Organic_SEO,/blog,429,desktop
SES_340119,USR_00897,2024-02-25 10:29:00,Meta_Facebook,facebook,cpc,FB_Awareness,/blog,158,mobile
SES_742101,USR_00898,2024-02-21 06:59:00,Meta_Facebook,facebook,cpc,FB_Lookalike,/pricing,798,desktop
SES_116332,USR_00899,2024-02-14 03:18:00,Google_Search,google,cpc,GSearch_Competitor,/checkout,673,tablet
SES_852193,USR_00899,2024-02-13 07:16:00,Meta_Facebook,facebook,cpc,FB_Retargeting,/checkout,165,desktop
SES_258246,USR_00899,2024-02-09 11:20:00,LinkedIn,linkedin,cpc,LinkedIn_Lead,/product,648,tablet
SES_156199,USR_00899,2024-02-08 00:03:00,Meta_Facebook,facebook,cpc,FB_Awareness,/checkout,112,mobile
SES_301878,USR_00900,2024-01-16 17:16:00,Meta_Facebook,,cpc,FB_Lookalike,/signup,288,tablet
SES_805257,USR_00901,2024-03-22 23:35:00,Google_Search,google,cpc,,/blog,173,tablet
SES_700792,USR_00901,2024-03-24 19:03:00,Meta_Facebook,facebook,cpc,FB_Lookalike,/signup,726,tablet
SES_164342,USR_00901,2024-03-27 08:42:00,Meta_Facebook,facebook,cpc,FB_Retargeting,/pricing,571,mobile
SES_532738,USR_00901,2024-03-28 11:20:00,TikTok,tiktok,cpc,TikTok_Promo,/checkout,459,mobile
SES_242829,USR_00901,2024-03-23 04:01:00,Google_Search,google,cpc,GSearch_Brand,/about,248,mobile
SES_852651,USR_00902,2024-02-24 07:53:00,Google_Search,,cpc,GSearch_Generic,/home,189,mobile
SES_350332,USR_00902,2024-02-26 13:32:00,Google_Search,google,cpc,GSearch_Brand,/product,354,tablet
SES_355661,USR_00902,2024-02-21 04:14:00,Meta_Facebook,facebook,cpc,,/signup,621,tablet
SES_246708,USR_00902,2024-02-21 17:09:00,LinkedIn,linkedin,cpc,LinkedIn_B2B,/checkout,854,desktop
SES_583493,USR_00902,2024-02-27 18:16:00,Organic,organic,organic,Organic_SEO,/blog,896,tablet
SES_898606,USR_00903,2024-02-13 08:16:00,Organic,organic,organic,Organic_Direct,/pricing,730,tablet
SES_550053,USR_00903,2024-02-15 22:46:00,LinkedIn,linkedin,cpc,LinkedIn_B2B,/blog,475,tablet
SES_333374,USR_00903,2024-02-12 07:02:00,Email,,email,Email_Welcome,/about,293,mobile
SES_432675,USR_00903,2024-02-11 22:22:00,Meta_Facebook,facebook,cpc,FB_Lookalike,/blog,721,tablet
SES_604870,USR_00903,2024-02-11 16:30:00,LinkedIn,linkedin,cpc,LinkedIn_Lead,/blog,83,mobile
SES_509126,USR_00904,2024-03-15 07:29:00,TikTok,tiktok,cpc,TikTok_Video1,/product,149,desktop
SES_252834,USR_00904,2024-03-16 06:20:00,Email,email,email,,/blog,334,mobile
SES_695354,USR_00904,2024-03-14 15:29:00,Google_Search,google,cpc,GSearch_Generic,/signup,262,tablet
SES_431189,USR_00905,2024-03-17 11:04:00,TikTok,tiktok,cpc,TikTok_Promo,/blog,688,mobile
SES_602775,USR_00905,2024-03-18 21:13:00,LinkedIn,linkedin,cpc,LinkedIn_Lead,/about,496,mobile
SES_784653,USR_00905,2024-03-17 14:55:00,LinkedIn,linkedin,cpc,LinkedIn_Lead,/about,136,mobile
SES_315258,USR_00905,2024-03-16 06:01:00,Meta_Facebook,facebook,cpc,FB_Awareness,/signup,44,tablet
SES_253252,USR_00906,2024-02-22 18:10:00,Organic,organic,organic,Organic_SEO,/checkout,288,tablet
SES_594616,USR_00907,2024-01-25 21:45:00,Google_Search,google,cpc,,/blog,567,mobile
SES_470296,USR_00907,2024-01-19 09:34:00,Google_Search,google,cpc,GSearch_Generic,/pricing,182,mobile
SES_123599,USR_00907,2024-01-18 17:18:00,Meta_Facebook,,cpc,FB_Retargeting,/product,587,desktop
SES_613861,USR_00907,2024-01-22 19:44:00,Email,email,email,Email_Welcome,/about,810,mobile
SES_470653,USR_00907,2024-01-24 10:05:00,Meta_Facebook,facebook,cpc,FB_Retargeting,/checkout,756,mobile
SES_905918,USR_00908,2024-02-17 08:45:00,Google_Search,google,cpc,GSearch_Brand,/product,161,desktop
SES_235268,USR_00909,2024-01-27 07:20:00,Google_Search,,cpc,GSearch_Generic,/home,187,tablet
SES_959071,USR_00909,2024-01-30 20:17:00,Google_Search,google,cpc,GSearch_Brand,/product,497,desktop
SES_735588,USR_00910,2024-03-15 03:55:00,Organic,organic,organic,Organic_SEO,/about,756,desktop
SES_594136,USR_00910,2024-03-17 23:43:00,Google_Search,google,cpc,GSearch_Generic,/pricing,39,mobile
SES_204427,USR_00911,2024-01-05 13:25:00,Meta_Facebook,,cpc,,/pricing,624,desktop
SES_447380,USR_00911,2024-01-01 17:01:00,Google_Search,google,cpc,GSearch_Competitor,/home,367,tablet
SES_278212,USR_00912,2024-03-09 16:00:00,Google_Search,google,cpc,GSearch_Competitor,/blog,162,desktop
SES_527761,USR_00913,2024-01-21 19:36:00,Google_Search,google,cpc,GSearch_Brand,/checkout,455,mobile
SES_356421,USR_00914,2024-01-21 22:10:00,Email,email,email,Email_Retention,/product,706,tablet
SES_566672,USR_00914,2024-01-16 20:19:00,Meta_Facebook,facebook,cpc,FB_Awareness,/product,388,desktop
SES_809217,USR_00915,2024-02-16 06:38:00,Organic,organic,organic,Organic_SEO,/pricing,77,mobile
SES_975376,USR_00916,2024-01-20 05:29:00,LinkedIn,linkedin,cpc,LinkedIn_Lead,/about,751,tablet
SES_657343,USR_00917,2024-03-11 18:01:00,Meta_Facebook,,cpc,FB_Retargeting,/product,50,desktop
SES_841027,USR_00917,2024-03-14 18:30:00,Email,email,email,Email_Retention,/home,886,tablet
SES_738742,USR_00917,2024-03-15 07:23:00,Google_Search,google,cpc,GSearch_Generic,/checkout,366,tablet
SES_441820,USR_00917,2024-03-13 23:50:00,TikTok,tiktok,cpc,TikTok_Promo,/pricing,607,desktop
SES_192550,USR_00917,2024-03-16 03:43:00,Meta_Facebook,facebook,cpc,FB_Lookalike,/product,834,desktop
SES_249732,USR_00918,2024-03-14 14:55:00,Google_Search,google,cpc,GSearch_Generic,/pricing,362,tablet
SES_990102,USR_00918,2024-03-12 11:33:00,Google_Search,,cpc,GSearch_Generic,/blog,505,mobile
SES_221934,USR_00918,2024-03-12 06:12:00,Email,email,email,Email_Retention,/about,756,tablet
SES_813827,USR_00918,2024-03-17 23:04:00,Google_Search,google,cpc,GSearch_Competitor,/product,717,tablet
SES_876442,USR_00918,2024-03-14 03:47:00,Google_Search,google,cpc,GSearch_Generic,/product,778,tablet
SES_513083,USR_00919,2024-03-04 01:58:00,Meta_Facebook,facebook,cpc,FB_Awareness,/signup,899,mobile
SES_809493,USR_00919,2024-03-05 11:56:00,Meta_Facebook,facebook,cpc,FB_Lookalike,/signup,179,tablet
SES_910515,USR_00919,2024-03-07 08:49:00,LinkedIn,linkedin,cpc,LinkedIn_Lead,/product,619,desktop
SES_108968,USR_00919,2024-03-08 20:00:00,TikTok,tiktok,cpc,TikTok_Video1,/about,272,desktop
SES_817216,USR_00919,2024-03-06 20:42:00,TikTok,tiktok,cpc,TikTok_Promo,/pricing,849,desktop
SES_546738,USR_00920,2024-01-15 04:24:00,Meta_Facebook,facebook,cpc,FB_Awareness,/checkout,819,desktop
SES_695638,USR_00920,2024-01-19 03:44:00,TikTok,tiktok,cpc,TikTok_Promo,/about,61,tablet
SES_740914,USR_00920,2024-01-19 16:21:00,Google_Search,google,cpc,GSearch_Competitor,/checkout,682,tablet
SES_481549,USR_00921,2024-01-14 16:54:00,Email,email,email,Email_Retention,/pricing,491,tablet
SES_936101,USR_00921,2024-01-10 17:04:00,Organic,organic,organic,Organic_Direct,/about,518,tablet
SES_612549,USR_00921,2024-01-11 22:13:00,Organic,organic,organic,Organic_SEO,/home,483,tablet
SES_819409,USR_00921,2024-01-08 20:55:00,Email,email,email,Email_Promo,/product,353,tablet
SES_506747,USR_00921,2024-01-07 18:10:00,TikTok,tiktok,cpc,TikTok_Video1,/product,225,mobile
SES_456586,USR_00922,2024-02-15 04:35:00,Google_Search,google,cpc,GSearch_Brand,/pricing,728,mobile
SES_511658,USR_00922,2024-02-13 10:12:00,Google_Search,google,cpc,GSearch_Brand,/product,499,mobile
SES_572373,USR_00922,2024-02-16 04:16:00,TikTok,tiktok,cpc,TikTok_Promo,/blog,736,mobile
SES_178471,USR_00922,2024-02-14 09:27:00,Google_Search,google,cpc,GSearch_Brand,/signup,657,desktop
SES_573415,USR_00922,2024-02-11 01:58:00,TikTok,tiktok,cpc,TikTok_Promo,/product,67,mobile
SES_931486,USR_00923,2024-01-22 11:36:00,Google_Search,google,cpc,GSearch_Brand,/pricing,848,desktop
SES_794861,USR_00923,2024-01-21 19:05:00,Google_Search,google,cpc,GSearch_Brand,/checkout,181,desktop
SES_208389,USR_00923,2024-01-15 04:10:00,Email,,email,Email_Promo,/signup,183,tablet
SES_539611,USR_00923,2024-01-18 17:44:00,TikTok,tiktok,cpc,TikTok_Video1,/pricing,284,tablet
SES_527703,USR_00924,2024-02-07 06:45:00,Meta_Facebook,facebook,cpc,FB_Lookalike,/pricing,468,mobile
SES_777554,USR_00925,2024-03-11 04:31:00,LinkedIn,linkedin,cpc,LinkedIn_Lead,/about,226,tablet
SES_828006,USR_00925,2024-03-04 23:52:00,Google_Search,,cpc,GSearch_Generic,/product,439,tablet
SES_690144,USR_00925,2024-03-10 00:11:00,LinkedIn,linkedin,cpc,LinkedIn_B2B,/checkout,218,mobile
SES_519861,USR_00925,2024-03-04 03:29:00,TikTok,tiktok,cpc,TikTok_Promo,/signup,650,mobile
SES_281029,USR_00926,2024-02-29 01:03:00,Organic,organic,organic,Organic_SEO,/product,628,mobile
SES_271536,USR_00926,2024-03-04 03:24:00,Meta_Facebook,facebook,cpc,FB_Retargeting,/product,775,mobile
SES_979838,USR_00926,2024-03-03 02:47:00,TikTok,tiktok,cpc,TikTok_Video1,/blog,191,tablet
SES_335228,USR_00926,2024-03-06 00:30:00,LinkedIn,linkedin,cpc,LinkedIn_B2B,/home,193,mobile
SES_784057,USR_00927,2024-01-06 14:28:00,Email,email,email,Email_Welcome,/checkout,316,mobile
SES_614846,USR_00927,2024-01-13 23:34:00,LinkedIn,linkedin,cpc,LinkedIn_Lead,/blog,485,mobile
SES_643742,USR_00927,2024-01-08 22:47:00,Google_Search,google,cpc,GSearch_Brand,/checkout,56,mobile
SES_371252,USR_00927,2024-01-08 13:45:00,Meta_Facebook,facebook,cpc,FB_Awareness,/about,404,tablet
SES_695452,USR_00928,2024-02-13 13:52:00,LinkedIn,linkedin,cpc,,/checkout,871,mobile
SES_369557,USR_00928,2024-02-17 10:11:00,Email,email,email,Email_Promo,/pricing,502,mobile
SES_662396,USR_00928,2024-02-18 08:00:00,TikTok,tiktok,cpc,TikTok_Promo,/about,33,tablet
SES_155425,USR_00928,2024-02-15 13:05:00,Meta_Facebook,facebook,cpc,FB_Lookalike,/product,659,tablet
SES_647831,USR_00928,2024-02-18 01:50:00,Organic,organic,organic,Organic_SEO,/blog,169,tablet
SES_101373,USR_00929,2024-02-22 10:12:00,LinkedIn,linkedin,cpc,LinkedIn_Lead,/signup,534,mobile
SES_640342,USR_00929,2024-02-27 00:50:00,Google_Search,google,cpc,GSearch_Generic,/product,106,tablet
SES_710935,USR_00930,2024-02-22 16:12:00,Organic,organic,organic,Organic_Direct,/home,208,desktop
SES_818980,USR_00930,2024-02-20 08:05:00,TikTok,tiktok,cpc,TikTok_Promo,/signup,438,mobile
SES_374403,USR_00930,2024-02-19 17:01:00,TikTok,tiktok,cpc,TikTok_Video1,/blog,480,mobile
SES_519835,USR_00930,2024-02-19 15:55:00,Meta_Facebook,facebook,cpc,FB_Awareness,/home,405,mobile
SES_398824,USR_00931,2024-03-09 07:14:00,TikTok,tiktok,cpc,TikTok_Video1,/about,591,tablet
SES_187280,USR_00932,2024-03-03 21:03:00,Meta_Facebook,facebook,cpc,FB_Retargeting,/pricing,98,mobile
SES_954843,USR_00932,2024-02-26 03:31:00,Organic,,organic,Organic_SEO,/blog,784,desktop
SES_797432,USR_00932,2024-02-26 09:36:00,LinkedIn,linkedin,cpc,LinkedIn_B2B,/about,197,tablet
SES_593531,USR_00933,2024-03-22 11:57:00,Google_Search,google,cpc,GSearch_Brand,/blog,839,tablet
SES_449975,USR_00933,2024-03-27 20:14:00,Google_Search,google,cpc,GSearch_Generic,/signup,643,desktop
SES_258699,USR_00934,2024-03-24 12:42:00,LinkedIn,linkedin,cpc,LinkedIn_Lead,/checkout,726,tablet
SES_398019,USR_00934,2024-03-21 03:22:00,TikTok,,cpc,TikTok_Video1,/signup,766,mobile
SES_296769,USR_00934,2024-03-24 07:29:00,Google_Search,google,cpc,GSearch_Competitor,/signup,657,mobile
SES_808899,USR_00935,2024-03-01 12:49:00,LinkedIn,linkedin,cpc,LinkedIn_Lead,/home,887,tablet
SES_727794,USR_00935,2024-02-29 21:02:00,Meta_Facebook,facebook,cpc,FB_Retargeting,/signup,401,tablet
SES_386125,USR_00935,2024-02-28 18:39:00,TikTok,tiktok,cpc,TikTok_Promo,/home,557,mobile
SES_870149,USR_00935,2024-02-27 01:43:00,Organic,organic,organic,Organic_Direct,/pricing,484,desktop
SES_902006,USR_00936,2024-02-12 07:20:00,TikTok,tiktok,cpc,TikTok_Promo,/product,481,tablet
SES_835192,USR_00936,2024-02-13 16:23:00,Google_Search,,cpc,GSearch_Brand,/signup,739,mobile
SES_800775,USR_00936,2024-02-16 23:20:00,Meta_Facebook,facebook,cpc,FB_Lookalike,/blog,257,mobile
SES_154856,USR_00937,2024-02-06 21:29:00,Email,email,email,Email_Promo,/checkout,741,mobile
SES_538924,USR_00938,2024-03-09 08:09:00,Email,email,email,Email_Welcome,/pricing,660,desktop
SES_962596,USR_00938,2024-03-11 18:33:00,Google_Search,google,cpc,GSearch_Generic,/signup,525,tablet
SES_943438,USR_00938,2024-03-10 09:30:00,LinkedIn,linkedin,cpc,LinkedIn_B2B,/checkout,291,tablet
SES_577801,USR_00939,2024-02-12 03:30:00,Meta_Facebook,facebook,cpc,FB_Retargeting,/checkout,590,desktop
SES_580259,USR_00939,2024-02-12 05:31:00,Organic,,organic,Organic_SEO,/pricing,578,mobile
SES_544410,USR_00939,2024-02-09 14:55:00,Meta_Facebook,facebook,cpc,FB_Retargeting,/signup,468,tablet
SES_392322,USR_00939,2024-02-12 10:32:00,TikTok,tiktok,cpc,TikTok_Promo,/pricing,492,desktop
SES_242808,USR_00939,2024-02-06 23:59:00,Google_Search,google,cpc,GSearch_Brand,/blog,738,mobile
SES_795717,USR_00940,2024-01-06 02:44:00,Organic,organic,organic,Organic_Direct,/blog,243,desktop
SES_981114,USR_00940,2024-01-07 08:53:00,Email,email,email,Email_Retention,/blog,323,desktop
SES_526899,USR_00940,2024-01-08 03:58:00,TikTok,tiktok,cpc,TikTok_Promo,/home,398,desktop
SES_165119,USR_00940,2024-01-07 14:01:00,Google_Search,google,cpc,GSearch_Brand,/checkout,458,desktop
SES_840874,USR_00941,2024-02-02 04:28:00,Email,email,email,,/checkout,336,mobile
SES_782169,USR_00941,2024-02-05 22:48:00,Google_Search,google,cpc,GSearch_Generic,/about,99,tablet
SES_469249,USR_00941,2024-02-08 13:12:00,TikTok,tiktok,cpc,TikTok_Video1,/signup,94,mobile
SES_670981,USR_00941,2024-02-04 05:35:00,TikTok,tiktok,cpc,,/about,582,mobile
SES_752825,USR_00941,2024-02-08 16:21:00,Meta_Facebook,facebook,cpc,FB_Lookalike,/blog,440,desktop
SES_273274,USR_00942,2024-02-21 20:54:00,Meta_Facebook,,cpc,FB_Lookalike,/blog,726,tablet
SES_648731,USR_00942,2024-02-17 22:34:00,Meta_Facebook,facebook,cpc,FB_Retargeting,/about,473,tablet
SES_284133,USR_00943,2024-02-14 17:32:00,Meta_Facebook,facebook,cpc,FB_Awareness,/product,739,tablet
SES_980526,USR_00944,2024-02-27 21:10:00,Meta_Facebook,facebook,cpc,FB_Retargeting,/signup,661,tablet
SES_882019,USR_00944,2024-03-05 05:58:00,Google_Search,google,cpc,GSearch_Competitor,/home,242,desktop
SES_885354,USR_00944,2024-03-04 15:34:00,Meta_Facebook,facebook,cpc,FB_Lookalike,/about,169,desktop
SES_130471,USR_00945,2024-02-15 23:15:00,Meta_Facebook,facebook,cpc,FB_Awareness,/product,36,tablet
SES_183879,USR_00945,2024-02-20 23:00:00,Meta_Facebook,facebook,cpc,FB_Retargeting,/about,216,tablet
SES_891037,USR_00945,2024-02-16 20:45:00,Email,email,email,Email_Promo,/pricing,521,mobile
SES_943285,USR_00945,2024-02-18 14:31:00,Email,email,email,Email_Welcome,/checkout,760,mobile
SES_712380,USR_00945,2024-02-13 15:13:00,Google_Search,google,cpc,GSearch_Brand,/home,158,desktop
SES_843635,USR_00946,2024-01-19 05:50:00,TikTok,tiktok,cpc,,/pricing,72,tablet
SES_732953,USR_00946,2024-01-19 23:50:00,Meta_Facebook,facebook,cpc,FB_Lookalike,/checkout,730,mobile
SES_685018,USR_00947,2024-03-05 17:54:00,TikTok,tiktok,cpc,TikTok_Promo,/home,398,tablet
SES_344157,USR_00947,2024-03-04 16:25:00,TikTok,tiktok,cpc,TikTok_Promo,/signup,835,desktop
SES_803807,USR_00947,2024-03-04 08:47:00,TikTok,tiktok,cpc,TikTok_Promo,/checkout,471,desktop
SES_823290,USR_00947,2024-03-01 05:18:00,Google_Search,google,cpc,GSearch_Competitor,/blog,646,desktop
SES_990256,USR_00947,2024-03-03 13:57:00,Meta_Facebook,facebook,cpc,,/product,274,tablet
SES_133317,USR_00948,2024-02-08 15:26:00,TikTok,tiktok,cpc,TikTok_Promo,/home,681,tablet
SES_336337,USR_00948,2024-02-08 07:36:00,Google_Search,google,cpc,GSearch_Brand,/blog,59,tablet
SES_494181,USR_00948,2024-02-04 04:34:00,Google_Search,google,cpc,GSearch_Competitor,/product,283,desktop
SES_912710,USR_00948,2024-02-09 02:02:00,Meta_Facebook,facebook,cpc,FB_Retargeting,/blog,719,mobile
SES_947371,USR_00948,2024-02-04 06:20:00,Meta_Facebook,facebook,cpc,FB_Retargeting,/about,499,mobile
SES_499477,USR_00949,2024-03-05 11:38:00,Google_Search,,cpc,GSearch_Generic,/about,705,tablet
SES_618664,USR_00949,2024-03-03 10:36:00,Meta_Facebook,facebook,cpc,FB_Awareness,/pricing,656,tablet
SES_759757,USR_00950,2024-02-17 12:08:00,Email,email,email,Email_Promo,/blog,757,tablet
SES_980637,USR_00950,2024-02-18 09:57:00,Meta_Facebook,facebook,cpc,FB_Lookalike,/home,602,mobile
SES_484799,USR_00950,2024-02-22 04:51:00,Organic,organic,organic,Organic_Direct,/home,494,tablet
SES_170360,USR_00951,2024-03-07 19:40:00,LinkedIn,linkedin,cpc,LinkedIn_B2B,/checkout,219,mobile
SES_435197,USR_00951,2024-03-09 04:03:00,Email,email,email,Email_Promo,/signup,239,mobile
SES_585731,USR_00951,2024-03-07 06:01:00,Meta_Facebook,facebook,cpc,FB_Lookalike,/blog,778,tablet
SES_816389,USR_00951,2024-03-07 07:11:00,Meta_Facebook,facebook,cpc,FB_Retargeting,/checkout,123,mobile
SES_711057,USR_00951,2024-03-09 06:49:00,Email,,email,Email_Promo,/about,269,desktop
SES_140669,USR_00952,2024-03-18 11:45:00,Google_Search,,cpc,GSearch_Competitor,/signup,705,mobile
SES_957000,USR_00953,2024-03-07 15:38:00,TikTok,tiktok,cpc,TikTok_Video1,/pricing,120,mobile
SES_680584,USR_00953,2024-03-05 19:05:00,Organic,organic,organic,,/signup,146,mobile
SES_484711,USR_00953,2024-03-06 15:04:00,LinkedIn,linkedin,cpc,LinkedIn_B2B,/product,249,tablet
SES_617544,USR_00954,2024-02-27 07:18:00,Email,email,email,Email_Promo,/signup,161,mobile
SES_842129,USR_00954,2024-02-26 06:32:00,Google_Search,google,cpc,GSearch_Brand,/home,259,mobile
SES_651176,USR_00954,2024-02-26 19:03:00,Google_Search,google,cpc,GSearch_Generic,/blog,588,tablet
SES_297400,USR_00954,2024-02-26 03:52:00,TikTok,tiktok,cpc,TikTok_Promo,/blog,140,tablet
SES_511623,USR_00954,2024-02-25 17:46:00,Meta_Facebook,facebook,cpc,FB_Retargeting,/signup,742,mobile
SES_612812,USR_00955,2024-02-28 01:19:00,Google_Search,google,cpc,GSearch_Generic,/checkout,742,mobile
SES_196722,USR_00956,2024-01-11 19:07:00,Email,email,email,Email_Welcome,/blog,842,desktop
SES_919694,USR_00956,2024-01-15 05:01:00,Google_Search,google,cpc,GSearch_Brand,/signup,284,desktop
SES_368542,USR_00956,2024-01-15 16:30:00,TikTok,,cpc,TikTok_Promo,/signup,430,desktop
SES_260952,USR_00956,2024-01-11 11:45:00,Email,email,email,Email_Promo,/signup,698,desktop
SES_975821,USR_00957,2024-01-30 06:42:00,Email,email,email,Email_Retention,/about,687,tablet
SES_430780,USR_00957,2024-01-30 22:48:00,Google_Search,google,cpc,GSearch_Competitor,/about,897,mobile
SES_584082,USR_00958,2024-03-20 00:00:00,Email,,email,Email_Welcome,/pricing,638,tablet
SES_516508,USR_00958,2024-03-18 21:38:00,Meta_Facebook,facebook,cpc,FB_Awareness,/product,762,mobile
SES_648316,USR_00959,2024-02-04 00:50:00,Google_Search,google,cpc,GSearch_Generic,/home,623,desktop
SES_291475,USR_00959,2024-01-29 06:19:00,Google_Search,google,cpc,GSearch_Brand,/product,894,mobile
SES_302058,USR_00960,2024-02-20 19:56:00,Google_Search,google,cpc,GSearch_Competitor,/checkout,205,mobile
SES_295563,USR_00960,2024-02-20 04:33:00,Meta_Facebook,,cpc,FB_Awareness,/signup,362,tablet
SES_218037,USR_00960,2024-02-15 06:39:00,TikTok,tiktok,cpc,TikTok_Promo,/signup,147,tablet
SES_273112,USR_00960,2024-02-19 07:27:00,LinkedIn,linkedin,cpc,LinkedIn_B2B,/about,585,tablet
SES_352204,USR_00961,2024-03-18 17:01:00,Google_Search,google,cpc,GSearch_Competitor,/home,294,tablet
SES_541546,USR_00961,2024-03-14 08:33:00,Meta_Facebook,facebook,cpc,FB_Lookalike,/about,785,desktop
SES_210781,USR_00962,2024-01-19 14:21:00,Google_Search,google,cpc,GSearch_Brand,/pricing,202,tablet
SES_416575,USR_00962,2024-01-20 00:32:00,Meta_Facebook,facebook,cpc,FB_Retargeting,/home,143,tablet
SES_218216,USR_00962,2024-01-17 22:19:00,Google_Search,google,cpc,GSearch_Brand,/checkout,249,tablet
SES_132555,USR_00963,2024-01-10 06:56:00,Meta_Facebook,facebook,cpc,FB_Lookalike,/about,107,mobile
SES_456290,USR_00963,2024-01-11 22:40:00,Meta_Facebook,,cpc,FB_Awareness,/pricing,418,desktop
SES_631163,USR_00963,2024-01-13 08:59:00,Google_Search,google,cpc,GSearch_Generic,/signup,827,mobile
SES_938122,USR_00963,2024-01-16 21:17:00,Meta_Facebook,facebook,cpc,FB_Lookalike,/checkout,732,desktop
SES_107282,USR_00964,2024-02-18 02:05:00,TikTok,,cpc,TikTok_Promo,/blog,453,tablet
SES_494691,USR_00964,2024-02-15 18:30:00,Google_Search,google,cpc,GSearch_Brand,/pricing,733,mobile
SES_509551,USR_00964,2024-02-14 16:14:00,TikTok,tiktok,cpc,TikTok_Promo,/blog,406,tablet
SES_713917,USR_00965,2024-03-20 06:16:00,Email,email,email,Email_Retention,/home,829,tablet
SES_298155,USR_00966,2024-03-15 13:51:00,Meta_Facebook,,cpc,FB_Lookalike,/checkout,839,desktop
SES_297991,USR_00966,2024-03-14 23:30:00,Google_Search,google,cpc,GSearch_Competitor,/signup,504,mobile
SES_446784,USR_00966,2024-03-14 22:42:00,TikTok,tiktok,cpc,TikTok_Video1,/blog,373,tablet
SES_398932,USR_00966,2024-03-15 19:47:00,Meta_Facebook,facebook,cpc,FB_Retargeting,/about,468,tablet
SES_599100,USR_00966,2024-03-19 22:44:00,Google_Search,google,cpc,GSearch_Brand,/pricing,895,desktop
SES_878552,USR_00967,2024-03-06 22:55:00,Google_Search,google,cpc,GSearch_Brand,/home,693,desktop
SES_830980,USR_00967,2024-03-04 10:37:00,Google_Search,google,cpc,GSearch_Generic,/product,269,desktop
SES_639373,USR_00968,2024-02-25 19:31:00,TikTok,tiktok,cpc,TikTok_Video1,/checkout,123,tablet
SES_231543,USR_00969,2024-01-08 21:45:00,Meta_Facebook,facebook,cpc,FB_Lookalike,/blog,320,tablet
SES_915987,USR_00970,2024-03-04 18:19:00,Organic,,organic,Organic_SEO,/blog,318,mobile
SES_939296,USR_00970,2024-03-02 07:20:00,Google_Search,google,cpc,GSearch_Competitor,/checkout,389,mobile
SES_594793,USR_00970,2024-03-01 22:22:00,TikTok,tiktok,cpc,TikTok_Promo,/signup,445,tablet
SES_441533,USR_00971,2024-03-15 12:17:00,TikTok,tiktok,cpc,TikTok_Video1,/checkout,497,tablet
SES_864160,USR_00971,2024-03-21 23:04:00,Google_Search,google,cpc,GSearch_Brand,/signup,567,desktop
SES_102127,USR_00971,2024-03-14 15:46:00,TikTok,,cpc,TikTok_Promo,/blog,153,mobile
SES_500372,USR_00971,2024-03-20 22:41:00,Google_Search,google,cpc,GSearch_Generic,/home,135,tablet
SES_866985,USR_00972,2024-01-31 09:55:00,LinkedIn,linkedin,cpc,LinkedIn_Lead,/about,247,tablet
SES_801607,USR_00972,2024-02-05 15:18:00,Organic,organic,organic,Organic_SEO,/blog,720,tablet
SES_226877,USR_00972,2024-02-07 20:09:00,Meta_Facebook,facebook,cpc,FB_Retargeting,/pricing,278,mobile
SES_908341,USR_00972,2024-02-05 17:53:00,Organic,,organic,Organic_SEO,/home,593,mobile
SES_528971,USR_00972,2024-02-02 21:25:00,Meta_Facebook,facebook,cpc,FB_Awareness,/about,775,mobile
SES_325451,USR_00973,2024-03-16 18:41:00,Meta_Facebook,facebook,cpc,FB_Awareness,/pricing,500,mobile
SES_905868,USR_00973,2024-03-16 22:00:00,Meta_Facebook,facebook,cpc,FB_Awareness,/signup,44,mobile
SES_653364,USR_00974,2024-01-02 20:32:00,Meta_Facebook,facebook,cpc,FB_Retargeting,/signup,780,desktop
SES_981488,USR_00974,2024-01-08 22:02:00,LinkedIn,linkedin,cpc,LinkedIn_B2B,/blog,557,mobile
SES_556334,USR_00974,2024-01-06 15:46:00,Meta_Facebook,facebook,cpc,FB_Awareness,/pricing,583,desktop
SES_993829,USR_00974,2024-01-08 15:51:00,Organic,organic,organic,Organic_SEO,/pricing,719,desktop
SES_389592,USR_00975,2024-02-25 02:49:00,Meta_Facebook,facebook,cpc,FB_Lookalike,/blog,552,mobile
SES_467027,USR_00975,2024-02-21 00:54:00,Meta_Facebook,facebook,cpc,FB_Awareness,/signup,71,mobile
SES_558713,USR_00975,2024-02-24 05:25:00,Meta_Facebook,facebook,cpc,FB_Retargeting,/blog,261,mobile
SES_489249,USR_00976,2024-01-23 14:14:00,TikTok,tiktok,cpc,TikTok_Promo,/product,40,tablet
SES_913233,USR_00976,2024-01-17 01:46:00,Organic,organic,organic,Organic_Direct,/about,262,desktop
SES_601885,USR_00977,2024-03-01 11:07:00,Google_Search,google,cpc,GSearch_Brand,/product,380,tablet
SES_981393,USR_00978,2024-02-02 06:25:00,LinkedIn,,cpc,LinkedIn_B2B,/checkout,815,desktop
SES_370398,USR_00978,2024-01-29 04:09:00,Google_Search,google,cpc,GSearch_Generic,/blog,393,tablet
SES_924729,USR_00978,2024-02-01 07:31:00,Google_Search,google,cpc,GSearch_Competitor,/checkout,210,mobile
SES_340572,USR_00978,2024-01-31 22:30:00,LinkedIn,linkedin,cpc,LinkedIn_B2B,/signup,815,tablet
SES_317701,USR_00978,2024-01-26 08:59:00,Google_Search,google,cpc,GSearch_Competitor,/home,239,tablet
SES_229802,USR_00979,2024-01-06 20:40:00,Google_Search,google,cpc,GSearch_Brand,/blog,860,tablet
SES_186496,USR_00979,2024-01-05 04:23:00,Meta_Facebook,facebook,cpc,FB_Lookalike,/checkout,528,tablet
SES_939853,USR_00979,2024-01-02 22:41:00,Google_Search,google,cpc,GSearch_Brand,/checkout,410,tablet
SES_117367,USR_00979,2024-01-03 20:40:00,Meta_Facebook,facebook,cpc,FB_Lookalike,/about,332,desktop
SES_830572,USR_00980,2024-02-13 17:50:00,LinkedIn,,cpc,LinkedIn_B2B,/product,504,tablet
SES_759804,USR_00980,2024-02-11 14:12:00,Meta_Facebook,facebook,cpc,FB_Retargeting,/checkout,646,desktop
SES_683105,USR_00980,2024-02-14 06:40:00,TikTok,tiktok,cpc,TikTok_Promo,/signup,615,mobile
SES_643038,USR_00981,2024-03-25 06:43:00,TikTok,tiktok,cpc,TikTok_Promo,/product,112,tablet
SES_894360,USR_00981,2024-03-23 18:52:00,Google_Search,,cpc,GSearch_Brand,/checkout,460,desktop
SES_872214,USR_00982,2024-01-11 20:33:00,Google_Search,google,cpc,GSearch_Brand,/about,683,tablet
SES_537834,USR_00982,2024-01-11 15:05:00,Meta_Facebook,facebook,cpc,FB_Lookalike,/signup,334,tablet
SES_193351,USR_00982,2024-01-17 23:00:00,Google_Search,google,cpc,GSearch_Competitor,/product,570,desktop
SES_469591,USR_00983,2024-02-11 18:48:00,Email,email,email,Email_Promo,/about,277,tablet
SES_725549,USR_00983,2024-02-16 19:16:00,Google_Search,google,cpc,GSearch_Competitor,/blog,374,tablet
SES_534905,USR_00984,2024-01-04 11:27:00,TikTok,tiktok,cpc,TikTok_Promo,/signup,708,tablet
SES_132832,USR_00984,2024-01-06 01:09:00,Google_Search,,cpc,GSearch_Generic,/checkout,123,mobile
SES_494309,USR_00984,2024-01-03 07:43:00,LinkedIn,linkedin,cpc,LinkedIn_Lead,/checkout,201,desktop
SES_398929,USR_00985,2024-03-03 16:28:00,LinkedIn,linkedin,cpc,LinkedIn_B2B,/pricing,607,mobile
SES_229858,USR_00985,2024-03-01 01:38:00,Meta_Facebook,,cpc,FB_Lookalike,/home,339,tablet
SES_882116,USR_00985,2024-03-06 04:26:00,Meta_Facebook,,cpc,FB_Awareness,/pricing,341,desktop
SES_392964,USR_00985,2024-03-03 02:30:00,TikTok,tiktok,cpc,TikTok_Promo,/about,844,mobile
SES_841613,USR_00986,2024-01-06 21:42:00,Meta_Facebook,facebook,cpc,FB_Lookalike,/pricing,683,tablet
SES_850541,USR_00986,2024-01-04 08:26:00,Google_Search,google,cpc,GSearch_Generic,/about,618,desktop
SES_665771,USR_00986,2024-01-07 14:49:00,Organic,organic,organic,Organic_SEO,/blog,88,tablet
SES_557958,USR_00986,2024-01-08 11:58:00,Google_Search,,cpc,GSearch_Competitor,/home,596,mobile
SES_722240,USR_00986,2024-01-10 16:59:00,Meta_Facebook,facebook,cpc,FB_Lookalike,/signup,582,tablet
SES_522866,USR_00987,2024-03-01 16:20:00,Google_Search,google,cpc,GSearch_Generic,/blog,249,tablet
SES_147268,USR_00987,2024-02-26 16:55:00,Meta_Facebook,facebook,cpc,FB_Awareness,/blog,690,tablet
SES_412654,USR_00988,2024-02-11 07:22:00,Email,email,email,Email_Retention,/pricing,571,desktop
SES_472946,USR_00988,2024-02-10 12:02:00,Google_Search,google,cpc,GSearch_Brand,/signup,270,tablet
SES_425416,USR_00988,2024-02-12 13:39:00,Google_Search,google,cpc,GSearch_Competitor,/pricing,420,desktop
SES_562732,USR_00988,2024-02-05 08:29:00,Organic,organic,organic,Organic_SEO,/about,782,tablet
SES_891212,USR_00989,2024-01-17 07:46:00,Google_Search,google,cpc,GSearch_Brand,/blog,865,tablet
SES_836005,USR_00990,2024-02-15 02:40:00,TikTok,tiktok,cpc,TikTok_Promo,/blog,684,mobile
SES_332375,USR_00990,2024-02-10 06:13:00,LinkedIn,linkedin,cpc,LinkedIn_Lead,/pricing,164,tablet
SES_640671,USR_00990,2024-02-16 10:20:00,LinkedIn,,cpc,LinkedIn_Lead,/checkout,30,mobile
SES_211073,USR_00990,2024-02-12 00:04:00,TikTok,tiktok,cpc,TikTok_Promo,/product,331,desktop
SES_947689,USR_00991,2024-01-14 02:38:00,Organic,organic,organic,Organic_SEO,/pricing,652,tablet
SES_137939,USR_00991,2024-01-14 11:21:00,Google_Search,google,cpc,GSearch_Generic,/home,619,mobile
SES_626035,USR_00991,2024-01-16 13:50:00,Email,email,email,Email_Retention,/checkout,534,mobile
SES_254773,USR_00991,2024-01-20 19:54:00,Google_Search,google,cpc,GSearch_Brand,/product,754,mobile
SES_261164,USR_00992,2024-02-16 18:14:00,Meta_Facebook,facebook,cpc,FB_Awareness,/product,862,mobile
SES_241315,USR_00992,2024-02-17 01:36:00,LinkedIn,linkedin,cpc,LinkedIn_Lead,/signup,820,desktop
SES_594072,USR_00992,2024-02-16 15:23:00,TikTok,tiktok,cpc,TikTok_Video1,/blog,599,desktop
SES_518829,USR_00992,2024-02-22 03:04:00,Google_Search,google,cpc,,/checkout,215,desktop
SES_720661,USR_00992,2024-02-18 11:04:00,LinkedIn,linkedin,cpc,LinkedIn_B2B,/about,355,desktop
SES_668372,USR_00993,2024-01-23 02:57:00,Google_Search,,cpc,GSearch_Generic,/home,713,tablet
SES_881755,USR_00994,2024-02-02 16:49:00,Google_Search,google,cpc,GSearch_Brand,/about,624,tablet
SES_955631,USR_00994,2024-02-01 21:21:00,Google_Search,google,cpc,GSearch_Brand,/blog,470,tablet
SES_698443,USR_00995,2024-03-19 12:55:00,Email,email,email,Email_Retention,/blog,79,desktop
SES_151331,USR_00995,2024-03-23 06:50:00,Google_Search,,cpc,GSearch_Brand,/about,36,tablet
SES_683844,USR_00995,2024-03-19 00:16:00,Meta_Facebook,facebook,cpc,FB_Lookalike,/pricing,795,desktop
SES_207171,USR_00995,2024-03-18 08:02:00,Email,,email,Email_Retention,/signup,823,tablet
SES_469514,USR_00995,2024-03-21 00:52:00,Google_Search,google,cpc,GSearch_Competitor,/about,41,tablet
SES_457019,USR_00996,2024-03-05 12:27:00,Meta_Facebook,facebook,cpc,FB_Retargeting,/blog,600,mobile
SES_387498,USR_00996,2024-03-10 02:19:00,TikTok,tiktok,cpc,TikTok_Video1,/product,711,tablet
SES_782143,USR_00996,2024-03-05 14:58:00,Google_Search,google,cpc,GSearch_Generic,/about,213,desktop
SES_945594,USR_00997,2024-03-25 11:12:00,Meta_Facebook,facebook,cpc,FB_Lookalike,/home,128,desktop
SES_592215,USR_00997,2024-03-25 09:43:00,Meta_Facebook,facebook,cpc,FB_Awareness,/checkout,414,tablet
SES_567654,USR_00998,2024-03-15 12:05:00,Google_Search,google,cpc,GSearch_Competitor,/home,806,desktop
SES_905299,USR_00998,2024-03-21 06:19:00,Google_Search,google,cpc,GSearch_Competitor,/blog,564,mobile
SES_761993,USR_00998,2024-03-19 21:26:00,Email,email,email,Email_Promo,/about,696,mobile
SES_409699,USR_00999,2024-02-25 01:10:00,Meta_Facebook,facebook,cpc,FB_Lookalike,/home,402,desktop
SES_312943,USR_01000,2024-01-28 10:09:00,LinkedIn,linkedin,cpc,LinkedIn_B2B,/pricing,877,tablet
SES_647860,USR_01000,2024-02-02 19:19:00,Email,email,email,Email_Welcome,/blog,429,mobile
SES_756342,USR_01001,2024-01-25 11:58:00,Meta_Facebook,facebook,cpc,FB_Retargeting,/checkout,263,desktop
SES_489511,USR_01001,2024-01-27 13:01:00,LinkedIn,linkedin,cpc,LinkedIn_B2B,/pricing,657,tablet
SES_852697,USR_01001,2024-01-27 22:07:00,Google_Search,google,cpc,GSearch_Brand,/home,649,mobile
SES_337209,USR_01001,2024-01-26 23:06:00,Organic,organic,organic,Organic_Direct,/signup,863,desktop
SES_333251,USR_01002,2024-02-05 08:44:00,Email,email,email,Email_Retention,/signup,231,tablet
SES_220331,USR_01003,2024-03-04 13:59:00,TikTok,,cpc,TikTok_Promo,/blog,180,mobile
SES_882070,USR_01003,2024-03-03 16:05:00,Google_Search,google,cpc,GSearch_Competitor,/blog,141,tablet
SES_528238,USR_01003,2024-03-02 11:29:00,Organic,organic,organic,Organic_Direct,/blog,820,tablet
SES_573598,USR_01003,2024-03-08 09:49:00,Email,email,email,Email_Retention,/signup,385,mobile
SES_617986,USR_01004,2024-02-01 20:09:00,Meta_Facebook,facebook,cpc,FB_Awareness,/pricing,348,desktop
SES_588574,USR_01004,2024-01-30 16:43:00,Google_Search,google,cpc,GSearch_Generic,/blog,805,mobile
SES_680930,USR_01004,2024-01-28 23:33:00,Meta_Facebook,facebook,cpc,FB_Retargeting,/product,553,desktop
SES_498134,USR_01004,2024-01-30 12:45:00,Google_Search,google,cpc,GSearch_Generic,/home,575,mobile
SES_182869,USR_01005,2024-03-17 23:42:00,Google_Search,google,cpc,GSearch_Competitor,/product,86,tablet
SES_851601,USR_01005,2024-03-17 12:35:00,Meta_Facebook,facebook,cpc,FB_Retargeting,/pricing,648,mobile
SES_788565,USR_01005,2024-03-11 20:02:00,Meta_Facebook,facebook,cpc,FB_Awareness,/about,891,desktop
SES_227696,USR_01005,2024-03-11 00:51:00,Google_Search,google,cpc,GSearch_Generic,/about,113,desktop
SES_420750,USR_01005,2024-03-14 11:45:00,Meta_Facebook,facebook,cpc,FB_Awareness,/about,349,desktop
SES_992645,USR_01006,2024-01-29 11:14:00,TikTok,,cpc,TikTok_Promo,/product,868,mobile
SES_745151,USR_01006,2024-02-01 14:01:00,LinkedIn,linkedin,cpc,LinkedIn_Lead,/home,55,mobile
SES_845998,USR_01007,2024-02-11 17:44:00,Google_Search,google,cpc,GSearch_Competitor,/pricing,863,tablet
SES_523069,USR_01007,2024-02-14 01:45:00,TikTok,tiktok,cpc,TikTok_Video1,/signup,163,mobile
SES_330257,USR_01008,2024-03-16 16:08:00,Meta_Facebook,facebook,cpc,FB_Lookalike,/about,325,tablet
SES_295262,USR_01008,2024-03-14 07:55:00,Organic,organic,organic,Organic_SEO,/blog,359,desktop
SES_819073,USR_01008,2024-03-14 03:19:00,Organic,,organic,Organic_Direct,/checkout,785,tablet
SES_106687,USR_01009,2024-02-27 14:01:00,Meta_Facebook,facebook,cpc,FB_Lookalike,/product,442,desktop
SES_571105,USR_01009,2024-02-26 12:45:00,Email,email,email,,/product,195,tablet
SES_322850,USR_01010,2024-01-18 16:26:00,LinkedIn,linkedin,cpc,LinkedIn_B2B,/signup,580,mobile
SES_374127,USR_01010,2024-01-23 22:50:00,TikTok,tiktok,cpc,TikTok_Promo,/product,643,mobile
SES_551819,USR_01011,2024-01-06 18:10:00,LinkedIn,linkedin,cpc,LinkedIn_Lead,/checkout,808,mobile
SES_469428,USR_01011,2024-01-08 07:06:00,Meta_Facebook,,cpc,FB_Lookalike,/product,237,desktop
SES_689741,USR_01012,2024-02-01 02:07:00,Meta_Facebook,facebook,cpc,FB_Awareness,/blog,703,desktop
SES_130502,USR_01012,2024-02-02 12:47:00,Meta_Facebook,facebook,cpc,FB_Retargeting,/product,508,tablet
SES_861096,USR_01012,2024-01-28 07:50:00,Meta_Facebook,,cpc,FB_Awareness,/about,288,tablet
SES_873967,USR_01013,2024-01-14 17:51:00,TikTok,tiktok,cpc,TikTok_Promo,/checkout,756,desktop
SES_306919,USR_01013,2024-01-17 03:13:00,Google_Search,google,cpc,GSearch_Competitor,/signup,449,mobile
SES_548444,USR_01013,2024-01-19 16:31:00,Meta_Facebook,facebook,cpc,FB_Lookalike,/about,529,desktop
SES_913231,USR_01013,2024-01-16 09:05:00,Meta_Facebook,facebook,cpc,FB_Awareness,/about,293,tablet
SES_124627,USR_01013,2024-01-14 17:41:00,TikTok,tiktok,cpc,TikTok_Video1,/blog,848,desktop
SES_812587,USR_01014,2024-03-03 15:54:00,Email,email,email,Email_Welcome,/about,147,desktop
SES_450551,USR_01014,2024-02-25 09:33:00,Google_Search,,cpc,GSearch_Brand,/home,345,desktop
SES_374253,USR_01015,2024-02-01 18:38:00,Organic,organic,organic,Organic_Direct,/home,119,mobile
SES_362237,USR_01015,2024-02-01 14:45:00,Google_Search,google,cpc,GSearch_Generic,/blog,48,desktop
SES_128061,USR_01016,2024-03-15 12:29:00,Meta_Facebook,facebook,cpc,FB_Lookalike,/blog,616,desktop
SES_712403,USR_01016,2024-03-21 21:25:00,TikTok,tiktok,cpc,TikTok_Promo,/home,76,mobile
SES_159910,USR_01016,2024-03-17 11:32:00,Meta_Facebook,facebook,cpc,FB_Lookalike,/signup,426,tablet
SES_591753,USR_01016,2024-03-21 03:42:00,Organic,organic,organic,Organic_Direct,/signup,800,tablet
SES_905537,USR_01016,2024-03-19 15:29:00,Meta_Facebook,facebook,cpc,FB_Awareness,/home,151,mobile
SES_947642,USR_01017,2024-02-10 05:46:00,Email,email,email,Email_Promo,/signup,900,desktop
SES_633081,USR_01017,2024-02-09 17:44:00,Email,email,email,Email_Retention,/blog,686,tablet
SES_806268,USR_01017,2024-02-15 19:30:00,LinkedIn,linkedin,cpc,LinkedIn_B2B,/product,385,tablet
SES_530673,USR_01018,2024-03-06 08:17:00,Email,email,email,Email_Retention,/about,82,mobile
SES_544907,USR_01018,2024-03-08 11:38:00,Google_Search,google,cpc,GSearch_Generic,/about,857,desktop
SES_371877,USR_01018,2024-03-07 18:40:00,Meta_Facebook,facebook,cpc,FB_Awareness,/pricing,483,tablet
SES_995136,USR_01018,2024-03-03 14:58:00,Meta_Facebook,facebook,cpc,FB_Awareness,/pricing,357,tablet
SES_729686,USR_01019,2024-01-21 20:00:00,Google_Search,google,cpc,GSearch_Generic,/blog,772,desktop
SES_128296,USR_01020,2024-03-25 07:28:00,Meta_Facebook,facebook,cpc,FB_Retargeting,/signup,864,desktop
SES_107645,USR_01020,2024-03-23 11:14:00,TikTok,tiktok,cpc,TikTok_Video1,/blog,251,mobile
SES_359705,USR_01020,2024-03-24 13:38:00,Organic,organic,organic,Organic_SEO,/about,340,tablet
SES_332166,USR_01020,2024-03-19 14:13:00,TikTok,tiktok,cpc,,/home,852,desktop
SES_950183,USR_01020,2024-03-20 22:16:00,Meta_Facebook,facebook,cpc,FB_Awareness,/signup,60,desktop
SES_762322,USR_01021,2024-01-08 18:27:00,Meta_Facebook,facebook,cpc,FB_Awareness,/product,236,desktop
SES_513239,USR_01022,2024-03-04 13:47:00,TikTok,tiktok,cpc,TikTok_Promo,/home,283,mobile
SES_597588,USR_01022,2024-03-02 08:07:00,Organic,organic,organic,Organic_SEO,/pricing,638,mobile
SES_193100,USR_01022,2024-02-29 00:11:00,LinkedIn,linkedin,cpc,LinkedIn_Lead,/checkout,530,desktop
SES_443825,USR_01022,2024-02-29 03:25:00,Meta_Facebook,facebook,cpc,FB_Awareness,/pricing,560,desktop
SES_347525,USR_01023,2024-03-07 00:27:00,TikTok,tiktok,cpc,TikTok_Promo,/home,299,desktop
SES_840100,USR_01023,2024-03-03 15:33:00,Email,email,email,Email_Promo,/blog,245,desktop
SES_819593,USR_01023,2024-02-29 05:26:00,Organic,organic,organic,Organic_Direct,/home,220,desktop
SES_163399,USR_01023,2024-02-29 15:05:00,LinkedIn,linkedin,cpc,LinkedIn_Lead,/checkout,896,tablet
SES_199460,USR_01023,2024-03-01 06:36:00,Organic,organic,organic,Organic_SEO,/home,160,mobile
SES_804823,USR_01024,2024-03-04 03:44:00,Meta_Facebook,facebook,cpc,FB_Awareness,/checkout,242,mobile
SES_827107,USR_01024,2024-03-07 16:49:00,Meta_Facebook,facebook,cpc,FB_Awareness,/home,531,tablet
SES_131417,USR_01024,2024-03-01 13:17:00,LinkedIn,linkedin,cpc,LinkedIn_Lead,/home,537,mobile
SES_656697,USR_01024,2024-03-07 23:17:00,Meta_Facebook,facebook,cpc,FB_Awareness,/blog,230,mobile
SES_398580,USR_01025,2024-02-07 22:43:00,Meta_Facebook,facebook,cpc,FB_Lookalike,/home,328,desktop
SES_223400,USR_01025,2024-02-04 14:35:00,Meta_Facebook,,cpc,,/signup,868,tablet
SES_441439,USR_01026,2024-02-23 23:39:00,Google_Search,google,cpc,GSearch_Brand,/blog,878,desktop
SES_430774,USR_01026,2024-02-23 23:37:00,Organic,organic,organic,Organic_SEO,/product,54,mobile
SES_964916,USR_01027,2024-03-21 10:09:00,Meta_Facebook,facebook,cpc,FB_Lookalike,/about,664,tablet
SES_780498,USR_01027,2024-03-21 01:57:00,Google_Search,google,cpc,GSearch_Generic,/product,651,tablet
SES_273153,USR_01028,2024-02-27 07:22:00,Google_Search,google,cpc,GSearch_Brand,/signup,439,desktop
SES_721982,USR_01028,2024-02-25 03:51:00,Organic,,organic,Organic_SEO,/pricing,311,mobile
SES_253060,USR_01028,2024-02-23 20:38:00,TikTok,tiktok,cpc,,/pricing,250,mobile
SES_657527,USR_01028,2024-02-26 04:44:00,Google_Search,google,cpc,GSearch_Generic,/home,806,tablet
SES_654010,USR_01028,2024-02-27 03:50:00,Organic,organic,organic,Organic_SEO,/checkout,63,tablet
SES_641280,USR_01029,2024-01-13 11:28:00,Google_Search,google,cpc,GSearch_Generic,/signup,874,desktop
SES_257664,USR_01029,2024-01-15 08:53:00,Email,email,email,Email_Retention,/checkout,367,tablet
SES_811449,USR_01030,2024-02-01 06:48:00,Meta_Facebook,facebook,cpc,FB_Retargeting,/blog,171,desktop
SES_628947,USR_01030,2024-02-04 10:11:00,Email,email,email,Email_Retention,/signup,401,desktop
SES_143011,USR_01030,2024-02-07 07:03:00,TikTok,tiktok,cpc,TikTok_Video1,/blog,156,tablet
SES_208332,USR_01031,2024-03-25 21:51:00,Email,email,email,Email_Promo,/pricing,45,tablet
SES_847631,USR_01031,2024-03-24 10:47:00,Meta_Facebook,facebook,cpc,FB_Lookalike,/home,552,tablet
SES_348855,USR_01031,2024-03-22 10:01:00,TikTok,tiktok,cpc,TikTok_Promo,/about,452,tablet
SES_320547,USR_01031,2024-03-25 11:55:00,Meta_Facebook,facebook,cpc,FB_Lookalike,/pricing,550,tablet
SES_568742,USR_01032,2024-01-10 14:40:00,TikTok,tiktok,cpc,TikTok_Promo,/about,534,desktop
SES_569109,USR_01033,2024-03-16 04:54:00,Meta_Facebook,facebook,cpc,FB_Awareness,/pricing,784,tablet
SES_165141,USR_01033,2024-03-17 22:18:00,Meta_Facebook,facebook,cpc,,/signup,368,desktop
SES_584279,USR_01033,2024-03-18 08:59:00,Meta_Facebook,facebook,cpc,FB_Lookalike,/checkout,895,mobile
SES_986523,USR_01034,2024-02-26 15:07:00,Google_Search,google,cpc,GSearch_Competitor,/product,367,desktop
SES_551858,USR_01034,2024-02-27 14:16:00,Meta_Facebook,facebook,cpc,FB_Retargeting,/blog,781,mobile
SES_614661,USR_01034,2024-03-01 04:43:00,Meta_Facebook,facebook,cpc,FB_Retargeting,/about,436,desktop
SES_827114,USR_01034,2024-02-27 20:12:00,Email,email,email,Email_Promo,/pricing,135,desktop
SES_403866,USR_01035,2024-01-13 11:22:00,Google_Search,google,cpc,GSearch_Generic,/blog,374,desktop
SES_313424,USR_01036,2024-01-25 11:50:00,Meta_Facebook,facebook,cpc,FB_Awareness,/checkout,525,tablet
SES_473420,USR_01036,2024-01-30 00:19:00,Meta_Facebook,facebook,cpc,FB_Retargeting,/signup,791,tablet
SES_310683,USR_01036,2024-01-25 02:30:00,Google_Search,google,cpc,GSearch_Generic,/home,409,desktop
SES_578980,USR_01036,2024-01-31 18:14:00,TikTok,,cpc,TikTok_Video1,/product,430,tablet
SES_703721,USR_01037,2024-01-09 16:32:00,Email,email,email,,/blog,388,tablet
SES_678675,USR_01037,2024-01-06 06:38:00,Organic,organic,organic,Organic_SEO,/home,125,mobile
SES_150842,USR_01037,2024-01-11 01:39:00,Email,,email,Email_Welcome,/checkout,224,tablet
SES_293924,USR_01037,2024-01-09 00:42:00,LinkedIn,linkedin,cpc,LinkedIn_Lead,/checkout,271,tablet
SES_653871,USR_01038,2024-02-29 09:18:00,Organic,organic,organic,Organic_SEO,/about,562,mobile
SES_386228,USR_01038,2024-03-04 04:47:00,LinkedIn,linkedin,cpc,LinkedIn_Lead,/home,586,mobile
SES_903130,USR_01038,2024-03-02 12:27:00,Meta_Facebook,facebook,cpc,FB_Retargeting,/pricing,522,desktop
SES_370173,USR_01038,2024-02-29 14:41:00,LinkedIn,linkedin,cpc,LinkedIn_Lead,/blog,228,tablet
SES_923022,USR_01038,2024-02-29 20:20:00,LinkedIn,linkedin,cpc,LinkedIn_Lead,/blog,125,tablet
SES_426212,USR_01039,2024-03-08 12:33:00,Email,email,email,Email_Promo,/about,709,mobile
SES_931698,USR_01039,2024-03-05 18:39:00,Organic,organic,organic,Organic_Direct,/checkout,372,mobile
SES_785343,USR_01039,2024-03-02 04:12:00,Email,email,email,Email_Promo,/blog,315,mobile
SES_944317,USR_01039,2024-03-03 12:17:00,TikTok,tiktok,cpc,TikTok_Video1,/signup,633,desktop
SES_793410,USR_01039,2024-03-07 17:11:00,Meta_Facebook,,cpc,FB_Awareness,/signup,172,tablet
SES_155000,USR_01040,2024-02-03 07:29:00,Google_Search,google,cpc,GSearch_Competitor,/product,265,desktop
SES_639682,USR_01040,2024-02-05 13:31:00,Google_Search,google,cpc,GSearch_Generic,/pricing,753,tablet
SES_503745,USR_01041,2024-03-07 21:51:00,Google_Search,google,cpc,GSearch_Generic,/pricing,721,desktop
SES_504092,USR_01041,2024-03-10 17:43:00,TikTok,tiktok,cpc,TikTok_Promo,/home,85,desktop
SES_884975,USR_01041,2024-03-09 15:41:00,Google_Search,google,cpc,GSearch_Competitor,/about,297,tablet
SES_138190,USR_01042,2024-03-22 11:26:00,Google_Search,google,cpc,GSearch_Generic,/home,291,desktop
SES_164436,USR_01042,2024-03-23 09:09:00,Google_Search,google,cpc,GSearch_Generic,/home,731,tablet
SES_243956,USR_01042,2024-03-24 01:15:00,Meta_Facebook,facebook,cpc,FB_Lookalike,/pricing,114,tablet
SES_757823,USR_01043,2024-01-17 03:15:00,TikTok,tiktok,cpc,TikTok_Video1,/product,354,tablet
SES_294646,USR_01043,2024-01-17 05:45:00,Google_Search,google,cpc,GSearch_Brand,/blog,542,desktop
SES_719754,USR_01043,2024-01-18 22:45:00,Meta_Facebook,facebook,cpc,FB_Retargeting,/home,828,desktop
SES_880124,USR_01043,2024-01-14 16:39:00,Google_Search,,cpc,GSearch_Competitor,/home,784,desktop
SES_380254,USR_01043,2024-01-12 11:29:00,Google_Search,google,cpc,GSearch_Brand,/signup,700,desktop
SES_119865,USR_01044,2024-02-27 22:11:00,TikTok,tiktok,cpc,TikTok_Video1,/pricing,661,tablet
SES_628272,USR_01044,2024-02-28 06:02:00,Google_Search,google,cpc,GSearch_Brand,/pricing,36,tablet
SES_142098,USR_01044,2024-02-29 13:04:00,Meta_Facebook,facebook,cpc,FB_Awareness,/home,639,mobile
SES_942610,USR_01044,2024-02-24 06:52:00,Google_Search,google,cpc,GSearch_Competitor,/about,142,desktop
SES_739200,USR_01044,2024-02-29 04:28:00,Google_Search,,cpc,GSearch_Brand,/pricing,284,mobile
SES_311022,USR_01045,2024-02-28 12:05:00,Meta_Facebook,facebook,cpc,FB_Lookalike,/about,394,desktop
SES_454808,USR_01045,2024-02-22 04:26:00,Meta_Facebook,facebook,cpc,FB_Retargeting,/about,172,mobile
SES_108091,USR_01046,2024-02-28 00:56:00,LinkedIn,linkedin,cpc,LinkedIn_B2B,/pricing,796,tablet
SES_584819,USR_01046,2024-02-27 02:49:00,Meta_Facebook,facebook,cpc,,/home,212,mobile
SES_352631,USR_01047,2024-01-18 11:51:00,Meta_Facebook,facebook,cpc,FB_Awareness,/signup,222,tablet
SES_385887,USR_01047,2024-01-15 16:18:00,LinkedIn,,cpc,LinkedIn_B2B,/checkout,626,tablet
SES_563849,USR_01047,2024-01-17 18:18:00,Organic,organic,organic,Organic_Direct,/product,178,mobile
SES_532291,USR_01047,2024-01-15 23:33:00,Google_Search,google,cpc,GSearch_Generic,/signup,372,tablet
SES_172167,USR_01047,2024-01-17 20:57:00,LinkedIn,linkedin,cpc,,/home,360,tablet
SES_398249,USR_01048,2024-03-10 12:49:00,LinkedIn,,cpc,LinkedIn_B2B,/pricing,770,mobile
SES_605407,USR_01048,2024-03-13 22:49:00,Organic,organic,organic,,/pricing,746,desktop
SES_395497,USR_01048,2024-03-13 03:25:00,Meta_Facebook,,cpc,FB_Retargeting,/signup,299,mobile
SES_968697,USR_01049,2024-02-27 23:17:00,TikTok,,cpc,TikTok_Video1,/about,92,mobile
SES_812991,USR_01049,2024-02-29 07:55:00,Meta_Facebook,facebook,cpc,FB_Awareness,/product,672,tablet
SES_499174,USR_01049,2024-03-05 16:06:00,Google_Search,google,cpc,GSearch_Competitor,/about,417,tablet
SES_875418,USR_01049,2024-03-05 07:44:00,Meta_Facebook,facebook,cpc,FB_Lookalike,/signup,606,mobile
SES_912071,USR_01050,2024-01-09 12:38:00,TikTok,tiktok,cpc,TikTok_Promo,/signup,591,mobile
SES_644349,USR_01051,2024-01-17 19:45:00,TikTok,tiktok,cpc,TikTok_Promo,/signup,293,tablet
SES_410394,USR_01051,2024-01-14 11:52:00,Google_Search,google,cpc,GSearch_Generic,/product,787,desktop
SES_500763,USR_01052,2024-01-31 11:00:00,Meta_Facebook,facebook,cpc,FB_Awareness,/blog,297,desktop
SES_546041,USR_01052,2024-01-28 04:41:00,Email,email,email,Email_Promo,/checkout,216,desktop
SES_970522,USR_01052,2024-01-27 20:42:00,TikTok,tiktok,cpc,TikTok_Video1,/about,836,tablet
SES_875425,USR_01052,2024-01-27 03:01:00,Google_Search,google,cpc,GSearch_Generic,/blog,836,mobile
SES_985330,USR_01052,2024-02-01 18:00:00,Email,email,email,Email_Retention,/signup,599,mobile
SES_276253,USR_01053,2024-01-07 16:01:00,Email,email,email,Email_Welcome,/pricing,894,tablet
SES_188737,USR_01053,2024-01-14 08:42:00,Meta_Facebook,facebook,cpc,FB_Lookalike,/blog,505,mobile
SES_778931,USR_01053,2024-01-13 20:49:00,Meta_Facebook,facebook,cpc,FB_Retargeting,/checkout,644,desktop
SES_723510,USR_01053,2024-01-11 11:24:00,Meta_Facebook,facebook,cpc,FB_Lookalike,/checkout,847,tablet
SES_225961,USR_01054,2024-03-18 06:23:00,Google_Search,google,cpc,GSearch_Generic,/about,275,tablet
SES_474262,USR_01055,2024-03-03 03:27:00,LinkedIn,linkedin,cpc,,/about,794,desktop
SES_237067,USR_01055,2024-03-05 23:07:00,TikTok,tiktok,cpc,TikTok_Video1,/about,774,desktop
SES_491974,USR_01055,2024-03-03 19:59:00,Meta_Facebook,facebook,cpc,FB_Lookalike,/blog,712,tablet
SES_505409,USR_01055,2024-03-04 19:37:00,TikTok,tiktok,cpc,TikTok_Promo,/blog,510,mobile
SES_164573,USR_01055,2024-03-01 22:24:00,Meta_Facebook,facebook,cpc,FB_Retargeting,/pricing,466,tablet
SES_540641,USR_01056,2024-01-18 18:36:00,Meta_Facebook,facebook,cpc,FB_Lookalike,/product,245,desktop
SES_682078,USR_01056,2024-01-19 15:35:00,TikTok,tiktok,cpc,TikTok_Video1,/product,70,desktop
SES_600633,USR_01056,2024-01-22 11:14:00,Meta_Facebook,facebook,cpc,FB_Awareness,/product,367,desktop
SES_390209,USR_01056,2024-01-18 17:31:00,Meta_Facebook,,cpc,FB_Retargeting,/pricing,521,tablet
SES_796729,USR_01056,2024-01-17 18:12:00,Google_Search,google,cpc,GSearch_Competitor,/pricing,793,desktop
SES_331764,USR_01057,2024-03-01 02:28:00,TikTok,tiktok,cpc,TikTok_Video1,/checkout,501,tablet
SES_560720,USR_01058,2024-02-12 11:53:00,LinkedIn,linkedin,cpc,LinkedIn_Lead,/signup,689,tablet
SES_605954,USR_01058,2024-02-12 18:05:00,Meta_Facebook,facebook,cpc,FB_Lookalike,/about,337,mobile
SES_316421,USR_01058,2024-02-13 11:15:00,Organic,organic,organic,Organic_Direct,/blog,742,mobile
SES_247558,USR_01058,2024-02-13 14:10:00,TikTok,tiktok,cpc,TikTok_Promo,/home,663,desktop
SES_469453,USR_01059,2024-01-08 13:11:00,Meta_Facebook,facebook,cpc,FB_Awareness,/blog,292,mobile
SES_929414,USR_01059,2024-01-08 14:00:00,TikTok,tiktok,cpc,TikTok_Promo,/signup,563,tablet
SES_911609,USR_01059,2024-01-10 18:41:00,Meta_Facebook,facebook,cpc,FB_Lookalike,/pricing,302,mobile
SES_610430,USR_01059,2024-01-05 23:37:00,LinkedIn,,cpc,LinkedIn_B2B,/about,296,tablet
SES_101464,USR_01059,2024-01-08 03:54:00,Meta_Facebook,facebook,cpc,FB_Awareness,/blog,848,mobile
SES_988691,USR_01060,2024-03-16 20:37:00,TikTok,tiktok,cpc,TikTok_Video1,/product,408,desktop
SES_181331,USR_01060,2024-03-15 03:05:00,Google_Search,google,cpc,GSearch_Generic,/pricing,763,desktop
SES_774261,USR_01060,2024-03-10 02:55:00,Email,email,email,Email_Promo,/signup,451,desktop
SES_439040,USR_01060,2024-03-12 09:26:00,Meta_Facebook,facebook,cpc,FB_Lookalike,/product,33,mobile
SES_753245,USR_01060,2024-03-11 22:44:00,Email,email,email,Email_Promo,/product,177,tablet
SES_409438,USR_01061,2024-03-17 07:17:00,Google_Search,google,cpc,GSearch_Brand,/about,422,mobile
SES_794148,USR_01061,2024-03-18 01:26:00,Email,email,email,,/home,845,mobile
SES_510185,USR_01062,2024-03-09 06:21:00,Google_Search,google,cpc,GSearch_Competitor,/product,106,desktop
SES_763861,USR_01062,2024-03-09 03:31:00,LinkedIn,linkedin,cpc,LinkedIn_B2B,/pricing,438,mobile
SES_970319,USR_01062,2024-03-14 02:33:00,Meta_Facebook,facebook,cpc,FB_Awareness,/checkout,373,desktop
SES_866319,USR_01062,2024-03-09 00:08:00,Google_Search,google,cpc,GSearch_Competitor,/blog,378,tablet
SES_678735,USR_01062,2024-03-09 03:28:00,Meta_Facebook,facebook,cpc,FB_Lookalike,/checkout,657,mobile
SES_721437,USR_01063,2024-03-03 05:10:00,TikTok,tiktok,cpc,TikTok_Promo,/home,863,tablet
SES_711211,USR_01063,2024-03-02 19:17:00,TikTok,tiktok,cpc,TikTok_Video1,/blog,145,desktop
SES_479392,USR_01063,2024-03-02 22:45:00,Google_Search,google,cpc,GSearch_Brand,/about,621,tablet
SES_226569,USR_01064,2024-03-16 05:52:00,Google_Search,google,cpc,GSearch_Brand,/checkout,61,mobile
SES_630672,USR_01064,2024-03-22 20:19:00,Meta_Facebook,facebook,cpc,FB_Retargeting,/checkout,344,desktop
SES_668813,USR_01065,2024-03-11 04:29:00,Meta_Facebook,facebook,cpc,FB_Awareness,/product,848,tablet
SES_736140,USR_01065,2024-03-06 03:58:00,Google_Search,google,cpc,GSearch_Generic,/about,349,desktop
SES_219201,USR_01065,2024-03-06 17:41:00,Organic,organic,organic,Organic_Direct,/home,127,mobile
SES_476757,USR_01065,2024-03-08 12:53:00,Google_Search,google,cpc,GSearch_Generic,/blog,815,mobile
SES_112970,USR_01065,2024-03-08 23:08:00,Google_Search,google,cpc,GSearch_Competitor,/product,773,tablet
SES_918265,USR_01066,2024-02-22 05:00:00,Organic,organic,organic,Organic_Direct,/product,350,mobile
SES_953061,USR_01066,2024-02-24 14:30:00,Google_Search,google,cpc,GSearch_Competitor,/about,60,desktop
SES_793229,USR_01066,2024-02-22 21:37:00,TikTok,tiktok,cpc,TikTok_Video1,/signup,578,desktop
SES_623456,USR_01067,2024-02-27 15:55:00,Meta_Facebook,facebook,cpc,FB_Awareness,/product,106,mobile
SES_154273,USR_01067,2024-02-27 00:15:00,TikTok,tiktok,cpc,TikTok_Video1,/signup,253,tablet
SES_805916,USR_01067,2024-02-20 19:45:00,Email,email,email,,/signup,534,mobile
SES_463179,USR_01067,2024-02-24 09:56:00,LinkedIn,linkedin,cpc,LinkedIn_B2B,/home,477,tablet
SES_859083,USR_01068,2024-03-19 22:45:00,TikTok,tiktok,cpc,TikTok_Promo,/product,624,tablet
SES_678113,USR_01068,2024-03-21 05:50:00,TikTok,tiktok,cpc,TikTok_Video1,/blog,620,mobile
SES_782528,USR_01068,2024-03-22 13:33:00,TikTok,tiktok,cpc,TikTok_Video1,/home,519,tablet
SES_578788,USR_01068,2024-03-16 20:14:00,Google_Search,google,cpc,GSearch_Competitor,/home,563,tablet
SES_814806,USR_01068,2024-03-21 18:37:00,TikTok,tiktok,cpc,TikTok_Video1,/product,720,mobile
SES_954689,USR_01069,2024-02-13 15:54:00,Meta_Facebook,facebook,cpc,FB_Lookalike,/checkout,33,desktop
SES_411985,USR_01069,2024-02-17 18:18:00,Meta_Facebook,facebook,cpc,FB_Awareness,/checkout,621,tablet
SES_534743,USR_01070,2024-02-24 04:49:00,LinkedIn,linkedin,cpc,LinkedIn_Lead,/home,273,tablet
SES_963194,USR_01070,2024-02-21 08:35:00,Email,email,email,Email_Retention,/pricing,787,desktop
SES_452999,USR_01070,2024-02-25 03:12:00,LinkedIn,linkedin,cpc,LinkedIn_B2B,/signup,896,mobile
SES_533555,USR_01070,2024-02-21 06:42:00,LinkedIn,linkedin,cpc,LinkedIn_B2B,/checkout,392,mobile
SES_805192,USR_01070,2024-02-22 07:55:00,Google_Search,google,cpc,GSearch_Generic,/signup,469,mobile
SES_615098,USR_01071,2024-02-15 07:31:00,Organic,organic,organic,Organic_Direct,/product,174,mobile
SES_949179,USR_01071,2024-02-19 14:55:00,Google_Search,google,cpc,GSearch_Competitor,/home,756,mobile
SES_562787,USR_01071,2024-02-17 02:56:00,Google_Search,google,cpc,GSearch_Competitor,/signup,568,tablet
SES_992976,USR_01071,2024-02-18 23:20:00,Meta_Facebook,facebook,cpc,FB_Lookalike,/product,870,mobile
SES_956416,USR_01072,2024-01-28 06:04:00,LinkedIn,linkedin,cpc,LinkedIn_Lead,/home,343,tablet
SES_352431,USR_01073,2024-02-01 01:52:00,Email,email,email,Email_Retention,/about,779,desktop
SES_658416,USR_01073,2024-02-04 03:32:00,TikTok,,cpc,TikTok_Video1,/signup,49,mobile
SES_625126,USR_01074,2024-02-13 04:19:00,LinkedIn,linkedin,cpc,LinkedIn_B2B,/home,753,desktop
SES_543187,USR_01074,2024-02-08 02:27:00,Meta_Facebook,,cpc,FB_Lookalike,/checkout,593,desktop
SES_695456,USR_01074,2024-02-15 19:36:00,TikTok,tiktok,cpc,TikTok_Video1,/about,41,mobile
SES_619648,USR_01074,2024-02-10 08:13:00,Organic,organic,organic,Organic_Direct,/checkout,239,desktop
SES_121821,USR_01075,2024-01-18 09:53:00,Google_Search,,cpc,,/about,31,mobile
SES_484184,USR_01075,2024-01-17 10:47:00,TikTok,tiktok,cpc,TikTok_Video1,/about,614,desktop
SES_817889,USR_01075,2024-01-19 21:08:00,Google_Search,google,cpc,GSearch_Generic,/checkout,267,tablet
SES_180483,USR_01076,2024-03-02 22:33:00,Google_Search,google,cpc,GSearch_Brand,/signup,812,tablet
SES_559228,USR_01076,2024-03-02 11:55:00,LinkedIn,linkedin,cpc,LinkedIn_Lead,/home,252,tablet
SES_663132,USR_01076,2024-03-02 02:34:00,Meta_Facebook,facebook,cpc,FB_Retargeting,/blog,258,tablet
SES_222588,USR_01077,2024-01-21 18:16:00,Google_Search,google,cpc,GSearch_Generic,/pricing,379,tablet
SES_968534,USR_01077,2024-01-27 23:14:00,Organic,organic,organic,Organic_SEO,/pricing,146,tablet
SES_863273,USR_01077,2024-01-21 21:02:00,Meta_Facebook,facebook,cpc,FB_Awareness,/product,671,tablet
SES_749924,USR_01077,2024-01-22 06:58:00,Meta_Facebook,facebook,cpc,FB_Lookalike,/blog,138,tablet
SES_420514,USR_01078,2024-02-06 19:12:00,LinkedIn,linkedin,cpc,LinkedIn_B2B,/signup,271,tablet
SES_530522,USR_01078,2024-02-02 07:33:00,Meta_Facebook,facebook,cpc,FB_Awareness,/pricing,897,desktop
SES_178332,USR_01078,2024-02-07 11:12:00,Google_Search,google,cpc,GSearch_Brand,/about,602,tablet
SES_853914,USR_01079,2024-01-24 10:48:00,TikTok,tiktok,cpc,TikTok_Promo,/product,719,desktop
SES_641221,USR_01079,2024-01-28 22:37:00,Google_Search,google,cpc,GSearch_Brand,/checkout,453,desktop
SES_242002,USR_01079,2024-01-31 03:48:00,TikTok,tiktok,cpc,TikTok_Video1,/home,788,mobile
SES_618510,USR_01080,2024-01-18 02:07:00,Organic,organic,organic,Organic_SEO,/signup,207,desktop
SES_826506,USR_01080,2024-01-24 00:57:00,Google_Search,google,cpc,GSearch_Generic,/pricing,127,mobile
SES_369601,USR_01080,2024-01-22 08:09:00,TikTok,tiktok,cpc,TikTok_Promo,/about,159,desktop
SES_675263,USR_01080,2024-01-22 13:30:00,Email,,email,Email_Promo,/home,147,mobile
SES_585746,USR_01081,2024-03-12 01:44:00,Meta_Facebook,facebook,cpc,FB_Retargeting,/pricing,705,desktop
SES_910211,USR_01082,2024-01-11 16:36:00,Google_Search,google,cpc,GSearch_Generic,/blog,524,tablet
SES_159818,USR_01082,2024-01-08 08:51:00,TikTok,tiktok,cpc,TikTok_Video1,/product,555,mobile
SES_396233,USR_01083,2024-02-28 16:07:00,Google_Search,google,cpc,GSearch_Competitor,/home,726,mobile
SES_242500,USR_01083,2024-02-26 07:05:00,Google_Search,google,cpc,GSearch_Generic,/signup,300,desktop
SES_586241,USR_01083,2024-03-03 11:38:00,Email,email,email,Email_Welcome,/home,866,desktop
SES_383966,USR_01083,2024-02-26 06:46:00,Google_Search,google,cpc,GSearch_Generic,/signup,188,desktop
SES_430513,USR_01084,2024-03-05 02:56:00,Google_Search,google,cpc,GSearch_Competitor,/checkout,717,mobile
SES_219058,USR_01084,2024-03-04 18:53:00,Google_Search,google,cpc,GSearch_Generic,/home,685,mobile
SES_781170,USR_01084,2024-03-01 18:13:00,Meta_Facebook,facebook,cpc,FB_Lookalike,/home,832,mobile
SES_377640,USR_01084,2024-03-06 05:41:00,Email,,email,Email_Welcome,/signup,464,desktop
SES_229702,USR_01085,2024-02-19 13:06:00,TikTok,tiktok,cpc,TikTok_Video1,/checkout,350,tablet
SES_659875,USR_01085,2024-02-20 08:54:00,Google_Search,google,cpc,GSearch_Brand,/signup,367,desktop
SES_772300,USR_01086,2024-03-02 19:23:00,Meta_Facebook,facebook,cpc,FB_Retargeting,/home,576,mobile
SES_132924,USR_01086,2024-03-01 05:51:00,Email,email,email,Email_Retention,/product,166,mobile
SES_802192,USR_01087,2024-03-17 23:59:00,TikTok,tiktok,cpc,TikTok_Promo,/checkout,371,tablet
SES_619923,USR_01087,2024-03-14 10:02:00,Meta_Facebook,facebook,cpc,FB_Retargeting,/signup,539,tablet
SES_926658,USR_01087,2024-03-13 09:58:00,TikTok,tiktok,cpc,TikTok_Promo,/product,396,mobile
SES_692963,USR_01088,2024-03-08 12:16:00,Meta_Facebook,facebook,cpc,FB_Lookalike,/signup,631,mobile
SES_109132,USR_01088,2024-03-01 12:36:00,Meta_Facebook,facebook,cpc,,/blog,553,mobile
SES_579696,USR_01088,2024-03-07 11:51:00,Google_Search,google,cpc,GSearch_Generic,/pricing,851,mobile
SES_784955,USR_01089,2024-03-03 12:01:00,LinkedIn,linkedin,cpc,LinkedIn_Lead,/blog,133,mobile
SES_477971,USR_01089,2024-03-01 08:51:00,Google_Search,,cpc,GSearch_Generic,/pricing,778,mobile
SES_744346,USR_01089,2024-03-06 07:09:00,Google_Search,,cpc,GSearch_Generic,/signup,677,tablet
SES_242685,USR_01089,2024-03-04 11:42:00,Meta_Facebook,facebook,cpc,FB_Lookalike,/signup,136,tablet
SES_489790,USR_01090,2024-02-10 01:41:00,Google_Search,google,cpc,GSearch_Generic,/signup,266,tablet
SES_371221,USR_01090,2024-02-11 08:09:00,Google_Search,google,cpc,GSearch_Competitor,/about,600,tablet
SES_623633,USR_01090,2024-02-12 18:58:00,Google_Search,google,cpc,GSearch_Brand,/pricing,613,desktop
SES_471556,USR_01090,2024-02-11 22:39:00,Meta_Facebook,facebook,cpc,FB_Lookalike,/pricing,892,desktop
SES_401881,USR_01091,2024-01-17 21:46:00,Meta_Facebook,facebook,cpc,FB_Retargeting,/signup,704,mobile
SES_815941,USR_01091,2024-01-22 08:57:00,LinkedIn,linkedin,cpc,LinkedIn_B2B,/home,195,mobile
SES_207334,USR_01091,2024-01-18 14:26:00,Meta_Facebook,facebook,cpc,FB_Awareness,/signup,307,tablet
SES_508356,USR_01091,2024-01-15 10:42:00,LinkedIn,linkedin,cpc,LinkedIn_Lead,/pricing,131,mobile
SES_116680,USR_01091,2024-01-17 11:00:00,TikTok,tiktok,cpc,TikTok_Video1,/product,754,mobile
SES_716208,USR_01092,2024-03-20 11:10:00,Google_Search,google,cpc,GSearch_Competitor,/signup,568,tablet
SES_291428,USR_01092,2024-03-20 06:39:00,Meta_Facebook,facebook,cpc,FB_Lookalike,/product,355,tablet
SES_578996,USR_01092,2024-03-22 06:46:00,Google_Search,google,cpc,GSearch_Brand,/signup,166,tablet
SES_706567,USR_01092,2024-03-25 05:05:00,Meta_Facebook,facebook,cpc,FB_Retargeting,/signup,382,mobile
SES_273155,USR_01092,2024-03-18 02:16:00,Google_Search,,cpc,GSearch_Generic,/product,673,tablet
SES_459940,USR_01093,2024-03-13 06:55:00,Organic,organic,organic,Organic_Direct,/about,99,desktop
SES_104510,USR_01093,2024-03-12 17:36:00,Meta_Facebook,facebook,cpc,FB_Retargeting,/blog,229,mobile
SES_154252,USR_01093,2024-03-14 15:39:00,Google_Search,google,cpc,GSearch_Competitor,/product,891,mobile
SES_388523,USR_01094,2024-03-01 02:47:00,Google_Search,google,cpc,GSearch_Brand,/pricing,559,desktop
SES_491242,USR_01094,2024-02-27 19:40:00,Email,email,email,Email_Welcome,/signup,743,mobile
SES_595000,USR_01094,2024-02-29 04:11:00,Meta_Facebook,,cpc,FB_Awareness,/home,604,tablet
SES_712728,USR_01094,2024-03-05 08:22:00,Google_Search,google,cpc,GSearch_Brand,/product,281,tablet
SES_443778,USR_01095,2024-03-19 19:58:00,LinkedIn,linkedin,cpc,LinkedIn_B2B,/signup,668,tablet
SES_751223,USR_01095,2024-03-20 00:12:00,Organic,organic,organic,Organic_SEO,/product,231,mobile
SES_170294,USR_01095,2024-03-13 14:21:00,LinkedIn,linkedin,cpc,LinkedIn_B2B,/home,203,tablet
SES_543754,USR_01096,2024-01-19 15:41:00,Organic,organic,organic,Organic_SEO,/pricing,558,tablet
SES_105123,USR_01096,2024-01-23 18:21:00,Meta_Facebook,facebook,cpc,FB_Awareness,/blog,801,mobile
SES_284523,USR_01096,2024-01-20 07:25:00,Meta_Facebook,facebook,cpc,FB_Lookalike,/about,666,desktop
SES_230904,USR_01097,2024-01-24 09:49:00,Google_Search,google,cpc,GSearch_Generic,/checkout,167,mobile
SES_794293,USR_01097,2024-01-21 10:58:00,LinkedIn,linkedin,cpc,LinkedIn_B2B,/home,728,tablet
SES_373458,USR_01097,2024-01-21 21:12:00,Organic,organic,organic,Organic_SEO,/pricing,649,mobile
SES_368865,USR_01097,2024-01-21 01:28:00,Google_Search,google,cpc,GSearch_Competitor,/blog,725,tablet
SES_887940,USR_01098,2024-03-18 02:03:00,Meta_Facebook,facebook,cpc,FB_Lookalike,/about,691,desktop
SES_569341,USR_01098,2024-03-20 19:15:00,TikTok,tiktok,cpc,TikTok_Promo,/checkout,622,desktop
SES_392279,USR_01098,2024-03-18 18:13:00,Google_Search,,cpc,GSearch_Generic,/signup,142,desktop
SES_371245,USR_01098,2024-03-17 07:59:00,Meta_Facebook,facebook,cpc,FB_Awareness,/about,589,mobile
SES_461297,USR_01099,2024-02-26 02:51:00,Google_Search,google,cpc,GSearch_Generic,/blog,888,desktop
SES_831111,USR_01099,2024-03-02 18:08:00,Meta_Facebook,facebook,cpc,FB_Awareness,/signup,81,mobile
SES_223532,USR_01099,2024-02-28 04:23:00,Meta_Facebook,facebook,cpc,FB_Retargeting,/about,525,mobile
SES_630524,USR_01100,2024-01-23 18:22:00,Google_Search,google,cpc,GSearch_Competitor,/signup,631,mobile
SES_120678,USR_01101,2024-02-01 00:37:00,LinkedIn,linkedin,cpc,LinkedIn_B2B,/blog,833,tablet
SES_323197,USR_01101,2024-01-30 13:41:00,Email,email,email,Email_Promo,/blog,77,tablet
SES_357834,USR_01101,2024-02-02 20:25:00,Google_Search,,cpc,GSearch_Generic,/pricing,699,mobile
SES_731309,USR_01102,2024-03-21 14:55:00,Meta_Facebook,facebook,cpc,FB_Awareness,/checkout,851,desktop
SES_385585,USR_01102,2024-03-16 12:06:00,LinkedIn,linkedin,cpc,,/signup,314,mobile
SES_792559,USR_01103,2024-02-26 15:19:00,Organic,organic,organic,Organic_Direct,/pricing,231,desktop
SES_500112,USR_01103,2024-03-04 07:32:00,Google_Search,google,cpc,GSearch_Competitor,/checkout,499,desktop
SES_106513,USR_01104,2024-01-16 23:20:00,Email,email,email,Email_Retention,/pricing,413,tablet
SES_859623,USR_01104,2024-01-17 15:19:00,Meta_Facebook,facebook,cpc,FB_Awareness,/home,310,mobile
SES_869668,USR_01105,2024-03-10 19:32:00,Email,,email,Email_Retention,/blog,511,mobile
SES_763741,USR_01105,2024-03-11 05:08:00,Google_Search,google,cpc,GSearch_Generic,/product,760,mobile
SES_832615,USR_01105,2024-03-07 03:13:00,Google_Search,google,cpc,,/signup,171,tablet
SES_918482,USR_01105,2024-03-05 11:26:00,Google_Search,google,cpc,GSearch_Generic,/about,844,desktop
SES_107409,USR_01106,2024-02-20 09:20:00,Google_Search,google,cpc,GSearch_Generic,/about,591,tablet
SES_488584,USR_01107,2024-03-15 14:41:00,Email,email,email,Email_Promo,/about,533,tablet
SES_854530,USR_01107,2024-03-21 13:24:00,LinkedIn,linkedin,cpc,LinkedIn_Lead,/about,287,desktop
SES_991151,USR_01108,2024-01-11 20:08:00,Google_Search,google,cpc,GSearch_Competitor,/blog,476,desktop
SES_401484,USR_01108,2024-01-11 18:39:00,Email,,email,Email_Welcome,/blog,561,desktop
SES_413614,USR_01108,2024-01-08 23:17:00,TikTok,tiktok,cpc,TikTok_Promo,/product,200,mobile
SES_534272,USR_01108,2024-01-12 19:10:00,Google_Search,google,cpc,GSearch_Competitor,/blog,876,tablet
SES_602218,USR_01109,2024-02-05 04:19:00,LinkedIn,,cpc,LinkedIn_Lead,/about,472,mobile
SES_193283,USR_01109,2024-01-30 17:44:00,Google_Search,google,cpc,GSearch_Brand,/product,610,mobile
SES_633001,USR_01109,2024-02-02 08:42:00,Email,email,email,Email_Welcome,/home,440,desktop
SES_489578,USR_01109,2024-02-03 04:44:00,Meta_Facebook,facebook,cpc,FB_Lookalike,/pricing,394,mobile
SES_365238,USR_01110,2024-02-21 11:29:00,Meta_Facebook,facebook,cpc,FB_Lookalike,/checkout,565,mobile
SES_309420,USR_01110,2024-02-25 20:32:00,Google_Search,google,cpc,GSearch_Generic,/about,759,mobile
SES_553012,USR_01110,2024-02-23 07:42:00,Meta_Facebook,facebook,cpc,FB_Lookalike,/product,857,tablet
SES_785062,USR_01110,2024-02-25 17:59:00,LinkedIn,linkedin,cpc,LinkedIn_Lead,/product,364,tablet
SES_216224,USR_01110,2024-02-26 23:27:00,Organic,organic,organic,Organic_SEO,/product,300,desktop
SES_817230,USR_01111,2024-02-16 17:18:00,Meta_Facebook,facebook,cpc,FB_Retargeting,/product,471,tablet
SES_555194,USR_01111,2024-02-14 15:36:00,Email,email,email,Email_Promo,/checkout,888,tablet
SES_956418,USR_01111,2024-02-09 15:52:00,Google_Search,google,cpc,GSearch_Brand,/home,651,mobile
SES_109466,USR_01111,2024-02-14 06:34:00,Email,email,email,Email_Retention,/checkout,495,mobile
SES_767881,USR_01111,2024-02-10 02:36:00,Organic,organic,organic,Organic_SEO,/home,679,desktop
SES_257815,USR_01112,2024-02-20 01:06:00,Email,email,email,Email_Retention,/about,374,desktop
SES_469945,USR_01112,2024-02-24 01:33:00,Google_Search,google,cpc,GSearch_Brand,/product,324,mobile
SES_389947,USR_01112,2024-02-20 00:15:00,Meta_Facebook,facebook,cpc,FB_Lookalike,/home,688,desktop
SES_396833,USR_01113,2024-02-14 16:19:00,Google_Search,google,cpc,GSearch_Generic,/product,801,desktop
SES_729406,USR_01113,2024-02-10 06:47:00,Meta_Facebook,,cpc,FB_Lookalike,/signup,282,mobile
SES_929651,USR_01113,2024-02-10 14:01:00,Email,email,email,Email_Retention,/product,301,desktop
SES_801785,USR_01114,2024-02-11 17:11:00,Google_Search,,cpc,GSearch_Competitor,/product,723,desktop
SES_459816,USR_01115,2024-01-24 08:28:00,Meta_Facebook,facebook,cpc,FB_Awareness,/about,96,desktop
SES_425042,USR_01115,2024-01-19 17:59:00,Meta_Facebook,facebook,cpc,FB_Lookalike,/home,325,desktop
SES_708276,USR_01116,2024-01-30 06:51:00,Meta_Facebook,facebook,cpc,FB_Retargeting,/signup,620,tablet
SES_172324,USR_01117,2024-03-22 11:03:00,Google_Search,,cpc,GSearch_Competitor,/checkout,130,mobile
SES_557875,USR_01117,2024-03-22 05:30:00,Email,email,email,Email_Welcome,/blog,788,tablet
SES_972660,USR_01118,2024-02-14 18:04:00,Email,email,email,Email_Promo,/signup,164,tablet
SES_563055,USR_01118,2024-02-12 11:38:00,Google_Search,google,cpc,GSearch_Brand,/product,610,tablet
SES_941001,USR_01118,2024-02-17 05:05:00,Meta_Facebook,facebook,cpc,FB_Awareness,/signup,787,mobile
SES_840502,USR_01118,2024-02-18 12:54:00,Organic,organic,organic,,/checkout,768,tablet
SES_363642,USR_01118,2024-02-17 06:25:00,TikTok,,cpc,TikTok_Video1,/pricing,250,desktop
SES_932970,USR_01119,2024-02-11 13:37:00,Google_Search,google,cpc,GSearch_Brand,/home,288,mobile
SES_257544,USR_01119,2024-02-09 05:58:00,TikTok,tiktok,cpc,TikTok_Video1,/about,437,tablet
SES_631912,USR_01119,2024-02-10 14:58:00,Meta_Facebook,facebook,cpc,FB_Lookalike,/blog,357,tablet
SES_328639,USR_01120,2024-01-14 01:00:00,TikTok,tiktok,cpc,TikTok_Video1,/home,632,mobile
SES_639470,USR_01120,2024-01-14 23:55:00,TikTok,tiktok,cpc,TikTok_Video1,/about,690,desktop
SES_226453,USR_01120,2024-01-21 15:10:00,Email,email,email,Email_Promo,/blog,703,desktop
SES_768700,USR_01120,2024-01-21 06:14:00,TikTok,tiktok,cpc,TikTok_Video1,/product,758,desktop
SES_168218,USR_01121,2024-02-21 10:18:00,Email,email,email,Email_Retention,/checkout,450,tablet
SES_893035,USR_01121,2024-02-18 02:52:00,Meta_Facebook,facebook,cpc,FB_Lookalike,/blog,405,mobile
SES_693829,USR_01121,2024-02-22 11:58:00,Meta_Facebook,facebook,cpc,FB_Awareness,/blog,448,desktop
SES_339773,USR_01121,2024-02-21 22:14:00,Google_Search,google,cpc,GSearch_Competitor,/about,791,desktop
SES_691348,USR_01122,2024-01-30 05:11:00,LinkedIn,linkedin,cpc,LinkedIn_Lead,/product,363,mobile
SES_979943,USR_01122,2024-01-28 23:12:00,Meta_Facebook,facebook,cpc,FB_Lookalike,/about,686,mobile
SES_550514,USR_01123,2024-03-09 09:13:00,Meta_Facebook,,cpc,FB_Lookalike,/home,219,tablet
SES_287629,USR_01123,2024-03-10 18:35:00,Google_Search,google,cpc,GSearch_Brand,/product,154,mobile
SES_299431,USR_01124,2024-01-31 19:09:00,TikTok,tiktok,cpc,TikTok_Video1,/product,651,tablet
SES_420457,USR_01124,2024-01-31 18:25:00,Google_Search,google,cpc,GSearch_Competitor,/product,600,desktop
SES_949335,USR_01124,2024-01-26 10:12:00,Meta_Facebook,facebook,cpc,FB_Lookalike,/blog,85,tablet
SES_888030,USR_01124,2024-02-02 15:25:00,Meta_Facebook,facebook,cpc,FB_Retargeting,/about,733,tablet
SES_518632,USR_01124,2024-01-26 13:25:00,Google_Search,google,cpc,GSearch_Generic,/about,652,desktop
SES_424321,USR_01125,2024-02-04 06:33:00,Organic,organic,organic,Organic_SEO,/about,547,mobile
SES_289548,USR_01125,2024-02-03 10:50:00,Organic,organic,organic,Organic_SEO,/checkout,467,mobile
SES_253451,USR_01125,2024-02-05 06:51:00,LinkedIn,linkedin,cpc,LinkedIn_Lead,/signup,176,desktop
SES_418945,USR_01125,2024-02-05 22:52:00,LinkedIn,linkedin,cpc,LinkedIn_B2B,/about,583,tablet
SES_285425,USR_01125,2024-01-31 06:49:00,Meta_Facebook,facebook,cpc,FB_Retargeting,/checkout,726,mobile
SES_412750,USR_01126,2024-02-08 19:46:00,Meta_Facebook,,cpc,FB_Retargeting,/checkout,425,mobile
SES_504869,USR_01126,2024-02-02 23:47:00,Organic,organic,organic,Organic_Direct,/blog,742,tablet
SES_367199,USR_01126,2024-02-09 00:48:00,Organic,organic,organic,Organic_SEO,/product,726,tablet
SES_938862,USR_01127,2024-02-17 02:14:00,Meta_Facebook,facebook,cpc,FB_Lookalike,/checkout,336,desktop
SES_206427,USR_01127,2024-02-16 17:15:00,Email,email,email,Email_Retention,/blog,58,mobile
SES_171425,USR_01127,2024-02-22 04:41:00,TikTok,tiktok,cpc,TikTok_Video1,/signup,838,mobile
SES_946256,USR_01127,2024-02-23 00:05:00,Organic,organic,organic,Organic_SEO,/signup,719,mobile
SES_625519,USR_01127,2024-02-18 11:11:00,Organic,,organic,Organic_SEO,/home,36,tablet
SES_953214,USR_01128,2024-02-01 12:40:00,Meta_Facebook,,cpc,FB_Retargeting,/signup,732,mobile
SES_276120,USR_01128,2024-02-01 15:02:00,Google_Search,google,cpc,GSearch_Brand,/product,280,mobile
SES_464572,USR_01129,2024-03-23 19:01:00,Meta_Facebook,facebook,cpc,FB_Retargeting,/signup,280,mobile
SES_822739,USR_01129,2024-03-24 00:00:00,Meta_Facebook,facebook,cpc,FB_Lookalike,/checkout,35,tablet
SES_459403,USR_01129,2024-03-18 06:52:00,TikTok,tiktok,cpc,TikTok_Video1,/signup,208,desktop
SES_635101,USR_01129,2024-03-21 15:07:00,Meta_Facebook,facebook,cpc,FB_Lookalike,/pricing,104,desktop
SES_587793,USR_01129,2024-03-21 20:03:00,LinkedIn,linkedin,cpc,LinkedIn_Lead,/checkout,736,tablet
SES_984752,USR_01130,2024-01-04 08:03:00,Meta_Facebook,facebook,cpc,FB_Awareness,/home,668,mobile
SES_757561,USR_01130,2024-01-02 22:36:00,Email,email,email,Email_Retention,/checkout,146,mobile
SES_492857,USR_01130,2024-01-05 19:55:00,Google_Search,google,cpc,,/checkout,249,mobile
SES_467319,USR_01130,2024-01-06 05:45:00,TikTok,tiktok,cpc,TikTok_Video1,/about,423,mobile
SES_590023,USR_01131,2024-01-19 18:22:00,Email,email,email,Email_Welcome,/checkout,327,mobile
SES_885697,USR_01131,2024-01-22 02:25:00,Google_Search,google,cpc,,/about,547,mobile
SES_531420,USR_01131,2024-01-20 23:08:00,Email,email,email,Email_Promo,/blog,37,mobile
SES_553310,USR_01132,2024-01-18 14:14:00,Google_Search,google,cpc,GSearch_Generic,/signup,46,mobile
SES_946116,USR_01132,2024-01-15 10:13:00,Google_Search,google,cpc,GSearch_Competitor,/checkout,53,desktop
SES_917161,USR_01132,2024-01-13 02:03:00,Meta_Facebook,,cpc,FB_Retargeting,/checkout,380,mobile
SES_405359,USR_01133,2024-02-16 13:59:00,Google_Search,google,cpc,GSearch_Generic,/about,487,mobile
SES_151916,USR_01133,2024-02-14 23:00:00,LinkedIn,linkedin,cpc,LinkedIn_Lead,/blog,700,tablet
SES_971133,USR_01133,2024-02-14 01:21:00,Organic,organic,organic,Organic_Direct,/blog,267,desktop
SES_563330,USR_01133,2024-02-16 05:29:00,LinkedIn,,cpc,LinkedIn_B2B,/checkout,639,desktop
SES_347734,USR_01134,2024-01-20 04:00:00,TikTok,tiktok,cpc,TikTok_Video1,/pricing,140,mobile
SES_304940,USR_01134,2024-01-20 12:34:00,Google_Search,google,cpc,GSearch_Brand,/home,104,tablet
SES_169356,USR_01135,2024-01-11 21:30:00,Google_Search,,cpc,GSearch_Generic,/checkout,760,desktop
SES_511961,USR_01135,2024-01-13 08:34:00,Email,,email,,/pricing,861,desktop
SES_193915,USR_01135,2024-01-12 05:57:00,Organic,organic,organic,Organic_Direct,/signup,842,desktop
SES_412226,USR_01135,2024-01-06 17:43:00,Meta_Facebook,facebook,cpc,FB_Awareness,/home,282,tablet
SES_985539,USR_01135,2024-01-07 08:52:00,TikTok,,cpc,TikTok_Video1,/pricing,745,desktop
SES_380991,USR_01136,2024-02-28 18:25:00,Meta_Facebook,facebook,cpc,FB_Retargeting,/checkout,59,mobile
SES_421308,USR_01136,2024-02-28 10:04:00,Google_Search,google,cpc,GSearch_Brand,/about,507,mobile
SES_838164,USR_01136,2024-02-23 11:14:00,Email,email,email,,/pricing,492,tablet
SES_863917,USR_01136,2024-02-23 04:03:00,Meta_Facebook,facebook,cpc,FB_Awareness,/blog,391,tablet
SES_843181,USR_01137,2024-01-28 16:31:00,Meta_Facebook,facebook,cpc,FB_Awareness,/product,499,mobile
SES_817710,USR_01137,2024-01-27 20:01:00,Google_Search,google,cpc,GSearch_Competitor,/product,746,desktop
SES_798328,USR_01137,2024-01-24 13:12:00,Email,email,email,Email_Retention,/checkout,650,tablet
SES_810231,USR_01137,2024-01-28 14:15:00,LinkedIn,linkedin,cpc,LinkedIn_Lead,/blog,600,mobile
SES_844607,USR_01137,2024-01-29 07:38:00,LinkedIn,linkedin,cpc,LinkedIn_Lead,/home,596,tablet
SES_336713,USR_01138,2024-03-01 07:54:00,Meta_Facebook,facebook,cpc,FB_Retargeting,/pricing,33,desktop
SES_383293,USR_01138,2024-02-25 01:07:00,Google_Search,google,cpc,GSearch_Brand,/pricing,737,mobile
SES_460048,USR_01138,2024-02-24 05:55:00,Meta_Facebook,facebook,cpc,FB_Awareness,/about,246,desktop
SES_482140,USR_01138,2024-02-25 14:02:00,LinkedIn,linkedin,cpc,LinkedIn_Lead,/pricing,312,desktop
SES_784096,USR_01138,2024-02-28 09:13:00,Meta_Facebook,facebook,cpc,FB_Awareness,/pricing,327,mobile
SES_695202,USR_01139,2024-01-11 10:30:00,Meta_Facebook,facebook,cpc,FB_Lookalike,/checkout,325,mobile
SES_630230,USR_01140,2024-03-25 03:57:00,Google_Search,google,cpc,GSearch_Competitor,/pricing,106,mobile
SES_740104,USR_01141,2024-01-16 05:57:00,Organic,organic,organic,Organic_Direct,/pricing,706,desktop
SES_281958,USR_01141,2024-01-19 08:28:00,Google_Search,google,cpc,GSearch_Competitor,/checkout,239,desktop
SES_951424,USR_01141,2024-01-18 03:23:00,TikTok,tiktok,cpc,TikTok_Promo,/product,32,mobile
SES_782533,USR_01141,2024-01-22 02:51:00,Meta_Facebook,facebook,cpc,FB_Retargeting,/blog,255,desktop
SES_151083,USR_01141,2024-01-22 10:29:00,Email,email,email,Email_Welcome,/signup,601,mobile
SES_363186,USR_01142,2024-02-14 12:19:00,Organic,organic,organic,Organic_SEO,/product,790,desktop
SES_957703,USR_01142,2024-02-17 20:04:00,Organic,organic,organic,,/pricing,677,desktop
SES_860630,USR_01142,2024-02-11 00:24:00,Meta_Facebook,facebook,cpc,FB_Awareness,/signup,639,tablet
SES_999993,USR_01143,2024-02-08 02:33:00,Organic,organic,organic,Organic_SEO,/about,642,tablet
SES_379193,USR_01143,2024-02-01 14:05:00,Meta_Facebook,facebook,cpc,FB_Retargeting,/pricing,625,mobile
SES_300289,USR_01143,2024-02-02 02:26:00,Google_Search,google,cpc,GSearch_Brand,/home,31,desktop
SES_751148,USR_01143,2024-02-01 17:26:00,Google_Search,google,cpc,GSearch_Generic,/signup,553,mobile
SES_836117,USR_01144,2024-01-17 19:35:00,Google_Search,google,cpc,GSearch_Generic,/pricing,174,desktop
SES_733875,USR_01144,2024-01-15 20:48:00,Email,email,email,Email_Retention,/about,547,desktop
SES_243041,USR_01145,2024-01-05 08:25:00,TikTok,,cpc,TikTok_Promo,/home,687,desktop
SES_543692,USR_01145,2024-01-08 02:45:00,Email,email,email,Email_Welcome,/pricing,622,desktop
SES_593394,USR_01146,2024-03-12 22:27:00,LinkedIn,linkedin,cpc,LinkedIn_Lead,/product,801,desktop
SES_702702,USR_01146,2024-03-09 15:42:00,TikTok,tiktok,cpc,TikTok_Video1,/signup,645,tablet
SES_204548,USR_01147,2024-02-02 01:23:00,Meta_Facebook,facebook,cpc,FB_Retargeting,/blog,253,tablet
SES_957009,USR_01147,2024-01-31 07:36:00,LinkedIn,linkedin,cpc,LinkedIn_B2B,/home,272,desktop
SES_763406,USR_01147,2024-02-02 13:39:00,LinkedIn,linkedin,cpc,LinkedIn_B2B,/checkout,422,desktop
SES_590736,USR_01147,2024-01-27 12:01:00,Email,email,email,Email_Promo,/about,364,mobile
SES_273219,USR_01147,2024-01-29 21:08:00,Google_Search,google,cpc,GSearch_Brand,/about,348,tablet
SES_407646,USR_01148,2024-01-14 01:32:00,Email,email,email,Email_Welcome,/pricing,835,tablet
SES_389847,USR_01148,2024-01-17 20:15:00,Meta_Facebook,facebook,cpc,FB_Lookalike,/about,821,desktop
SES_814923,USR_01148,2024-01-19 11:49:00,Google_Search,google,cpc,GSearch_Generic,/signup,360,desktop
SES_446300,USR_01149,2024-03-07 02:10:00,TikTok,tiktok,cpc,TikTok_Promo,/product,368,tablet
SES_791715,USR_01149,2024-03-07 15:51:00,Meta_Facebook,facebook,cpc,FB_Awareness,/pricing,821,mobile
SES_924745,USR_01150,2024-03-04 19:25:00,TikTok,tiktok,cpc,TikTok_Promo,/about,290,tablet
SES_139895,USR_01150,2024-03-02 14:00:00,Google_Search,google,cpc,GSearch_Brand,/home,603,desktop
SES_435417,USR_01151,2024-02-14 15:56:00,Organic,organic,organic,Organic_Direct,/pricing,256,tablet
SES_605491,USR_01152,2024-02-14 12:45:00,LinkedIn,linkedin,cpc,LinkedIn_B2B,/product,371,mobile
SES_275719,USR_01152,2024-02-17 00:17:00,Meta_Facebook,facebook,cpc,FB_Lookalike,/home,553,desktop
SES_179932,USR_01152,2024-02-15 02:33:00,Google_Search,google,cpc,GSearch_Brand,/blog,540,tablet
SES_466297,USR_01152,2024-02-20 19:57:00,Google_Search,google,cpc,GSearch_Brand,/signup,223,tablet
SES_742746,USR_01152,2024-02-16 02:30:00,TikTok,tiktok,cpc,TikTok_Video1,/home,853,desktop
SES_406053,USR_01153,2024-02-04 09:05:00,Organic,,organic,Organic_SEO,/blog,695,desktop
SES_308893,USR_01154,2024-02-29 02:14:00,Google_Search,google,cpc,GSearch_Brand,/about,596,tablet
SES_535687,USR_01154,2024-02-23 15:46:00,LinkedIn,,cpc,LinkedIn_B2B,/checkout,453,desktop
SES_495811,USR_01155,2024-03-07 09:22:00,Google_Search,google,cpc,GSearch_Generic,/pricing,335,desktop
SES_829609,USR_01155,2024-02-29 08:12:00,Google_Search,google,cpc,GSearch_Competitor,/pricing,820,tablet
SES_702090,USR_01155,2024-03-01 10:23:00,Google_Search,google,cpc,GSearch_Brand,/product,270,mobile
SES_186240,USR_01155,2024-03-02 06:23:00,Google_Search,google,cpc,GSearch_Brand,/checkout,793,mobile
SES_362562,USR_01156,2024-03-12 00:27:00,Meta_Facebook,facebook,cpc,FB_Retargeting,/product,849,desktop
SES_229285,USR_01156,2024-03-07 23:52:00,Meta_Facebook,facebook,cpc,FB_Lookalike,/pricing,343,tablet
SES_540470,USR_01156,2024-03-14 09:35:00,Meta_Facebook,facebook,cpc,FB_Retargeting,/product,782,desktop
SES_694317,USR_01157,2024-03-06 10:52:00,Google_Search,google,cpc,GSearch_Brand,/about,202,desktop
SES_478771,USR_01157,2024-03-01 16:39:00,TikTok,tiktok,cpc,TikTok_Video1,/product,494,desktop
SES_686509,USR_01158,2024-01-26 19:57:00,Meta_Facebook,facebook,cpc,FB_Awareness,/home,635,tablet
SES_710666,USR_01159,2024-02-13 02:47:00,Organic,organic,organic,Organic_Direct,/checkout,747,tablet
SES_413028,USR_01159,2024-02-12 13:16:00,Meta_Facebook,facebook,cpc,FB_Lookalike,/signup,359,mobile
SES_488393,USR_01159,2024-02-11 05:19:00,Email,,email,Email_Welcome,/signup,189,tablet
SES_109788,USR_01159,2024-02-14 02:32:00,Meta_Facebook,facebook,cpc,FB_Lookalike,/blog,511,desktop
SES_573355,USR_01159,2024-02-13 01:47:00,LinkedIn,linkedin,cpc,LinkedIn_B2B,/blog,725,mobile
SES_627966,USR_01160,2024-03-05 22:01:00,LinkedIn,linkedin,cpc,LinkedIn_Lead,/home,846,tablet
SES_968908,USR_01160,2024-03-07 20:31:00,TikTok,tiktok,cpc,TikTok_Promo,/product,306,tablet
SES_795858,USR_01160,2024-03-09 09:00:00,Google_Search,google,cpc,GSearch_Brand,/checkout,529,tablet
SES_467054,USR_01160,2024-03-05 15:20:00,Email,,email,Email_Retention,/signup,211,desktop
SES_891090,USR_01161,2024-02-08 12:31:00,LinkedIn,linkedin,cpc,LinkedIn_B2B,/checkout,544,desktop
SES_646380,USR_01161,2024-02-07 16:04:00,Organic,organic,organic,Organic_SEO,/pricing,397,tablet
SES_536627,USR_01161,2024-02-13 02:55:00,Google_Search,google,cpc,GSearch_Generic,/about,454,tablet
SES_363071,USR_01162,2024-02-08 13:40:00,TikTok,tiktok,cpc,TikTok_Promo,/home,379,tablet
SES_175236,USR_01162,2024-02-13 07:13:00,Meta_Facebook,facebook,cpc,FB_Awareness,/blog,372,desktop
SES_635570,USR_01162,2024-02-11 04:23:00,Google_Search,google,cpc,GSearch_Generic,/about,651,desktop
SES_550527,USR_01162,2024-02-09 18:28:00,TikTok,tiktok,cpc,TikTok_Video1,/signup,786,desktop
SES_967463,USR_01162,2024-02-14 16:40:00,TikTok,tiktok,cpc,TikTok_Promo,/blog,448,tablet
SES_153425,USR_01163,2024-01-17 08:45:00,Organic,organic,organic,Organic_SEO,/product,428,tablet
SES_542453,USR_01163,2024-01-13 08:08:00,Google_Search,google,cpc,GSearch_Generic,/product,34,mobile
SES_509419,USR_01164,2024-03-06 06:06:00,Meta_Facebook,facebook,cpc,FB_Awareness,/signup,650,mobile
SES_480445,USR_01164,2024-03-08 21:22:00,Google_Search,google,cpc,GSearch_Competitor,/product,861,desktop
SES_593302,USR_01165,2024-02-25 06:41:00,Google_Search,google,cpc,GSearch_Brand,/checkout,391,desktop
SES_424416,USR_01166,2024-02-23 02:00:00,TikTok,tiktok,cpc,TikTok_Promo,/signup,335,mobile
SES_328591,USR_01166,2024-02-17 04:19:00,Google_Search,google,cpc,GSearch_Competitor,/signup,566,mobile
SES_932362,USR_01166,2024-02-24 10:08:00,Meta_Facebook,facebook,cpc,FB_Awareness,/checkout,772,mobile
SES_889363,USR_01166,2024-02-22 04:00:00,Email,email,email,Email_Welcome,/product,884,tablet
SES_689490,USR_01167,2024-02-29 10:12:00,Meta_Facebook,facebook,cpc,FB_Lookalike,/checkout,710,mobile
SES_131478,USR_01168,2024-01-15 06:40:00,Meta_Facebook,facebook,cpc,FB_Retargeting,/about,464,desktop
SES_781620,USR_01169,2024-02-05 07:10:00,TikTok,tiktok,cpc,TikTok_Promo,/about,899,desktop
SES_740795,USR_01169,2024-02-03 01:45:00,Meta_Facebook,facebook,cpc,FB_Retargeting,/product,713,tablet
SES_329331,USR_01169,2024-02-03 11:40:00,Organic,organic,organic,Organic_SEO,/checkout,232,tablet
SES_232271,USR_01169,2024-01-31 22:28:00,TikTok,tiktok,cpc,TikTok_Video1,/checkout,367,desktop
SES_625677,USR_01170,2024-01-18 14:35:00,Google_Search,google,cpc,GSearch_Competitor,/home,497,mobile
SES_995815,USR_01170,2024-01-15 19:18:00,LinkedIn,linkedin,cpc,LinkedIn_Lead,/signup,584,tablet
SES_629878,USR_01170,2024-01-14 07:32:00,Meta_Facebook,facebook,cpc,FB_Retargeting,/blog,203,mobile
SES_533749,USR_01170,2024-01-14 08:36:00,Meta_Facebook,facebook,cpc,FB_Lookalike,/home,281,desktop
SES_274612,USR_01171,2024-02-27 04:45:00,Meta_Facebook,facebook,cpc,FB_Lookalike,/signup,798,desktop
SES_690058,USR_01172,2024-03-18 09:35:00,TikTok,tiktok,cpc,TikTok_Video1,/signup,299,tablet
SES_529160,USR_01173,2024-01-29 12:04:00,LinkedIn,linkedin,cpc,LinkedIn_Lead,/checkout,273,tablet
SES_135612,USR_01173,2024-01-31 22:57:00,Meta_Facebook,,cpc,FB_Lookalike,/blog,122,tablet
SES_248527,USR_01173,2024-01-30 06:36:00,TikTok,tiktok,cpc,TikTok_Promo,/checkout,696,tablet
SES_398610,USR_01174,2024-03-19 02:09:00,Meta_Facebook,facebook,cpc,FB_Retargeting,/checkout,500,mobile
SES_529667,USR_01174,2024-03-22 01:45:00,Meta_Facebook,facebook,cpc,FB_Awareness,/blog,534,tablet
SES_130479,USR_01174,2024-03-16 07:59:00,Organic,organic,organic,Organic_Direct,/checkout,759,mobile
SES_747815,USR_01175,2024-03-12 13:25:00,Organic,,organic,Organic_SEO,/signup,518,desktop
SES_409579,USR_01175,2024-03-14 08:32:00,Meta_Facebook,facebook,cpc,FB_Retargeting,/product,414,desktop
SES_830353,USR_01175,2024-03-17 00:22:00,Meta_Facebook,facebook,cpc,FB_Lookalike,/about,705,desktop
SES_135617,USR_01175,2024-03-18 10:16:00,Email,email,email,Email_Welcome,/about,868,desktop
SES_105911,USR_01175,2024-03-14 18:47:00,TikTok,tiktok,cpc,TikTok_Video1,/pricing,307,desktop
SES_470972,USR_01176,2024-03-16 16:32:00,LinkedIn,linkedin,cpc,LinkedIn_B2B,/about,576,mobile
SES_718446,USR_01176,2024-03-09 05:27:00,Email,email,email,Email_Promo,/signup,459,mobile
SES_819764,USR_01176,2024-03-14 01:36:00,Google_Search,google,cpc,GSearch_Generic,/pricing,558,mobile
SES_972397,USR_01176,2024-03-13 10:38:00,Google_Search,google,cpc,GSearch_Brand,/signup,508,tablet
SES_136618,USR_01176,2024-03-09 14:13:00,Google_Search,google,cpc,GSearch_Brand,/blog,548,desktop
SES_396807,USR_01177,2024-02-27 07:54:00,Organic,organic,organic,Organic_SEO,/about,801,tablet
SES_389715,USR_01177,2024-02-23 03:13:00,Email,email,email,Email_Retention,/home,618,tablet
SES_250419,USR_01177,2024-02-25 03:12:00,Organic,organic,organic,Organic_Direct,/home,388,desktop
SES_190792,USR_01178,2024-03-14 18:41:00,TikTok,tiktok,cpc,TikTok_Video1,/home,231,desktop
SES_705461,USR_01178,2024-03-14 09:04:00,Email,email,email,Email_Welcome,/signup,215,desktop
SES_684918,USR_01179,2024-02-27 17:45:00,LinkedIn,linkedin,cpc,LinkedIn_B2B,/about,725,desktop
SES_971776,USR_01179,2024-03-05 05:53:00,Meta_Facebook,,cpc,FB_Lookalike,/checkout,566,tablet
SES_971836,USR_01179,2024-03-03 09:01:00,Email,email,email,Email_Welcome,/checkout,247,tablet
SES_784171,USR_01179,2024-03-05 06:01:00,TikTok,tiktok,cpc,TikTok_Promo,/blog,132,tablet
SES_314463,USR_01179,2024-03-01 20:39:00,Meta_Facebook,facebook,cpc,FB_Retargeting,/signup,730,desktop
SES_594847,USR_01180,2024-01-30 03:22:00,LinkedIn,linkedin,cpc,LinkedIn_B2B,/pricing,602,mobile
SES_535118,USR_01181,2024-02-12 01:21:00,Google_Search,,cpc,GSearch_Brand,/about,879,desktop
SES_838559,USR_01181,2024-02-17 21:35:00,Email,,email,Email_Promo,/blog,651,mobile
SES_565474,USR_01181,2024-02-11 10:51:00,Email,email,email,Email_Welcome,/about,306,mobile
SES_319376,USR_01181,2024-02-16 13:00:00,Meta_Facebook,facebook,cpc,FB_Retargeting,/about,478,desktop
SES_595084,USR_01181,2024-02-18 21:59:00,Google_Search,google,cpc,GSearch_Competitor,/product,417,desktop
SES_599777,USR_01182,2024-03-01 08:44:00,Google_Search,google,cpc,GSearch_Generic,/pricing,127,tablet
SES_564941,USR_01182,2024-03-04 23:19:00,Meta_Facebook,facebook,cpc,FB_Lookalike,/signup,334,tablet
SES_984614,USR_01182,2024-03-02 19:36:00,Organic,organic,organic,Organic_Direct,/home,754,mobile
SES_553803,USR_01183,2024-02-17 15:57:00,LinkedIn,linkedin,cpc,LinkedIn_B2B,/product,836,mobile
SES_618463,USR_01183,2024-02-21 01:41:00,Google_Search,google,cpc,GSearch_Generic,/pricing,91,tablet
SES_628487,USR_01183,2024-02-22 23:13:00,LinkedIn,linkedin,cpc,LinkedIn_B2B,/home,626,mobile
SES_435584,USR_01183,2024-02-20 16:27:00,Meta_Facebook,,cpc,FB_Awareness,/home,284,tablet
SES_995599,USR_01183,2024-02-20 06:49:00,LinkedIn,linkedin,cpc,LinkedIn_Lead,/blog,621,mobile
SES_432180,USR_01184,2024-02-13 10:46:00,Google_Search,google,cpc,GSearch_Generic,/about,573,tablet
SES_312367,USR_01184,2024-02-10 05:17:00,Meta_Facebook,facebook,cpc,FB_Awareness,/checkout,786,mobile
SES_268511,USR_01185,2024-01-18 22:59:00,Google_Search,google,cpc,GSearch_Competitor,/checkout,553,tablet
SES_538269,USR_01185,2024-01-18 23:51:00,TikTok,tiktok,cpc,TikTok_Promo,/product,250,tablet
SES_392667,USR_01185,2024-01-19 15:35:00,Google_Search,google,cpc,GSearch_Competitor,/signup,484,tablet
SES_228820,USR_01185,2024-01-14 19:09:00,Meta_Facebook,facebook,cpc,FB_Retargeting,/product,771,tablet
SES_101023,USR_01186,2024-01-14 12:11:00,Organic,organic,organic,Organic_SEO,/pricing,276,tablet
SES_458325,USR_01186,2024-01-16 11:17:00,Email,email,email,Email_Welcome,/home,893,tablet
SES_189693,USR_01186,2024-01-14 08:49:00,Meta_Facebook,facebook,cpc,FB_Awareness,/home,82,mobile
SES_300051,USR_01187,2024-02-24 10:42:00,Google_Search,google,cpc,GSearch_Brand,/pricing,657,mobile
SES_968554,USR_01187,2024-02-25 16:37:00,Organic,organic,organic,Organic_Direct,/checkout,477,tablet
SES_162581,USR_01187,2024-02-23 16:26:00,Google_Search,google,cpc,GSearch_Brand,/product,900,tablet
SES_152993,USR_01188,2024-03-14 21:43:00,Meta_Facebook,facebook,cpc,FB_Awareness,/blog,873,tablet
SES_560704,USR_01188,2024-03-11 05:33:00,Google_Search,google,cpc,GSearch_Competitor,/blog,840,tablet
SES_515892,USR_01188,2024-03-13 06:15:00,Meta_Facebook,facebook,cpc,FB_Awareness,/home,597,desktop
SES_259644,USR_01188,2024-03-15 16:49:00,Google_Search,google,cpc,GSearch_Generic,/home,271,mobile
SES_394951,USR_01189,2024-02-09 18:05:00,Meta_Facebook,facebook,cpc,FB_Lookalike,/checkout,122,desktop
SES_812834,USR_01189,2024-02-12 01:14:00,Google_Search,google,cpc,GSearch_Competitor,/home,92,tablet
SES_888254,USR_01189,2024-02-10 04:33:00,Meta_Facebook,facebook,cpc,FB_Retargeting,/pricing,401,desktop
SES_745211,USR_01189,2024-02-13 12:09:00,Google_Search,google,cpc,GSearch_Brand,/product,618,desktop
SES_866628,USR_01190,2024-01-14 13:47:00,Meta_Facebook,facebook,cpc,,/home,787,tablet
SES_208951,USR_01191,2024-01-30 14:16:00,Email,email,email,,/blog,705,desktop
SES_427432,USR_01192,2024-03-07 08:04:00,Organic,organic,organic,Organic_Direct,/home,456,desktop
SES_331576,USR_01192,2024-03-13 04:58:00,Meta_Facebook,facebook,cpc,FB_Lookalike,/home,470,desktop
SES_463378,USR_01193,2024-01-27 08:47:00,Google_Search,google,cpc,GSearch_Brand,/pricing,897,mobile
SES_746494,USR_01194,2024-01-11 16:23:00,TikTok,tiktok,cpc,TikTok_Video1,/home,202,mobile
SES_198865,USR_01194,2024-01-10 08:34:00,Organic,organic,organic,Organic_SEO,/pricing,269,mobile
SES_702837,USR_01194,2024-01-13 10:22:00,LinkedIn,linkedin,cpc,LinkedIn_Lead,/pricing,783,mobile
SES_286408,USR_01194,2024-01-12 05:00:00,TikTok,tiktok,cpc,TikTok_Video1,/signup,831,mobile
SES_813100,USR_01195,2024-03-12 11:08:00,Meta_Facebook,facebook,cpc,FB_Awareness,/home,895,desktop
SES_736776,USR_01195,2024-03-17 13:10:00,Meta_Facebook,facebook,cpc,FB_Retargeting,/pricing,76,desktop
SES_886259,USR_01195,2024-03-11 19:04:00,Meta_Facebook,facebook,cpc,FB_Retargeting,/product,645,desktop
SES_877906,USR_01195,2024-03-14 05:31:00,Google_Search,google,cpc,GSearch_Competitor,/pricing,644,desktop
SES_395399,USR_01195,2024-03-13 09:03:00,LinkedIn,linkedin,cpc,LinkedIn_B2B,/signup,725,mobile
SES_983925,USR_01196,2024-02-25 23:35:00,Google_Search,google,cpc,GSearch_Competitor,/signup,394,tablet
SES_961018,USR_01196,2024-02-20 03:18:00,Google_Search,google,cpc,GSearch_Brand,/blog,451,tablet
SES_951588,USR_01196,2024-02-23 00:21:00,Email,email,email,Email_Retention,/home,802,desktop
SES_223646,USR_01196,2024-02-27 17:08:00,TikTok,tiktok,cpc,TikTok_Promo,/product,507,desktop
SES_700192,USR_01197,2024-01-14 22:14:00,TikTok,tiktok,cpc,TikTok_Promo,/blog,139,tablet
SES_110365,USR_01197,2024-01-15 00:12:00,Meta_Facebook,facebook,cpc,FB_Lookalike,/checkout,292,desktop
SES_890953,USR_01198,2024-03-12 06:30:00,Organic,organic,organic,Organic_Direct,/pricing,829,desktop
SES_496828,USR_01198,2024-03-14 23:03:00,Meta_Facebook,facebook,cpc,FB_Retargeting,/signup,329,desktop
SES_302333,USR_01198,2024-03-12 13:33:00,Google_Search,google,cpc,GSearch_Brand,/blog,245,tablet
SES_714077,USR_01198,2024-03-10 20:18:00,Meta_Facebook,facebook,cpc,FB_Retargeting,/home,343,mobile
SES_842970,USR_01199,2024-02-06 10:30:00,Google_Search,google,cpc,GSearch_Brand,/about,412,mobile
SES_327570,USR_01199,2024-02-07 21:47:00,Meta_Facebook,facebook,cpc,FB_Lookalike,/home,467,mobile
SES_974750,USR_01199,2024-02-07 20:35:00,Meta_Facebook,facebook,cpc,FB_Retargeting,/home,284,desktop
SES_640166,USR_01199,2024-02-04 07:48:00,Meta_Facebook,facebook,cpc,FB_Lookalike,/blog,255,mobile
SES_876467,USR_01199,2024-02-04 22:56:00,Organic,organic,organic,Organic_Direct,/signup,436,mobile
SES_348239,USR_01200,2024-03-14 09:45:00,Google_Search,google,cpc,GSearch_Competitor,/signup,60,mobile
SES_577413,USR_01200,2024-03-10 10:17:00,Google_Search,google,cpc,GSearch_Competitor,/checkout,531,mobile
SES_745879,USR_01200,2024-03-16 01:36:00,Email,email,email,Email_Welcome,/about,499,tablet
SES_452732,USR_01200,2024-03-10 18:30:00,TikTok,tiktok,cpc,TikTok_Promo,/about,268,tablet
SES_363001,USR_01200,2024-03-15 00:21:00,Google_Search,google,cpc,GSearch_Brand,/about,240,desktop
SES_807189,USR_01201,2024-03-16 15:56:00,Organic,organic,organic,Organic_SEO,/pricing,469,tablet
SES_269394,USR_01201,2024-03-19 03:57:00,Email,email,email,Email_Welcome,/checkout,544,tablet
SES_704161,USR_01201,2024-03-22 18:06:00,TikTok,tiktok,cpc,TikTok_Video1,/about,357,tablet
SES_224481,USR_01201,2024-03-22 01:16:00,Google_Search,google,cpc,GSearch_Generic,/blog,369,desktop
SES_948525,USR_01201,2024-03-21 15:44:00,Meta_Facebook,facebook,cpc,FB_Retargeting,/product,592,mobile
SES_989051,USR_01202,2024-01-20 17:32:00,Google_Search,google,cpc,GSearch_Generic,/pricing,694,mobile
SES_769175,USR_01202,2024-01-23 16:18:00,TikTok,tiktok,cpc,TikTok_Video1,/home,766,tablet
SES_847909,USR_01202,2024-01-24 07:03:00,TikTok,tiktok,cpc,TikTok_Promo,/checkout,843,desktop
SES_486305,USR_01202,2024-01-22 18:25:00,Meta_Facebook,facebook,cpc,FB_Lookalike,/about,52,desktop
SES_844474,USR_01202,2024-01-20 03:17:00,Meta_Facebook,facebook,cpc,FB_Awareness,/checkout,342,mobile
SES_350024,USR_01203,2024-01-12 03:03:00,Google_Search,google,cpc,,/checkout,462,desktop
SES_868581,USR_01204,2024-03-04 17:32:00,Google_Search,google,cpc,GSearch_Generic,/checkout,368,tablet
SES_609003,USR_01205,2024-01-27 18:52:00,Organic,organic,organic,Organic_Direct,/checkout,643,mobile
SES_304373,USR_01205,2024-01-25 13:26:00,Google_Search,google,cpc,GSearch_Competitor,/checkout,873,desktop
SES_976940,USR_01205,2024-01-24 17:44:00,Meta_Facebook,facebook,cpc,FB_Lookalike,/checkout,774,mobile
SES_829659,USR_01206,2024-01-09 04:22:00,Email,email,email,Email_Promo,/checkout,761,tablet
SES_304513,USR_01206,2024-01-09 22:25:00,LinkedIn,linkedin,cpc,LinkedIn_Lead,/home,816,tablet
SES_265470,USR_01206,2024-01-10 11:24:00,Meta_Facebook,facebook,cpc,FB_Retargeting,/signup,90,mobile
SES_618209,USR_01206,2024-01-13 14:22:00,Google_Search,google,cpc,GSearch_Brand,/product,521,mobile
SES_591481,USR_01207,2024-01-17 03:28:00,Email,email,email,Email_Retention,/about,248,tablet
SES_264924,USR_01207,2024-01-20 18:46:00,Google_Search,google,cpc,GSearch_Generic,/blog,54,tablet
SES_854229,USR_01207,2024-01-19 13:29:00,Google_Search,google,cpc,GSearch_Competitor,/about,168,mobile
SES_175353,USR_01207,2024-01-22 12:40:00,Google_Search,google,cpc,GSearch_Competitor,/product,618,mobile
SES_538872,USR_01208,2024-03-10 01:52:00,Organic,organic,organic,Organic_Direct,/pricing,423,desktop
SES_122484,USR_01208,2024-03-08 12:44:00,Organic,organic,organic,Organic_SEO,/home,357,tablet
SES_369868,USR_01208,2024-03-11 00:44:00,Google_Search,google,cpc,GSearch_Brand,/blog,512,mobile
SES_502525,USR_01209,2024-01-20 14:27:00,LinkedIn,linkedin,cpc,LinkedIn_B2B,/about,360,desktop
SES_783597,USR_01210,2024-02-14 03:44:00,LinkedIn,linkedin,cpc,LinkedIn_B2B,/signup,451,tablet
SES_555434,USR_01211,2024-02-03 02:29:00,Google_Search,google,cpc,GSearch_Brand,/blog,711,mobile
SES_133577,USR_01211,2024-02-03 10:28:00,TikTok,tiktok,cpc,TikTok_Video1,/product,221,mobile
SES_785263,USR_01211,2024-02-01 17:24:00,Meta_Facebook,facebook,cpc,FB_Lookalike,/pricing,395,desktop
SES_870780,USR_01212,2024-01-24 11:42:00,Google_Search,,cpc,,/pricing,539,mobile
SES_689435,USR_01212,2024-01-23 12:34:00,Organic,organic,organic,Organic_SEO,/about,846,desktop
SES_710836,USR_01212,2024-01-22 22:34:00,Google_Search,google,cpc,GSearch_Brand,/blog,474,tablet
SES_136691,USR_01213,2024-02-16 12:41:00,TikTok,tiktok,cpc,TikTok_Promo,/product,372,tablet
SES_715911,USR_01213,2024-02-15 14:44:00,Google_Search,google,cpc,GSearch_Brand,/pricing,107,tablet
SES_576412,USR_01214,2024-03-05 06:17:00,TikTok,,cpc,TikTok_Video1,/signup,287,desktop
SES_306946,USR_01214,2024-03-01 08:26:00,TikTok,tiktok,cpc,TikTok_Promo,/signup,121,desktop
SES_451678,USR_01215,2024-02-19 07:09:00,Meta_Facebook,facebook,cpc,FB_Awareness,/signup,174,mobile
SES_199384,USR_01215,2024-02-22 00:06:00,Organic,,organic,Organic_Direct,/pricing,570,tablet
SES_661244,USR_01215,2024-02-19 08:02:00,Google_Search,google,cpc,GSearch_Competitor,/signup,890,tablet
SES_779353,USR_01216,2024-02-05 23:52:00,Meta_Facebook,facebook,cpc,FB_Lookalike,/checkout,152,mobile
SES_108688,USR_01216,2024-02-08 23:00:00,Meta_Facebook,facebook,cpc,FB_Lookalike,/blog,48,desktop
SES_673053,USR_01216,2024-02-02 03:17:00,Meta_Facebook,facebook,cpc,FB_Awareness,/home,227,mobile
SES_979596,USR_01216,2024-02-06 23:07:00,LinkedIn,linkedin,cpc,,/checkout,769,mobile
SES_643385,USR_01216,2024-02-07 23:52:00,Meta_Facebook,facebook,cpc,FB_Awareness,/checkout,472,tablet
SES_835738,USR_01217,2024-01-07 13:36:00,Organic,organic,organic,Organic_SEO,/pricing,458,mobile
SES_404728,USR_01217,2024-01-07 13:28:00,Organic,organic,organic,Organic_SEO,/signup,462,desktop
SES_463558,USR_01217,2024-01-07 18:33:00,Meta_Facebook,facebook,cpc,FB_Retargeting,/signup,224,desktop
SES_921476,USR_01217,2024-01-07 08:37:00,Google_Search,google,cpc,GSearch_Generic,/checkout,771,desktop
SES_100511,USR_01217,2024-01-06 07:14:00,Email,,email,Email_Promo,/home,771,desktop
SES_225811,USR_01218,2024-02-23 13:25:00,Organic,organic,organic,Organic_Direct,/pricing,532,tablet
SES_990623,USR_01218,2024-02-18 01:19:00,Google_Search,google,cpc,GSearch_Generic,/product,543,tablet
SES_654028,USR_01218,2024-02-23 12:09:00,Google_Search,google,cpc,GSearch_Brand,/checkout,753,tablet
SES_124082,USR_01218,2024-02-22 15:09:00,Google_Search,google,cpc,GSearch_Brand,/pricing,774,tablet
SES_802022,USR_01219,2024-02-23 18:23:00,Google_Search,google,cpc,GSearch_Brand,/signup,889,desktop
SES_113968,USR_01219,2024-02-26 22:20:00,Google_Search,google,cpc,GSearch_Competitor,/signup,546,mobile
SES_764261,USR_01219,2024-02-22 08:53:00,Meta_Facebook,facebook,cpc,FB_Retargeting,/product,721,tablet
SES_231055,USR_01219,2024-02-26 18:11:00,Meta_Facebook,facebook,cpc,FB_Lookalike,/home,473,tablet
SES_534935,USR_01220,2024-02-23 04:29:00,TikTok,tiktok,cpc,TikTok_Video1,/about,734,mobile
SES_592842,USR_01220,2024-02-19 10:14:00,Google_Search,google,cpc,GSearch_Competitor,/pricing,155,tablet
SES_593144,USR_01220,2024-02-20 17:52:00,TikTok,tiktok,cpc,TikTok_Promo,/checkout,827,mobile
SES_576420,USR_01220,2024-02-19 15:05:00,Organic,organic,organic,,/checkout,57,desktop
SES_895240,USR_01221,2024-03-17 18:18:00,Meta_Facebook,facebook,cpc,FB_Retargeting,/pricing,495,mobile
SES_773750,USR_01221,2024-03-18 09:44:00,TikTok,,cpc,TikTok_Promo,/product,666,mobile
SES_795184,USR_01222,2024-01-30 23:27:00,Organic,organic,organic,Organic_SEO,/about,616,tablet
SES_242337,USR_01223,2024-03-01 01:45:00,TikTok,tiktok,cpc,TikTok_Promo,/home,111,tablet
SES_684905,USR_01224,2024-02-07 05:25:00,TikTok,tiktok,cpc,TikTok_Promo,/home,841,mobile
SES_883260,USR_01225,2024-03-05 09:09:00,LinkedIn,linkedin,cpc,LinkedIn_Lead,/product,362,mobile
SES_901296,USR_01225,2024-03-01 15:30:00,Organic,organic,organic,Organic_SEO,/about,818,mobile
SES_272863,USR_01225,2024-03-05 03:42:00,Meta_Facebook,facebook,cpc,FB_Lookalike,/signup,563,tablet
SES_424022,USR_01225,2024-03-03 13:02:00,Google_Search,google,cpc,GSearch_Brand,/product,758,desktop
SES_660181,USR_01225,2024-03-01 15:34:00,Meta_Facebook,facebook,cpc,FB_Awareness,/signup,547,desktop
SES_909351,USR_01226,2024-01-07 17:15:00,Meta_Facebook,facebook,cpc,FB_Awareness,/pricing,709,tablet
SES_835641,USR_01226,2024-01-07 23:53:00,Meta_Facebook,,cpc,FB_Lookalike,/product,728,tablet
SES_432642,USR_01227,2024-03-13 09:26:00,Google_Search,google,cpc,GSearch_Competitor,/home,459,tablet
SES_776168,USR_01227,2024-03-15 14:33:00,TikTok,tiktok,cpc,TikTok_Promo,/checkout,842,mobile
SES_335746,USR_01228,2024-03-19 18:20:00,Google_Search,google,cpc,GSearch_Generic,/blog,765,desktop
SES_846944,USR_01228,2024-03-18 17:21:00,Organic,organic,organic,Organic_SEO,/checkout,478,mobile
SES_748830,USR_01228,2024-03-16 08:29:00,Organic,organic,organic,Organic_Direct,/product,536,desktop
SES_711752,USR_01228,2024-03-19 12:56:00,Google_Search,google,cpc,GSearch_Competitor,/signup,391,desktop
SES_762346,USR_01228,2024-03-20 04:51:00,TikTok,tiktok,cpc,TikTok_Video1,/signup,843,mobile
SES_629121,USR_01229,2024-01-07 13:42:00,Google_Search,,cpc,GSearch_Brand,/about,640,mobile
SES_365665,USR_01230,2024-01-29 18:49:00,Google_Search,google,cpc,GSearch_Generic,/signup,809,mobile
SES_943648,USR_01230,2024-01-30 00:42:00,Meta_Facebook,facebook,cpc,FB_Awareness,/blog,38,mobile
SES_292301,USR_01230,2024-01-28 08:10:00,TikTok,tiktok,cpc,TikTok_Promo,/checkout,208,desktop
SES_544112,USR_01230,2024-01-28 11:45:00,Email,email,email,Email_Retention,/checkout,161,tablet
SES_587324,USR_01231,2024-03-10 04:47:00,Email,email,email,Email_Promo,/pricing,95,mobile
SES_443457,USR_01231,2024-03-10 07:27:00,Email,email,email,Email_Promo,/about,412,tablet
SES_857265,USR_01231,2024-03-14 04:24:00,TikTok,tiktok,cpc,TikTok_Promo,/signup,882,desktop
SES_778487,USR_01232,2024-03-07 18:28:00,Google_Search,,cpc,GSearch_Competitor,/blog,124,desktop
SES_758245,USR_01232,2024-03-02 05:55:00,Meta_Facebook,,cpc,FB_Lookalike,/blog,60,desktop
SES_513482,USR_01232,2024-03-03 12:56:00,Organic,organic,organic,Organic_SEO,/checkout,452,tablet
SES_886411,USR_01232,2024-03-09 02:29:00,Email,email,email,Email_Promo,/home,798,mobile
SES_948998,USR_01232,2024-03-06 07:50:00,LinkedIn,linkedin,cpc,LinkedIn_Lead,/checkout,81,mobile
SES_480011,USR_01233,2024-02-17 10:34:00,Meta_Facebook,facebook,cpc,FB_Awareness,/about,775,tablet
SES_687450,USR_01233,2024-02-20 02:47:00,Meta_Facebook,facebook,cpc,FB_Lookalike,/home,707,desktop
SES_381049,USR_01234,2024-03-10 23:26:00,TikTok,tiktok,cpc,TikTok_Promo,/checkout,724,mobile
SES_926985,USR_01234,2024-03-09 19:13:00,TikTok,tiktok,cpc,TikTok_Video1,/checkout,444,tablet
SES_368085,USR_01235,2024-01-20 07:37:00,Google_Search,google,cpc,GSearch_Generic,/signup,810,mobile
SES_520372,USR_01235,2024-01-19 06:01:00,Google_Search,google,cpc,GSearch_Competitor,/home,697,desktop
SES_811797,USR_01236,2024-02-21 02:24:00,LinkedIn,linkedin,cpc,LinkedIn_B2B,/pricing,87,desktop
SES_415055,USR_01236,2024-02-26 16:06:00,Email,email,email,Email_Retention,/home,239,tablet
SES_267868,USR_01237,2024-02-02 15:59:00,LinkedIn,linkedin,cpc,LinkedIn_B2B,/checkout,197,tablet
SES_164161,USR_01237,2024-01-31 10:23:00,TikTok,tiktok,cpc,TikTok_Promo,/pricing,559,tablet
SES_502842,USR_01237,2024-01-26 19:48:00,Meta_Facebook,facebook,cpc,FB_Retargeting,/blog,128,desktop
SES_701757,USR_01238,2024-03-13 07:13:00,Organic,,organic,Organic_Direct,/signup,742,mobile
SES_954978,USR_01238,2024-03-14 08:26:00,Organic,organic,organic,Organic_Direct,/home,190,mobile
SES_477179,USR_01238,2024-03-14 15:30:00,Meta_Facebook,facebook,cpc,FB_Awareness,/home,739,mobile
SES_719116,USR_01239,2024-01-13 11:50:00,Google_Search,google,cpc,GSearch_Competitor,/about,800,mobile
SES_262674,USR_01239,2024-01-16 07:44:00,Meta_Facebook,facebook,cpc,FB_Lookalike,/pricing,400,mobile
SES_304429,USR_01239,2024-01-14 00:50:00,TikTok,tiktok,cpc,TikTok_Video1,/checkout,184,mobile
SES_250700,USR_01239,2024-01-11 17:54:00,TikTok,tiktok,cpc,TikTok_Video1,/about,569,tablet
SES_727705,USR_01239,2024-01-16 20:26:00,Google_Search,google,cpc,GSearch_Competitor,/pricing,526,mobile
SES_477420,USR_01240,2024-03-12 10:02:00,Email,email,email,Email_Promo,/about,730,mobile
SES_677375,USR_01240,2024-03-11 11:46:00,Google_Search,google,cpc,GSearch_Brand,/checkout,80,tablet
SES_958600,USR_01240,2024-03-08 11:48:00,Organic,organic,organic,Organic_Direct,/home,795,tablet
SES_214160,USR_01240,2024-03-13 00:35:00,Meta_Facebook,,cpc,FB_Awareness,/checkout,599,tablet
SES_716847,USR_01241,2024-03-10 06:28:00,Email,email,email,Email_Promo,/blog,860,tablet
SES_899847,USR_01241,2024-03-09 10:15:00,Meta_Facebook,facebook,cpc,FB_Lookalike,/product,269,desktop
SES_308281,USR_01241,2024-03-10 15:36:00,Meta_Facebook,facebook,cpc,FB_Awareness,/signup,181,mobile
SES_177872,USR_01241,2024-03-09 11:00:00,Organic,organic,organic,Organic_SEO,/product,253,desktop
SES_220904,USR_01242,2024-02-03 19:18:00,Google_Search,,cpc,GSearch_Generic,/home,357,tablet
SES_601430,USR_01242,2024-01-27 20:36:00,Google_Search,google,cpc,,/about,197,tablet
SES_529590,USR_01242,2024-01-28 12:01:00,Google_Search,google,cpc,GSearch_Competitor,/blog,575,tablet
SES_855704,USR_01243,2024-03-16 07:24:00,TikTok,tiktok,cpc,TikTok_Video1,/about,403,mobile
SES_630542,USR_01243,2024-03-22 23:38:00,TikTok,tiktok,cpc,TikTok_Promo,/checkout,726,desktop
SES_661218,USR_01243,2024-03-20 08:16:00,Meta_Facebook,facebook,cpc,FB_Retargeting,/pricing,841,tablet
SES_455412,USR_01244,2024-02-20 15:16:00,Organic,organic,organic,Organic_SEO,/about,518,desktop
SES_632245,USR_01244,2024-02-23 08:32:00,Google_Search,google,cpc,GSearch_Competitor,/about,485,desktop
SES_185336,USR_01244,2024-02-25 17:48:00,Organic,organic,organic,Organic_SEO,/blog,882,tablet
SES_989552,USR_01244,2024-02-26 07:08:00,Meta_Facebook,facebook,cpc,FB_Lookalike,/checkout,221,tablet
SES_112892,USR_01244,2024-02-19 10:18:00,TikTok,tiktok,cpc,TikTok_Video1,/pricing,787,mobile
SES_694831,USR_01245,2024-02-05 02:36:00,Meta_Facebook,facebook,cpc,FB_Lookalike,/product,313,desktop
SES_592147,USR_01245,2024-02-01 03:08:00,Google_Search,google,cpc,GSearch_Brand,/product,654,mobile
SES_452567,USR_01245,2024-02-02 07:12:00,Organic,organic,organic,Organic_SEO,/pricing,840,mobile
SES_713751,USR_01245,2024-02-04 21:34:00,TikTok,tiktok,cpc,TikTok_Promo,/home,614,desktop
SES_650866,USR_01246,2024-03-07 15:35:00,LinkedIn,linkedin,cpc,LinkedIn_B2B,/about,812,tablet
SES_299591,USR_01246,2024-03-10 14:54:00,TikTok,tiktok,cpc,TikTok_Video1,/about,283,mobile
SES_558589,USR_01247,2024-03-08 12:26:00,Google_Search,google,cpc,GSearch_Competitor,/home,612,desktop
SES_929385,USR_01247,2024-03-08 01:43:00,Meta_Facebook,facebook,cpc,FB_Lookalike,/checkout,329,desktop
SES_264708,USR_01247,2024-03-06 19:57:00,TikTok,tiktok,cpc,TikTok_Promo,/checkout,821,tablet
SES_845191,USR_01247,2024-03-01 05:44:00,TikTok,tiktok,cpc,TikTok_Video1,/product,444,desktop
SES_116462,USR_01247,2024-03-03 10:39:00,Meta_Facebook,facebook,cpc,FB_Retargeting,/pricing,716,mobile
SES_677918,USR_01248,2024-03-02 23:50:00,Google_Search,google,cpc,GSearch_Generic,/about,198,desktop
SES_803863,USR_01248,2024-02-29 16:19:00,TikTok,tiktok,cpc,TikTok_Promo,/home,536,desktop
SES_455185,USR_01248,2024-02-29 19:40:00,LinkedIn,linkedin,cpc,LinkedIn_B2B,/about,175,desktop
SES_466163,USR_01249,2024-02-02 02:51:00,Google_Search,google,cpc,GSearch_Generic,/product,76,desktop
SES_432998,USR_01249,2024-02-03 12:35:00,Meta_Facebook,facebook,cpc,FB_Retargeting,/product,596,desktop
SES_449804,USR_01249,2024-01-28 07:28:00,Email,email,email,Email_Welcome,/blog,863,tablet
SES_333512,USR_01249,2024-01-30 15:06:00,Google_Search,google,cpc,GSearch_Competitor,/about,277,mobile
SES_656473,USR_01249,2024-02-03 06:02:00,TikTok,tiktok,cpc,TikTok_Video1,/about,602,desktop
SES_661753,USR_01250,2024-02-02 12:27:00,LinkedIn,linkedin,cpc,LinkedIn_B2B,/pricing,712,desktop
SES_466892,USR_01250,2024-01-27 18:22:00,Organic,organic,organic,Organic_Direct,/about,833,mobile
SES_769834,USR_01250,2024-02-01 21:56:00,Google_Search,google,cpc,GSearch_Brand,/about,522,tablet
SES_821887,USR_01250,2024-01-29 23:34:00,Meta_Facebook,facebook,cpc,FB_Retargeting,/checkout,659,tablet
SES_654275,USR_01250,2024-01-28 14:09:00,Google_Search,google,cpc,GSearch_Competitor,/product,380,desktop
SES_402126,USR_01251,2024-02-12 03:01:00,LinkedIn,,cpc,,/signup,323,mobile
SES_417692,USR_01251,2024-02-12 18:15:00,Google_Search,google,cpc,GSearch_Generic,/home,445,desktop
SES_220146,USR_01251,2024-02-07 02:21:00,Meta_Facebook,facebook,cpc,FB_Retargeting,/checkout,405,tablet
SES_838856,USR_01251,2024-02-13 08:28:00,Organic,organic,organic,Organic_SEO,/checkout,700,desktop
SES_771845,USR_01251,2024-02-07 17:37:00,Google_Search,google,cpc,GSearch_Generic,/product,163,tablet
SES_782431,USR_01252,2024-01-09 12:19:00,Email,email,email,,/blog,838,desktop
SES_781025,USR_01252,2024-01-06 16:02:00,Meta_Facebook,facebook,cpc,FB_Awareness,/checkout,260,tablet
SES_272745,USR_01252,2024-01-09 09:23:00,Google_Search,google,cpc,GSearch_Brand,/pricing,819,tablet
SES_167760,USR_01252,2024-01-04 09:55:00,Meta_Facebook,facebook,cpc,FB_Awareness,/checkout,713,mobile
SES_142600,USR_01253,2024-02-10 23:02:00,Meta_Facebook,facebook,cpc,,/pricing,395,mobile
SES_937846,USR_01253,2024-02-04 23:26:00,Google_Search,google,cpc,GSearch_Competitor,/about,677,mobile
SES_874625,USR_01253,2024-02-09 14:03:00,Google_Search,google,cpc,GSearch_Brand,/blog,623,tablet
SES_221326,USR_01254,2024-01-28 12:26:00,Meta_Facebook,facebook,cpc,FB_Retargeting,/blog,604,mobile
SES_498173,USR_01254,2024-01-30 19:06:00,Email,email,email,Email_Welcome,/checkout,214,tablet
SES_528714,USR_01254,2024-01-28 12:09:00,Meta_Facebook,facebook,cpc,FB_Retargeting,/pricing,479,mobile
SES_562815,USR_01254,2024-01-28 12:37:00,Google_Search,google,cpc,GSearch_Generic,/blog,493,desktop
SES_682350,USR_01255,2024-01-26 01:40:00,Organic,organic,organic,Organic_Direct,/blog,693,tablet
SES_453214,USR_01255,2024-01-28 15:06:00,Google_Search,google,cpc,GSearch_Brand,/about,67,desktop
SES_449142,USR_01256,2024-02-19 01:54:00,Google_Search,google,cpc,GSearch_Generic,/pricing,298,mobile
SES_791638,USR_01256,2024-02-23 16:47:00,Google_Search,google,cpc,GSearch_Generic,/checkout,176,tablet
SES_980048,USR_01257,2024-03-21 18:51:00,LinkedIn,linkedin,cpc,LinkedIn_Lead,/home,885,mobile
SES_549389,USR_01257,2024-03-24 04:01:00,TikTok,tiktok,cpc,TikTok_Promo,/blog,223,tablet
SES_272785,USR_01257,2024-03-20 09:57:00,Meta_Facebook,facebook,cpc,FB_Awareness,/product,866,desktop
SES_426099,USR_01257,2024-03-23 13:16:00,Google_Search,google,cpc,GSearch_Generic,/signup,811,desktop
SES_441363,USR_01258,2024-01-28 11:21:00,TikTok,tiktok,cpc,TikTok_Video1,/about,118,tablet
SES_228850,USR_01259,2024-01-25 22:23:00,LinkedIn,linkedin,cpc,LinkedIn_B2B,/pricing,104,mobile
SES_910267,USR_01259,2024-01-24 04:55:00,Google_Search,google,cpc,GSearch_Brand,/about,377,mobile
SES_280274,USR_01260,2024-02-21 22:00:00,Meta_Facebook,facebook,cpc,FB_Lookalike,/about,190,desktop
SES_796211,USR_01260,2024-02-22 05:42:00,Google_Search,google,cpc,,/blog,246,desktop
SES_573224,USR_01260,2024-02-22 07:15:00,LinkedIn,linkedin,cpc,LinkedIn_B2B,/product,449,mobile
SES_631218,USR_01261,2024-03-04 16:55:00,Meta_Facebook,facebook,cpc,FB_Lookalike,/home,624,tablet
SES_408514,USR_01261,2024-03-02 18:43:00,LinkedIn,linkedin,cpc,LinkedIn_Lead,/product,618,desktop
SES_612736,USR_01261,2024-03-02 11:40:00,TikTok,tiktok,cpc,TikTok_Video1,/about,190,tablet
SES_104799,USR_01261,2024-03-04 21:21:00,Meta_Facebook,facebook,cpc,FB_Lookalike,/product,444,tablet
SES_847807,USR_01262,2024-02-29 22:49:00,LinkedIn,linkedin,cpc,LinkedIn_B2B,/product,139,desktop
SES_317445,USR_01262,2024-03-04 17:43:00,TikTok,tiktok,cpc,,/blog,256,mobile
SES_863455,USR_01262,2024-02-29 03:32:00,Google_Search,google,cpc,GSearch_Generic,/home,137,desktop
SES_663867,USR_01262,2024-03-03 01:55:00,Google_Search,google,cpc,GSearch_Brand,/home,641,mobile
SES_800606,USR_01263,2024-03-13 07:36:00,Organic,organic,organic,Organic_SEO,/about,587,mobile
SES_707966,USR_01263,2024-03-13 02:01:00,Meta_Facebook,facebook,cpc,FB_Lookalike,/checkout,416,desktop
SES_162499,USR_01263,2024-03-08 09:25:00,Meta_Facebook,facebook,cpc,FB_Retargeting,/home,174,desktop
SES_770142,USR_01263,2024-03-10 19:08:00,Email,email,email,Email_Promo,/product,374,mobile
SES_930550,USR_01263,2024-03-10 07:21:00,Email,email,email,Email_Promo,/home,455,mobile
SES_710202,USR_01264,2024-01-12 15:59:00,Google_Search,google,cpc,GSearch_Generic,/checkout,48,desktop
SES_543182,USR_01265,2024-03-20 16:25:00,Google_Search,google,cpc,GSearch_Competitor,/about,413,mobile
SES_948847,USR_01265,2024-03-22 21:59:00,Meta_Facebook,facebook,cpc,FB_Retargeting,/product,146,desktop
SES_575400,USR_01266,2024-02-29 02:59:00,Meta_Facebook,,cpc,FB_Retargeting,/pricing,802,mobile
SES_986590,USR_01267,2024-01-06 23:42:00,TikTok,,cpc,TikTok_Video1,/about,211,desktop
SES_398367,USR_01267,2024-01-03 15:18:00,Meta_Facebook,facebook,cpc,FB_Awareness,/blog,875,desktop
SES_339507,USR_01267,2024-01-10 17:07:00,TikTok,,cpc,TikTok_Video1,/pricing,208,mobile
SES_908299,USR_01267,2024-01-06 10:16:00,Google_Search,google,cpc,GSearch_Competitor,/home,144,desktop
SES_405807,USR_01267,2024-01-06 07:41:00,TikTok,tiktok,cpc,TikTok_Promo,/home,548,tablet
SES_953531,USR_01268,2024-02-14 20:53:00,TikTok,tiktok,cpc,TikTok_Promo,/signup,617,mobile
SES_976438,USR_01268,2024-02-13 16:15:00,LinkedIn,linkedin,cpc,LinkedIn_B2B,/about,892,desktop
SES_452512,USR_01268,2024-02-14 17:15:00,Organic,organic,organic,Organic_Direct,/blog,534,desktop
SES_132871,USR_01268,2024-02-09 19:37:00,Google_Search,google,cpc,GSearch_Competitor,/home,779,mobile
SES_716101,USR_01269,2024-02-28 22:32:00,Google_Search,google,cpc,GSearch_Brand,/home,319,mobile
SES_377497,USR_01270,2024-02-01 00:07:00,Email,email,email,Email_Promo,/home,115,desktop
SES_318943,USR_01270,2024-02-06 10:11:00,Google_Search,google,cpc,GSearch_Competitor,/home,899,desktop
SES_879344,USR_01271,2024-01-29 08:08:00,Google_Search,google,cpc,GSearch_Competitor,/signup,425,desktop
SES_676438,USR_01271,2024-01-26 04:12:00,Google_Search,,cpc,GSearch_Generic,/home,37,mobile
SES_874343,USR_01272,2024-01-18 08:02:00,Google_Search,google,cpc,GSearch_Competitor,/pricing,810,mobile
SES_105955,USR_01272,2024-01-16 10:26:00,Google_Search,google,cpc,GSearch_Brand,/signup,481,mobile
SES_487008,USR_01272,2024-01-16 02:30:00,Google_Search,google,cpc,GSearch_Generic,/signup,472,mobile
SES_257362,USR_01272,2024-01-16 22:11:00,Google_Search,google,cpc,GSearch_Brand,/signup,569,desktop
SES_409175,USR_01273,2024-01-13 18:10:00,Meta_Facebook,facebook,cpc,,/product,405,desktop
SES_485045,USR_01273,2024-01-20 15:05:00,Meta_Facebook,facebook,cpc,FB_Retargeting,/about,375,mobile
SES_748163,USR_01273,2024-01-15 15:44:00,Google_Search,google,cpc,GSearch_Generic,/signup,723,desktop
SES_648026,USR_01273,2024-01-15 19:45:00,Meta_Facebook,facebook,cpc,FB_Retargeting,/signup,566,tablet
SES_198163,USR_01274,2024-02-24 02:16:00,Google_Search,google,cpc,GSearch_Brand,/product,770,desktop
SES_536699,USR_01275,2024-01-25 14:13:00,LinkedIn,linkedin,cpc,LinkedIn_Lead,/home,718,mobile
SES_100572,USR_01276,2024-01-17 21:26:00,Email,email,email,Email_Retention,/about,641,desktop
SES_598688,USR_01276,2024-01-14 23:52:00,Organic,organic,organic,Organic_Direct,/home,226,desktop
SES_616864,USR_01276,2024-01-10 12:56:00,Email,email,email,Email_Retention,/home,502,mobile
SES_804751,USR_01276,2024-01-16 04:28:00,Google_Search,google,cpc,GSearch_Competitor,/product,575,mobile
SES_592965,USR_01277,2024-03-08 18:24:00,Meta_Facebook,facebook,cpc,FB_Retargeting,/pricing,888,desktop
SES_871576,USR_01278,2024-01-02 10:18:00,Google_Search,google,cpc,GSearch_Brand,/signup,162,desktop
SES_993177,USR_01278,2024-01-02 09:04:00,LinkedIn,linkedin,cpc,LinkedIn_Lead,/home,461,desktop
SES_841724,USR_01278,2024-01-05 02:53:00,Google_Search,google,cpc,GSearch_Competitor,/home,289,desktop
SES_252940,USR_01279,2024-02-13 04:14:00,Organic,organic,organic,Organic_SEO,/signup,93,tablet
SES_183083,USR_01279,2024-02-13 13:58:00,Email,email,email,Email_Promo,/blog,297,desktop
SES_835778,USR_01279,2024-02-07 10:39:00,Google_Search,google,cpc,GSearch_Competitor,/product,273,desktop
SES_297472,USR_01280,2024-02-25 07:06:00,Google_Search,google,cpc,GSearch_Generic,/about,800,desktop
SES_401982,USR_01280,2024-02-25 03:06:00,Google_Search,google,cpc,GSearch_Brand,/checkout,248,desktop
SES_928118,USR_01280,2024-02-21 07:40:00,Organic,organic,organic,Organic_Direct,/home,805,tablet
SES_704611,USR_01280,2024-02-20 21:47:00,Organic,organic,organic,Organic_SEO,/pricing,493,tablet
SES_829284,USR_01281,2024-01-08 21:20:00,TikTok,tiktok,cpc,TikTok_Video1,/checkout,314,tablet
SES_333723,USR_01281,2024-01-11 11:41:00,Meta_Facebook,facebook,cpc,FB_Lookalike,/signup,698,tablet
SES_547292,USR_01281,2024-01-14 16:49:00,Google_Search,google,cpc,GSearch_Competitor,/pricing,189,desktop
SES_151151,USR_01281,2024-01-10 08:00:00,Google_Search,google,cpc,GSearch_Competitor,/signup,607,mobile
SES_684066,USR_01282,2024-01-04 18:44:00,Organic,organic,organic,Organic_SEO,/about,305,tablet
SES_859441,USR_01282,2024-01-03 21:22:00,LinkedIn,linkedin,cpc,,/home,643,desktop
SES_568621,USR_01282,2024-01-10 23:09:00,Organic,organic,organic,Organic_SEO,/about,437,tablet
SES_765956,USR_01282,2024-01-03 05:18:00,Meta_Facebook,facebook,cpc,FB_Retargeting,/home,466,tablet
SES_767164,USR_01283,2024-01-17 12:11:00,Email,email,email,Email_Welcome,/checkout,529,tablet
SES_800178,USR_01284,2024-01-04 03:29:00,Meta_Facebook,,cpc,FB_Retargeting,/blog,370,tablet
SES_319852,USR_01284,2024-01-06 07:05:00,Email,email,email,Email_Welcome,/product,367,desktop
SES_973705,USR_01284,2024-01-11 06:33:00,Meta_Facebook,,cpc,FB_Lookalike,/signup,382,desktop
SES_373893,USR_01284,2024-01-05 02:12:00,Meta_Facebook,facebook,cpc,FB_Awareness,/pricing,840,mobile
SES_782159,USR_01284,2024-01-11 15:14:00,TikTok,tiktok,cpc,TikTok_Promo,/checkout,531,desktop
SES_560625,USR_01285,2024-01-17 19:15:00,LinkedIn,linkedin,cpc,LinkedIn_B2B,/about,297,mobile
SES_401453,USR_01285,2024-01-18 04:21:00,TikTok,,cpc,TikTok_Promo,/home,708,desktop
SES_903298,USR_01286,2024-01-23 18:23:00,Google_Search,google,cpc,,/pricing,735,tablet
SES_804020,USR_01286,2024-01-25 05:31:00,Meta_Facebook,facebook,cpc,FB_Awareness,/product,501,tablet
SES_542787,USR_01286,2024-01-23 21:50:00,Meta_Facebook,facebook,cpc,FB_Retargeting,/home,160,tablet
SES_767567,USR_01286,2024-01-20 02:15:00,Google_Search,google,cpc,GSearch_Generic,/checkout,242,mobile
SES_809253,USR_01286,2024-01-19 01:11:00,Google_Search,google,cpc,GSearch_Generic,/signup,296,desktop
SES_864710,USR_01287,2024-02-09 04:11:00,LinkedIn,linkedin,cpc,LinkedIn_B2B,/product,204,mobile
SES_597561,USR_01287,2024-02-12 01:49:00,LinkedIn,linkedin,cpc,LinkedIn_Lead,/signup,812,tablet
SES_652381,USR_01287,2024-02-09 11:35:00,Google_Search,google,cpc,,/about,561,mobile
SES_544859,USR_01287,2024-02-12 23:35:00,TikTok,tiktok,cpc,TikTok_Video1,/product,173,desktop
SES_568056,USR_01287,2024-02-05 02:23:00,Meta_Facebook,facebook,cpc,FB_Awareness,/home,669,mobile
SES_943141,USR_01288,2024-03-02 07:34:00,Google_Search,google,cpc,GSearch_Competitor,/home,232,desktop
SES_164172,USR_01289,2024-02-29 21:16:00,Meta_Facebook,facebook,cpc,FB_Retargeting,/blog,302,desktop
SES_997918,USR_01289,2024-02-28 15:56:00,Meta_Facebook,facebook,cpc,,/home,45,desktop
SES_236491,USR_01289,2024-02-29 06:58:00,Organic,organic,organic,Organic_Direct,/pricing,595,tablet
SES_642611,USR_01290,2024-01-16 10:03:00,TikTok,tiktok,cpc,TikTok_Video1,/signup,169,tablet
SES_640483,USR_01291,2024-02-12 15:47:00,Meta_Facebook,facebook,cpc,FB_Awareness,/pricing,254,desktop
SES_991114,USR_01291,2024-02-06 07:13:00,Organic,organic,organic,Organic_Direct,/checkout,64,desktop
SES_775945,USR_01291,2024-02-05 21:44:00,Meta_Facebook,facebook,cpc,FB_Lookalike,/about,248,mobile
SES_209421,USR_01291,2024-02-06 18:21:00,Google_Search,google,cpc,GSearch_Brand,/pricing,791,mobile
SES_299557,USR_01291,2024-02-05 08:43:00,TikTok,tiktok,cpc,TikTok_Promo,/home,265,desktop
SES_700033,USR_01292,2024-03-21 20:41:00,Organic,organic,organic,Organic_SEO,/product,58,desktop
SES_115275,USR_01292,2024-03-21 09:58:00,Email,email,email,Email_Retention,/pricing,559,mobile
SES_570565,USR_01292,2024-03-20 22:19:00,Meta_Facebook,facebook,cpc,FB_Retargeting,/product,335,desktop
SES_436874,USR_01292,2024-03-24 01:49:00,Organic,organic,organic,Organic_SEO,/about,366,mobile
SES_562586,USR_01293,2024-03-18 19:40:00,Meta_Facebook,facebook,cpc,FB_Retargeting,/home,162,mobile
SES_952181,USR_01293,2024-03-25 21:38:00,Organic,organic,organic,Organic_SEO,/home,897,mobile
SES_203511,USR_01293,2024-03-23 18:38:00,TikTok,,cpc,TikTok_Promo,/signup,851,desktop
SES_880263,USR_01293,2024-03-22 22:46:00,Google_Search,google,cpc,GSearch_Generic,/blog,828,mobile
SES_158229,USR_01293,2024-03-25 20:23:00,Google_Search,,cpc,GSearch_Brand,/home,408,tablet
SES_150859,USR_01294,2024-03-01 03:46:00,LinkedIn,,cpc,LinkedIn_Lead,/about,691,desktop
SES_175030,USR_01294,2024-02-28 07:56:00,TikTok,,cpc,TikTok_Video1,/pricing,672,mobile
SES_506426,USR_01294,2024-02-27 20:30:00,Email,email,email,Email_Promo,/home,614,mobile
SES_114209,USR_01295,2024-02-10 01:56:00,Meta_Facebook,facebook,cpc,FB_Awareness,/pricing,68,mobile
SES_584402,USR_01295,2024-02-08 12:33:00,LinkedIn,linkedin,cpc,LinkedIn_Lead,/signup,246,desktop
SES_678391,USR_01295,2024-02-11 18:38:00,Meta_Facebook,facebook,cpc,FB_Lookalike,/product,318,desktop
SES_141442,USR_01296,2024-01-23 22:30:00,Meta_Facebook,,cpc,FB_Retargeting,/blog,369,tablet
SES_211953,USR_01296,2024-01-19 12:22:00,Google_Search,google,cpc,GSearch_Competitor,/product,727,tablet
SES_730888,USR_01296,2024-01-23 00:19:00,Google_Search,google,cpc,GSearch_Competitor,/product,141,desktop
SES_762651,USR_01296,2024-01-18 13:43:00,Meta_Facebook,facebook,cpc,FB_Retargeting,/pricing,522,desktop
SES_359527,USR_01297,2024-01-26 03:37:00,TikTok,tiktok,cpc,TikTok_Video1,/about,441,desktop
SES_634664,USR_01297,2024-01-25 08:58:00,Google_Search,google,cpc,GSearch_Generic,/pricing,314,desktop
SES_288757,USR_01297,2024-01-31 08:43:00,Google_Search,google,cpc,GSearch_Competitor,/pricing,116,tablet
SES_933787,USR_01297,2024-01-28 07:55:00,Google_Search,google,cpc,GSearch_Brand,/about,677,mobile
SES_851870,USR_01298,2024-02-12 10:36:00,Organic,organic,organic,Organic_SEO,/home,764,desktop
SES_792636,USR_01298,2024-02-09 09:24:00,Organic,,organic,,/pricing,808,tablet
SES_262180,USR_01298,2024-02-09 20:47:00,Email,email,email,Email_Welcome,/pricing,603,tablet
SES_798434,USR_01299,2024-03-04 20:43:00,TikTok,tiktok,cpc,TikTok_Promo,/signup,518,desktop
SES_147486,USR_01299,2024-03-08 10:15:00,Email,email,email,Email_Promo,/pricing,181,desktop
SES_664373,USR_01299,2024-03-05 18:28:00,TikTok,tiktok,cpc,TikTok_Promo,/pricing,482,desktop
SES_825690,USR_01299,2024-03-11 19:05:00,Meta_Facebook,facebook,cpc,FB_Awareness,/blog,153,tablet
SES_459149,USR_01299,2024-03-07 18:42:00,Email,email,email,Email_Welcome,/checkout,655,mobile
SES_656738,USR_01300,2024-03-04 11:26:00,Email,email,email,Email_Promo,/signup,488,desktop
SES_869324,USR_01301,2024-01-15 18:41:00,TikTok,tiktok,cpc,TikTok_Promo,/checkout,874,desktop
SES_600661,USR_01301,2024-01-22 15:58:00,Google_Search,google,cpc,GSearch_Generic,/signup,143,desktop
SES_158096,USR_01301,2024-01-15 04:23:00,Meta_Facebook,facebook,cpc,FB_Lookalike,/checkout,48,tablet
SES_770983,USR_01301,2024-01-16 19:44:00,Meta_Facebook,facebook,cpc,FB_Lookalike,/blog,581,desktop
SES_326984,USR_01301,2024-01-22 15:16:00,Email,email,email,Email_Welcome,/pricing,794,tablet
SES_889405,USR_01302,2024-02-20 21:26:00,LinkedIn,linkedin,cpc,LinkedIn_Lead,/product,277,desktop
SES_127666,USR_01302,2024-02-19 18:57:00,Organic,organic,organic,Organic_SEO,/pricing,250,mobile
SES_841107,USR_01302,2024-02-22 22:49:00,Google_Search,google,cpc,GSearch_Competitor,/product,516,desktop
SES_982372,USR_01303,2024-02-18 05:47:00,Google_Search,google,cpc,GSearch_Competitor,/checkout,466,desktop
SES_926235,USR_01303,2024-02-11 20:11:00,Google_Search,google,cpc,GSearch_Generic,/signup,505,desktop
SES_963834,USR_01303,2024-02-15 09:12:00,Google_Search,google,cpc,GSearch_Brand,/checkout,399,mobile
SES_334812,USR_01303,2024-02-11 15:31:00,Organic,organic,organic,Organic_Direct,/signup,829,desktop
SES_691660,USR_01303,2024-02-15 02:37:00,Google_Search,google,cpc,GSearch_Generic,/home,428,mobile
SES_736889,USR_01304,2024-03-20 05:22:00,Google_Search,google,cpc,GSearch_Competitor,/home,131,desktop
SES_755236,USR_01304,2024-03-16 16:09:00,Meta_Facebook,facebook,cpc,FB_Awareness,/product,84,desktop
SES_885939,USR_01304,2024-03-15 09:52:00,Google_Search,google,cpc,GSearch_Brand,/checkout,623,mobile
SES_553190,USR_01304,2024-03-17 18:55:00,Google_Search,google,cpc,GSearch_Generic,/checkout,209,desktop
SES_769734,USR_01305,2024-02-07 11:58:00,TikTok,tiktok,cpc,TikTok_Video1,/blog,657,mobile
SES_375610,USR_01305,2024-02-07 01:15:00,TikTok,tiktok,cpc,TikTok_Video1,/home,139,tablet
SES_718789,USR_01305,2024-02-08 11:06:00,TikTok,tiktok,cpc,TikTok_Video1,/home,699,mobile
SES_162453,USR_01305,2024-02-06 11:38:00,Email,email,email,Email_Welcome,/about,472,tablet
SES_404172,USR_01305,2024-02-12 06:35:00,TikTok,tiktok,cpc,TikTok_Promo,/checkout,242,tablet
SES_597071,USR_01306,2024-02-19 23:30:00,Email,email,email,Email_Retention,/product,343,tablet
SES_288020,USR_01306,2024-02-20 14:30:00,Google_Search,,cpc,GSearch_Brand,/signup,169,tablet
SES_475128,USR_01306,2024-02-16 01:53:00,Organic,organic,organic,Organic_SEO,/pricing,390,mobile
SES_982796,USR_01306,2024-02-17 20:40:00,Meta_Facebook,facebook,cpc,FB_Awareness,/pricing,721,tablet
SES_611092,USR_01307,2024-02-08 18:56:00,Google_Search,google,cpc,GSearch_Competitor,/product,781,tablet
SES_557388,USR_01307,2024-02-05 14:10:00,Email,email,email,Email_Welcome,/blog,529,desktop
SES_154535,USR_01307,2024-02-05 09:01:00,Meta_Facebook,facebook,cpc,FB_Awareness,/about,418,tablet
SES_395382,USR_01307,2024-02-03 03:47:00,TikTok,tiktok,cpc,TikTok_Promo,/pricing,527,mobile
SES_376690,USR_01307,2024-02-02 02:45:00,TikTok,tiktok,cpc,TikTok_Video1,/home,501,mobile
SES_578560,USR_01308,2024-01-11 01:59:00,TikTok,tiktok,cpc,TikTok_Promo,/product,462,desktop
SES_939242,USR_01308,2024-01-16 11:20:00,Meta_Facebook,facebook,cpc,FB_Retargeting,/home,110,tablet
SES_219330,USR_01308,2024-01-12 23:20:00,Meta_Facebook,facebook,cpc,,/blog,339,desktop
SES_329532,USR_01308,2024-01-15 15:03:00,Meta_Facebook,facebook,cpc,FB_Retargeting,/checkout,77,tablet
SES_572919,USR_01308,2024-01-10 11:26:00,Organic,organic,organic,Organic_Direct,/home,851,desktop
SES_974321,USR_01309,2024-01-03 19:30:00,Organic,organic,organic,Organic_Direct,/signup,678,tablet
SES_403483,USR_01309,2024-01-01 18:10:00,Google_Search,,cpc,GSearch_Brand,/about,190,mobile
SES_373759,USR_01310,2024-03-21 00:00:00,Organic,organic,organic,Organic_SEO,/about,109,mobile
SES_155577,USR_01310,2024-03-25 05:58:00,Meta_Facebook,facebook,cpc,FB_Awareness,/checkout,350,mobile
SES_968924,USR_01310,2024-03-23 15:05:00,Google_Search,google,cpc,GSearch_Competitor,/home,879,tablet
SES_186932,USR_01310,2024-03-19 10:47:00,Organic,organic,organic,Organic_SEO,/product,101,tablet
SES_952177,USR_01310,2024-03-20 20:26:00,TikTok,tiktok,cpc,TikTok_Promo,/home,880,mobile
SES_618410,USR_01311,2024-02-24 15:38:00,LinkedIn,linkedin,cpc,LinkedIn_Lead,/about,457,mobile
SES_256939,USR_01311,2024-02-26 10:30:00,Google_Search,google,cpc,GSearch_Competitor,/pricing,38,desktop
SES_505578,USR_01311,2024-02-23 18:56:00,Google_Search,google,cpc,GSearch_Generic,/pricing,708,tablet
SES_211037,USR_01311,2024-02-27 23:33:00,LinkedIn,linkedin,cpc,LinkedIn_Lead,/product,540,desktop
SES_683363,USR_01312,2024-01-19 00:04:00,TikTok,tiktok,cpc,TikTok_Video1,/blog,541,tablet
SES_499944,USR_01313,2024-02-22 10:56:00,Google_Search,google,cpc,GSearch_Brand,/home,298,desktop
SES_244073,USR_01313,2024-02-19 19:59:00,Google_Search,google,cpc,GSearch_Generic,/pricing,814,mobile
SES_833979,USR_01313,2024-02-21 11:54:00,Meta_Facebook,,cpc,FB_Awareness,/home,96,desktop
SES_530657,USR_01314,2024-02-06 16:16:00,TikTok,tiktok,cpc,TikTok_Promo,/blog,484,mobile
SES_409133,USR_01315,2024-01-23 04:55:00,Google_Search,google,cpc,GSearch_Competitor,/home,485,desktop
SES_377535,USR_01315,2024-01-20 07:27:00,Meta_Facebook,,cpc,FB_Retargeting,/pricing,620,desktop
SES_590238,USR_01315,2024-01-21 12:26:00,TikTok,tiktok,cpc,TikTok_Video1,/checkout,137,tablet
SES_130719,USR_01316,2024-02-14 15:27:00,Google_Search,google,cpc,GSearch_Generic,/home,112,tablet
SES_596240,USR_01317,2024-02-15 17:16:00,LinkedIn,,cpc,LinkedIn_B2B,/product,549,desktop
SES_606664,USR_01317,2024-02-19 15:51:00,Meta_Facebook,facebook,cpc,FB_Lookalike,/home,473,desktop
SES_967786,USR_01317,2024-02-21 05:35:00,Google_Search,google,cpc,GSearch_Brand,/signup,268,desktop
SES_258382,USR_01317,2024-02-15 03:23:00,Google_Search,google,cpc,GSearch_Brand,/product,493,mobile
SES_394008,USR_01318,2024-03-27 22:03:00,Meta_Facebook,facebook,cpc,FB_Retargeting,/blog,724,tablet
SES_380604,USR_01318,2024-03-21 09:44:00,Google_Search,google,cpc,GSearch_Brand,/about,673,desktop
SES_524678,USR_01318,2024-03-20 04:03:00,Google_Search,google,cpc,GSearch_Competitor,/blog,251,desktop
SES_173257,USR_01319,2024-01-02 12:55:00,Google_Search,google,cpc,,/checkout,202,tablet
SES_749126,USR_01320,2024-02-23 11:56:00,Meta_Facebook,facebook,cpc,FB_Retargeting,/blog,138,desktop
SES_700352,USR_01321,2024-02-27 12:56:00,Email,email,email,Email_Welcome,/signup,385,tablet
SES_493967,USR_01322,2024-01-31 16:31:00,Email,email,email,Email_Welcome,/product,177,mobile
SES_120573,USR_01322,2024-01-27 12:39:00,Google_Search,google,cpc,GSearch_Generic,/pricing,48,tablet
SES_780991,USR_01322,2024-02-01 17:31:00,TikTok,tiktok,cpc,TikTok_Promo,/home,866,tablet
SES_153365,USR_01322,2024-01-28 20:00:00,TikTok,tiktok,cpc,TikTok_Promo,/about,428,desktop
SES_928445,USR_01323,2024-02-11 18:14:00,Organic,organic,organic,Organic_SEO,/home,804,mobile
SES_781686,USR_01323,2024-02-11 22:26:00,Meta_Facebook,facebook,cpc,FB_Retargeting,/home,755,tablet
SES_816430,USR_01323,2024-02-14 07:30:00,Email,email,email,Email_Promo,/pricing,668,mobile
SES_430176,USR_01323,2024-02-11 23:35:00,Google_Search,google,cpc,GSearch_Competitor,/signup,278,mobile
SES_124747,USR_01323,2024-02-11 05:54:00,Meta_Facebook,facebook,cpc,FB_Retargeting,/about,465,desktop
SES_152358,USR_01324,2024-01-18 03:57:00,Google_Search,google,cpc,GSearch_Brand,/blog,588,desktop
SES_912435,USR_01324,2024-01-22 00:34:00,Meta_Facebook,facebook,cpc,FB_Lookalike,/pricing,214,desktop
SES_922143,USR_01324,2024-01-19 00:28:00,Google_Search,google,cpc,GSearch_Brand,/product,382,desktop
SES_435127,USR_01325,2024-01-24 11:57:00,Meta_Facebook,facebook,cpc,FB_Retargeting,/home,149,mobile
SES_679713,USR_01325,2024-01-29 16:30:00,Google_Search,,cpc,GSearch_Generic,/checkout,809,desktop
SES_656372,USR_01326,2024-02-17 20:17:00,Google_Search,google,cpc,GSearch_Competitor,/home,555,mobile
SES_103398,USR_01327,2024-01-16 15:16:00,Google_Search,google,cpc,GSearch_Brand,/checkout,72,desktop
SES_323179,USR_01327,2024-01-17 06:51:00,Google_Search,google,cpc,GSearch_Generic,/signup,187,desktop
SES_699518,USR_01327,2024-01-18 18:16:00,LinkedIn,linkedin,cpc,LinkedIn_B2B,/about,261,tablet
SES_313547,USR_01328,2024-03-22 19:03:00,Google_Search,google,cpc,GSearch_Brand,/about,82,desktop
SES_969728,USR_01328,2024-03-25 03:13:00,Google_Search,google,cpc,GSearch_Brand,/about,240,tablet
SES_953647,USR_01328,2024-03-23 02:36:00,TikTok,tiktok,cpc,TikTok_Video1,/product,470,desktop
SES_466943,USR_01328,2024-03-23 21:44:00,Email,email,email,Email_Promo,/product,116,tablet
SES_133268,USR_01329,2024-02-14 17:37:00,Meta_Facebook,facebook,cpc,FB_Lookalike,/pricing,141,desktop
SES_707060,USR_01329,2024-02-16 15:56:00,LinkedIn,linkedin,cpc,LinkedIn_B2B,/about,829,mobile
SES_263215,USR_01329,2024-02-13 06:15:00,Organic,organic,organic,,/signup,257,tablet
SES_440153,USR_01330,2024-03-11 00:39:00,Google_Search,google,cpc,GSearch_Competitor,/checkout,760,tablet
SES_357067,USR_01330,2024-03-10 17:58:00,Meta_Facebook,,cpc,FB_Lookalike,/about,418,desktop
SES_874081,USR_01330,2024-03-12 05:29:00,Meta_Facebook,facebook,cpc,FB_Lookalike,/pricing,518,tablet
SES_315124,USR_01330,2024-03-14 15:12:00,Organic,organic,organic,,/blog,89,tablet
SES_738274,USR_01330,2024-03-10 18:34:00,Google_Search,google,cpc,,/product,331,desktop
SES_209379,USR_01331,2024-01-14 00:36:00,Meta_Facebook,facebook,cpc,FB_Awareness,/blog,706,tablet
SES_818899,USR_01331,2024-01-13 05:32:00,Email,email,email,Email_Promo,/checkout,695,mobile
SES_912682,USR_01331,2024-01-13 12:54:00,Meta_Facebook,facebook,cpc,,/signup,546,tablet
SES_862222,USR_01331,2024-01-08 05:23:00,Email,email,email,,/product,587,tablet
SES_810531,USR_01332,2024-02-23 14:38:00,Meta_Facebook,facebook,cpc,FB_Retargeting,/product,190,tablet
SES_733868,USR_01332,2024-02-22 14:00:00,Google_Search,google,cpc,GSearch_Competitor,/product,156,mobile
SES_672594,USR_01332,2024-02-18 11:56:00,Meta_Facebook,facebook,cpc,,/checkout,294,desktop
SES_301743,USR_01333,2024-02-28 08:26:00,Organic,organic,organic,Organic_Direct,/signup,355,tablet
SES_505683,USR_01333,2024-03-05 01:11:00,Organic,organic,organic,Organic_Direct,/home,251,mobile
SES_158838,USR_01333,2024-02-28 10:59:00,Meta_Facebook,facebook,cpc,FB_Lookalike,/checkout,650,tablet
SES_622924,USR_01333,2024-03-06 23:35:00,TikTok,tiktok,cpc,,/home,892,tablet
SES_450673,USR_01333,2024-03-02 22:59:00,Meta_Facebook,facebook,cpc,FB_Retargeting,/signup,276,desktop
SES_184196,USR_01334,2024-01-23 10:50:00,LinkedIn,,cpc,LinkedIn_Lead,/pricing,528,tablet
SES_225243,USR_01335,2024-02-07 15:42:00,Google_Search,google,cpc,GSearch_Brand,/pricing,427,mobile
SES_620912,USR_01336,2024-03-06 17:10:00,Organic,organic,organic,Organic_Direct,/about,261,tablet
SES_133581,USR_01336,2024-03-02 16:19:00,Meta_Facebook,facebook,cpc,FB_Awareness,/signup,44,desktop
SES_220512,USR_01336,2024-03-06 10:28:00,LinkedIn,linkedin,cpc,,/about,331,desktop
SES_548197,USR_01337,2024-01-19 10:40:00,TikTok,tiktok,cpc,TikTok_Promo,/product,353,desktop
SES_576490,USR_01337,2024-01-22 05:39:00,Google_Search,google,cpc,GSearch_Generic,/product,616,tablet
SES_595115,USR_01337,2024-01-18 19:17:00,Organic,organic,organic,Organic_SEO,/home,473,tablet
SES_559583,USR_01337,2024-01-18 22:59:00,Google_Search,google,cpc,GSearch_Generic,/product,600,desktop
SES_798780,USR_01338,2024-03-11 19:33:00,Organic,organic,organic,Organic_SEO,/about,171,mobile
SES_541731,USR_01338,2024-03-13 05:36:00,TikTok,tiktok,cpc,TikTok_Promo,/about,471,mobile
SES_681583,USR_01338,2024-03-08 01:35:00,Google_Search,google,cpc,GSearch_Generic,/pricing,235,desktop
SES_757348,USR_01338,2024-03-09 11:00:00,LinkedIn,linkedin,cpc,LinkedIn_B2B,/checkout,438,mobile
SES_399230,USR_01338,2024-03-08 12:40:00,LinkedIn,linkedin,cpc,LinkedIn_B2B,/signup,67,tablet
SES_106663,USR_01339,2024-01-14 01:38:00,TikTok,tiktok,cpc,TikTok_Video1,/home,470,desktop
SES_426088,USR_01339,2024-01-15 23:15:00,Email,email,email,Email_Retention,/home,85,mobile
SES_870905,USR_01339,2024-01-17 15:46:00,Email,email,email,Email_Promo,/pricing,807,tablet
SES_961242,USR_01339,2024-01-12 22:08:00,Email,email,email,Email_Welcome,/pricing,711,tablet
SES_307927,USR_01340,2024-03-21 05:06:00,TikTok,,cpc,TikTok_Video1,/about,436,desktop
SES_757664,USR_01340,2024-03-20 17:43:00,TikTok,,cpc,TikTok_Video1,/checkout,443,mobile
SES_100974,USR_01340,2024-03-15 20:09:00,Email,email,email,Email_Welcome,/pricing,64,mobile
SES_927387,USR_01340,2024-03-20 08:15:00,Google_Search,google,cpc,GSearch_Brand,/pricing,882,tablet
SES_806430,USR_01340,2024-03-18 21:58:00,LinkedIn,linkedin,cpc,LinkedIn_Lead,/pricing,92,desktop
SES_531226,USR_01341,2024-02-13 00:10:00,Email,email,email,Email_Retention,/blog,412,tablet
SES_476596,USR_01341,2024-02-11 19:40:00,Google_Search,google,cpc,GSearch_Competitor,/blog,535,desktop
SES_271600,USR_01342,2024-01-24 16:47:00,Google_Search,google,cpc,GSearch_Brand,/signup,890,mobile
SES_863923,USR_01342,2024-01-27 07:01:00,Google_Search,google,cpc,GSearch_Brand,/checkout,282,tablet
SES_774619,USR_01342,2024-01-26 09:14:00,TikTok,tiktok,cpc,TikTok_Promo,/product,824,tablet
SES_549406,USR_01342,2024-01-26 15:44:00,TikTok,tiktok,cpc,TikTok_Promo,/checkout,779,desktop
SES_767198,USR_01342,2024-01-24 20:48:00,Google_Search,google,cpc,GSearch_Generic,/about,766,desktop
SES_690264,USR_01343,2024-03-04 00:26:00,LinkedIn,linkedin,cpc,LinkedIn_B2B,/about,672,tablet
SES_405730,USR_01343,2024-03-03 05:39:00,Google_Search,google,cpc,GSearch_Competitor,/blog,199,tablet
SES_627185,USR_01343,2024-03-05 04:27:00,Google_Search,google,cpc,GSearch_Competitor,/pricing,548,desktop
SES_288674,USR_01343,2024-03-09 09:33:00,Organic,organic,organic,Organic_SEO,/blog,103,mobile
SES_479228,USR_01343,2024-03-07 16:47:00,TikTok,tiktok,cpc,TikTok_Promo,/pricing,264,desktop
SES_314512,USR_01344,2024-02-23 08:17:00,Organic,organic,organic,Organic_SEO,/home,763,desktop
SES_174570,USR_01344,2024-02-18 23:15:00,Meta_Facebook,facebook,cpc,FB_Retargeting,/blog,366,tablet
SES_382572,USR_01344,2024-02-22 10:39:00,Google_Search,google,cpc,GSearch_Generic,/home,790,desktop
SES_291352,USR_01345,2024-01-18 12:19:00,Meta_Facebook,facebook,cpc,FB_Retargeting,/checkout,185,mobile
SES_629761,USR_01345,2024-01-17 18:13:00,Meta_Facebook,facebook,cpc,FB_Lookalike,/signup,505,tablet
SES_776661,USR_01346,2024-01-14 23:01:00,Google_Search,google,cpc,GSearch_Brand,/checkout,441,mobile
SES_367775,USR_01346,2024-01-13 22:42:00,TikTok,tiktok,cpc,TikTok_Video1,/signup,811,mobile
SES_620127,USR_01346,2024-01-09 19:33:00,Meta_Facebook,facebook,cpc,FB_Lookalike,/home,291,tablet
SES_988891,USR_01346,2024-01-14 20:15:00,Google_Search,google,cpc,GSearch_Competitor,/about,648,tablet
SES_555772,USR_01347,2024-03-09 06:24:00,Google_Search,google,cpc,GSearch_Competitor,/blog,854,mobile
SES_714705,USR_01347,2024-03-08 17:43:00,Meta_Facebook,facebook,cpc,FB_Lookalike,/product,549,desktop
SES_253938,USR_01347,2024-03-11 23:38:00,Organic,organic,organic,Organic_SEO,/home,133,desktop
SES_605071,USR_01347,2024-03-09 09:28:00,Google_Search,google,cpc,GSearch_Competitor,/signup,850,tablet
SES_779057,USR_01348,2024-01-18 14:36:00,TikTok,tiktok,cpc,TikTok_Video1,/signup,263,mobile
SES_166660,USR_01348,2024-01-16 19:53:00,TikTok,tiktok,cpc,TikTok_Promo,/about,797,mobile
SES_121384,USR_01348,2024-01-20 00:50:00,Meta_Facebook,,cpc,FB_Awareness,/home,205,desktop
SES_956067,USR_01348,2024-01-19 16:42:00,Meta_Facebook,facebook,cpc,FB_Awareness,/signup,505,mobile
SES_156001,USR_01349,2024-02-15 20:50:00,TikTok,tiktok,cpc,TikTok_Promo,/about,227,mobile
SES_727134,USR_01350,2024-01-06 06:10:00,Organic,organic,organic,Organic_Direct,/checkout,599,desktop
SES_503492,USR_01350,2024-01-03 05:11:00,LinkedIn,linkedin,cpc,LinkedIn_Lead,/about,557,tablet
SES_271461,USR_01350,2024-01-08 21:16:00,Meta_Facebook,,cpc,FB_Retargeting,/signup,842,mobile
SES_731863,USR_01350,2024-01-08 06:46:00,Google_Search,,cpc,GSearch_Competitor,/home,347,tablet
SES_220630,USR_01350,2024-01-05 18:45:00,Google_Search,google,cpc,GSearch_Competitor,/blog,414,tablet
SES_106650,USR_01351,2024-02-16 18:59:00,Google_Search,google,cpc,GSearch_Generic,/checkout,878,mobile
SES_995193,USR_01351,2024-02-17 07:42:00,Meta_Facebook,,cpc,FB_Awareness,/checkout,453,tablet
SES_667947,USR_01351,2024-02-15 04:22:00,Google_Search,,cpc,GSearch_Generic,/home,691,mobile
SES_600026,USR_01352,2024-01-26 11:37:00,TikTok,tiktok,cpc,TikTok_Promo,/home,310,desktop
SES_863571,USR_01353,2024-02-29 14:43:00,Organic,organic,organic,Organic_SEO,/about,845,mobile
SES_101541,USR_01353,2024-02-24 02:00:00,LinkedIn,linkedin,cpc,LinkedIn_B2B,/product,431,tablet
SES_539618,USR_01353,2024-02-28 20:54:00,Meta_Facebook,facebook,cpc,FB_Lookalike,/signup,887,desktop
SES_901651,USR_01354,2024-03-02 01:21:00,LinkedIn,linkedin,cpc,LinkedIn_Lead,/home,473,tablet
SES_921476,USR_01354,2024-03-04 09:57:00,TikTok,tiktok,cpc,TikTok_Video1,/signup,466,tablet
SES_538475,USR_01354,2024-03-01 03:53:00,Google_Search,google,cpc,,/about,883,desktop
SES_410732,USR_01355,2024-03-03 05:34:00,Email,email,email,Email_Welcome,/blog,30,desktop
SES_703456,USR_01355,2024-03-01 20:24:00,TikTok,tiktok,cpc,TikTok_Promo,/home,390,mobile
SES_554521,USR_01356,2024-01-15 14:03:00,Meta_Facebook,facebook,cpc,FB_Retargeting,/pricing,620,mobile
SES_996392,USR_01356,2024-01-19 21:30:00,Google_Search,google,cpc,GSearch_Generic,/about,653,desktop
SES_133847,USR_01356,2024-01-18 18:59:00,Google_Search,google,cpc,GSearch_Competitor,/blog,426,tablet
SES_255943,USR_01356,2024-01-15 04:38:00,Meta_Facebook,facebook,cpc,FB_Lookalike,/signup,553,mobile
SES_690542,USR_01357,2024-03-13 17:32:00,Meta_Facebook,facebook,cpc,FB_Lookalike,/blog,186,desktop
SES_285563,USR_01358,2024-03-04 14:16:00,TikTok,tiktok,cpc,TikTok_Promo,/blog,221,tablet
SES_440213,USR_01358,2024-03-02 08:31:00,Google_Search,google,cpc,GSearch_Brand,/signup,370,tablet
SES_326577,USR_01359,2024-01-04 12:28:00,Email,email,email,Email_Welcome,/signup,185,tablet
SES_647233,USR_01359,2024-01-04 02:17:00,Google_Search,google,cpc,GSearch_Generic,/home,578,mobile
SES_970167,USR_01359,2024-01-05 03:41:00,Organic,organic,organic,Organic_Direct,/product,490,mobile
SES_792754,USR_01360,2024-02-11 03:23:00,TikTok,tiktok,cpc,TikTok_Video1,/blog,448,tablet
SES_785413,USR_01360,2024-02-14 19:04:00,Meta_Facebook,,cpc,FB_Awareness,/pricing,138,tablet
SES_127612,USR_01360,2024-02-12 08:57:00,LinkedIn,linkedin,cpc,LinkedIn_Lead,/about,638,mobile
SES_907390,USR_01360,2024-02-15 11:43:00,Meta_Facebook,facebook,cpc,FB_Lookalike,/signup,589,mobile
SES_197646,USR_01361,2024-01-16 22:40:00,TikTok,tiktok,cpc,TikTok_Video1,/home,667,tablet
SES_624846,USR_01361,2024-01-15 13:43:00,Meta_Facebook,facebook,cpc,,/home,685,desktop
SES_769711,USR_01361,2024-01-14 13:55:00,Email,email,email,Email_Promo,/checkout,428,mobile
SES_591561,USR_01362,2024-03-09 01:35:00,TikTok,tiktok,cpc,,/home,380,tablet
SES_602917,USR_01363,2024-02-16 15:45:00,Google_Search,,cpc,GSearch_Competitor,/checkout,633,tablet
SES_341668,USR_01363,2024-02-19 01:12:00,LinkedIn,linkedin,cpc,,/home,404,mobile
SES_286723,USR_01363,2024-02-20 04:43:00,Google_Search,google,cpc,GSearch_Generic,/pricing,655,desktop
SES_718445,USR_01363,2024-02-21 11:55:00,Meta_Facebook,facebook,cpc,FB_Awareness,/blog,246,mobile
SES_949146,USR_01363,2024-02-19 12:14:00,Google_Search,,cpc,,/product,298,tablet
SES_657322,USR_01364,2024-01-26 10:36:00,Organic,organic,organic,Organic_Direct,/pricing,900,tablet
SES_477917,USR_01364,2024-01-21 23:23:00,Meta_Facebook,facebook,cpc,FB_Retargeting,/pricing,233,tablet
SES_428570,USR_01365,2024-02-04 20:54:00,Google_Search,google,cpc,GSearch_Competitor,/pricing,518,desktop
SES_752806,USR_01365,2024-02-06 17:48:00,LinkedIn,linkedin,cpc,LinkedIn_Lead,/pricing,407,mobile
SES_894919,USR_01365,2024-02-04 06:39:00,Organic,organic,organic,,/about,278,mobile
SES_254358,USR_01366,2024-02-12 08:15:00,Email,email,email,Email_Welcome,/pricing,745,mobile
SES_704089,USR_01366,2024-02-11 13:20:00,LinkedIn,linkedin,cpc,LinkedIn_Lead,/about,199,tablet
SES_843920,USR_01366,2024-02-10 08:54:00,Meta_Facebook,facebook,cpc,,/checkout,363,desktop
SES_406819,USR_01366,2024-02-10 01:30:00,Organic,organic,organic,Organic_Direct,/signup,725,tablet
SES_288428,USR_01367,2024-03-13 18:12:00,Google_Search,google,cpc,GSearch_Competitor,/signup,780,tablet
SES_770873,USR_01367,2024-03-14 11:55:00,Google_Search,google,cpc,GSearch_Generic,/blog,504,tablet
SES_809296,USR_01368,2024-02-18 04:26:00,Meta_Facebook,facebook,cpc,FB_Lookalike,/product,803,mobile
SES_188454,USR_01368,2024-02-19 11:12:00,Organic,organic,organic,,/signup,168,tablet
SES_565387,USR_01369,2024-01-07 15:59:00,Email,email,email,Email_Welcome,/pricing,805,desktop
SES_718777,USR_01369,2024-01-10 18:34:00,Google_Search,,cpc,GSearch_Generic,/about,38,tablet
SES_630450,USR_01369,2024-01-04 05:34:00,Email,email,email,Email_Retention,/blog,593,tablet
SES_790974,USR_01369,2024-01-05 19:24:00,LinkedIn,linkedin,cpc,LinkedIn_B2B,/signup,877,desktop
SES_945609,USR_01370,2024-02-19 09:21:00,LinkedIn,linkedin,cpc,LinkedIn_Lead,/home,192,tablet
SES_667963,USR_01370,2024-02-21 21:13:00,Organic,organic,organic,Organic_SEO,/signup,317,desktop
SES_505425,USR_01370,2024-02-20 03:13:00,TikTok,tiktok,cpc,TikTok_Video1,/blog,88,desktop
SES_698004,USR_01370,2024-02-17 18:51:00,TikTok,,cpc,TikTok_Promo,/checkout,237,tablet
SES_643895,USR_01371,2024-02-08 23:09:00,Google_Search,google,cpc,GSearch_Generic,/blog,174,mobile
SES_115424,USR_01371,2024-02-09 09:44:00,Google_Search,google,cpc,GSearch_Competitor,/product,526,tablet
SES_782547,USR_01371,2024-02-08 06:40:00,LinkedIn,linkedin,cpc,LinkedIn_B2B,/home,398,desktop
SES_136240,USR_01371,2024-02-08 21:37:00,TikTok,tiktok,cpc,TikTok_Promo,/about,658,desktop
SES_744299,USR_01371,2024-02-04 18:43:00,Google_Search,google,cpc,GSearch_Generic,/signup,872,mobile
SES_582753,USR_01372,2024-03-12 03:18:00,LinkedIn,,cpc,LinkedIn_B2B,/blog,792,mobile
SES_636177,USR_01372,2024-03-09 00:32:00,LinkedIn,linkedin,cpc,LinkedIn_B2B,/checkout,371,tablet
SES_240856,USR_01372,2024-03-10 03:53:00,Google_Search,google,cpc,GSearch_Generic,/product,207,desktop
SES_334516,USR_01372,2024-03-13 02:45:00,Organic,organic,organic,Organic_Direct,/blog,107,tablet
SES_352382,USR_01372,2024-03-06 01:49:00,Email,email,email,Email_Welcome,/blog,510,tablet
SES_683154,USR_01373,2024-02-18 01:04:00,Meta_Facebook,facebook,cpc,FB_Lookalike,/signup,568,tablet
SES_826143,USR_01373,2024-02-19 07:06:00,Google_Search,google,cpc,GSearch_Brand,/home,193,desktop
SES_160043,USR_01373,2024-02-17 04:43:00,TikTok,tiktok,cpc,,/product,139,mobile
SES_423401,USR_01373,2024-02-13 05:45:00,Meta_Facebook,facebook,cpc,FB_Retargeting,/product,173,desktop
SES_125350,USR_01374,2024-03-09 13:13:00,Email,email,email,Email_Retention,/home,297,mobile
SES_680108,USR_01374,2024-03-14 18:06:00,Meta_Facebook,facebook,cpc,FB_Lookalike,/home,618,desktop
SES_172817,USR_01374,2024-03-11 14:38:00,Google_Search,,cpc,GSearch_Brand,/checkout,889,mobile
SES_784031,USR_01375,2024-01-12 00:04:00,Meta_Facebook,facebook,cpc,FB_Awareness,/product,708,desktop
SES_988410,USR_01375,2024-01-09 02:53:00,Google_Search,google,cpc,GSearch_Competitor,/blog,349,mobile
SES_838739,USR_01375,2024-01-10 07:52:00,Email,email,email,Email_Promo,/about,66,desktop
SES_829922,USR_01376,2024-01-26 22:36:00,Google_Search,google,cpc,GSearch_Competitor,/blog,37,desktop
SES_480024,USR_01376,2024-01-22 00:07:00,TikTok,tiktok,cpc,TikTok_Promo,/about,757,mobile
SES_704180,USR_01376,2024-01-25 08:24:00,Google_Search,,cpc,GSearch_Brand,/home,526,mobile
SES_454341,USR_01376,2024-01-19 03:13:00,Email,email,email,Email_Promo,/product,703,mobile
SES_975461,USR_01377,2024-03-22 04:18:00,Meta_Facebook,facebook,cpc,FB_Retargeting,/home,519,desktop
SES_690835,USR_01378,2024-01-31 01:14:00,TikTok,tiktok,cpc,TikTok_Promo,/signup,423,mobile
SES_628870,USR_01379,2024-02-23 00:44:00,Google_Search,google,cpc,GSearch_Brand,/home,58,tablet
SES_145927,USR_01379,2024-02-20 02:45:00,Google_Search,google,cpc,GSearch_Brand,/pricing,470,tablet
SES_970702,USR_01379,2024-02-19 00:14:00,TikTok,tiktok,cpc,,/blog,291,tablet
SES_853464,USR_01379,2024-02-21 09:24:00,Email,email,email,Email_Promo,/signup,790,desktop
SES_726844,USR_01379,2024-02-18 00:08:00,Google_Search,google,cpc,GSearch_Competitor,/product,203,mobile
SES_525688,USR_01380,2024-02-23 23:01:00,Google_Search,google,cpc,GSearch_Competitor,/signup,638,mobile
SES_706464,USR_01381,2024-02-14 05:24:00,Meta_Facebook,facebook,cpc,FB_Lookalike,/signup,502,desktop
SES_778956,USR_01381,2024-02-19 05:42:00,Email,email,email,Email_Promo,/product,719,tablet
SES_879587,USR_01381,2024-02-18 20:35:00,Organic,organic,organic,Organic_Direct,/signup,806,tablet
SES_369579,USR_01381,2024-02-21 17:31:00,LinkedIn,,cpc,LinkedIn_B2B,/home,60,mobile
SES_405628,USR_01382,2024-02-16 04:46:00,Google_Search,google,cpc,GSearch_Generic,/checkout,794,desktop
SES_167556,USR_01382,2024-02-14 09:23:00,TikTok,tiktok,cpc,TikTok_Promo,/blog,407,desktop
SES_119361,USR_01382,2024-02-13 13:46:00,Organic,,organic,Organic_SEO,/blog,388,desktop
SES_241800,USR_01382,2024-02-20 14:44:00,Google_Search,google,cpc,GSearch_Generic,/product,637,desktop
SES_267233,USR_01383,2024-02-23 08:20:00,Google_Search,,cpc,GSearch_Competitor,/home,690,tablet
SES_258197,USR_01383,2024-02-23 06:26:00,Google_Search,google,cpc,GSearch_Generic,/home,480,desktop
SES_451929,USR_01384,2024-03-03 10:58:00,LinkedIn,linkedin,cpc,LinkedIn_B2B,/product,706,tablet
SES_672511,USR_01385,2024-01-29 00:58:00,LinkedIn,linkedin,cpc,LinkedIn_Lead,/blog,384,desktop
SES_570948,USR_01386,2024-03-08 19:02:00,Google_Search,,cpc,GSearch_Brand,/pricing,819,tablet
SES_891824,USR_01387,2024-03-13 19:47:00,TikTok,tiktok,cpc,TikTok_Promo,/about,663,tablet
SES_783381,USR_01387,2024-03-12 21:22:00,Google_Search,google,cpc,GSearch_Competitor,/about,141,mobile
SES_528650,USR_01387,2024-03-11 15:24:00,LinkedIn,linkedin,cpc,LinkedIn_Lead,/pricing,504,tablet
SES_160784,USR_01388,2024-02-20 23:43:00,Meta_Facebook,facebook,cpc,FB_Retargeting,/home,694,desktop
SES_708303,USR_01388,2024-02-21 18:56:00,LinkedIn,linkedin,cpc,LinkedIn_B2B,/product,556,desktop
SES_973132,USR_01388,2024-02-19 03:16:00,Google_Search,google,cpc,GSearch_Competitor,/product,571,tablet
SES_860219,USR_01389,2024-02-16 17:48:00,Google_Search,google,cpc,GSearch_Brand,/about,375,tablet
SES_995890,USR_01389,2024-02-12 16:02:00,Meta_Facebook,facebook,cpc,FB_Retargeting,/signup,387,mobile
SES_612739,USR_01390,2024-01-27 07:56:00,Email,email,email,Email_Promo,/home,781,tablet
SES_119462,USR_01390,2024-01-30 03:47:00,Email,email,email,Email_Welcome,/about,682,desktop
SES_709930,USR_01390,2024-02-03 20:07:00,LinkedIn,linkedin,cpc,LinkedIn_B2B,/checkout,47,desktop
SES_471191,USR_01390,2024-01-27 15:18:00,Email,email,email,,/signup,343,desktop
SES_222009,USR_01390,2024-01-31 09:15:00,Google_Search,google,cpc,GSearch_Generic,/blog,495,desktop
SES_939893,USR_01391,2024-01-31 11:26:00,Google_Search,google,cpc,GSearch_Competitor,/about,464,tablet
SES_288802,USR_01391,2024-02-01 23:26:00,TikTok,tiktok,cpc,TikTok_Promo,/product,198,tablet
SES_144973,USR_01391,2024-02-03 06:43:00,Google_Search,google,cpc,GSearch_Generic,/signup,679,tablet
SES_436744,USR_01391,2024-01-28 21:51:00,TikTok,tiktok,cpc,TikTok_Video1,/home,301,mobile
SES_341881,USR_01392,2024-02-12 04:36:00,Google_Search,google,cpc,GSearch_Generic,/signup,549,desktop
SES_552412,USR_01392,2024-02-15 01:59:00,Email,,email,Email_Retention,/pricing,859,tablet
SES_349291,USR_01393,2024-03-16 13:47:00,Meta_Facebook,facebook,cpc,FB_Retargeting,/product,482,desktop
SES_375559,USR_01394,2024-03-03 06:18:00,Meta_Facebook,facebook,cpc,FB_Retargeting,/home,222,desktop
SES_230374,USR_01394,2024-03-07 02:06:00,LinkedIn,linkedin,cpc,LinkedIn_Lead,/checkout,323,desktop
SES_929574,USR_01395,2024-01-22 07:46:00,Meta_Facebook,facebook,cpc,FB_Lookalike,/pricing,349,mobile
SES_537842,USR_01395,2024-01-26 09:28:00,Email,email,email,Email_Promo,/product,95,tablet
SES_342634,USR_01395,2024-01-23 15:40:00,LinkedIn,linkedin,cpc,LinkedIn_Lead,/checkout,49,mobile
SES_800339,USR_01395,2024-01-26 11:30:00,Google_Search,,cpc,GSearch_Brand,/blog,783,mobile
SES_930685,USR_01396,2024-02-23 08:57:00,Google_Search,google,cpc,GSearch_Competitor,/home,550,tablet
SES_945602,USR_01396,2024-02-17 22:11:00,LinkedIn,linkedin,cpc,LinkedIn_B2B,/blog,569,mobile
SES_950946,USR_01396,2024-02-23 17:29:00,Google_Search,google,cpc,GSearch_Brand,/product,812,desktop
SES_189531,USR_01396,2024-02-20 06:28:00,Google_Search,google,cpc,GSearch_Competitor,/product,811,mobile
SES_773383,USR_01397,2024-01-26 16:50:00,Meta_Facebook,facebook,cpc,,/checkout,265,desktop
SES_708835,USR_01397,2024-01-27 05:46:00,TikTok,tiktok,cpc,TikTok_Promo,/about,232,tablet
SES_863425,USR_01397,2024-02-01 15:41:00,TikTok,tiktok,cpc,TikTok_Video1,/product,745,mobile
SES_462131,USR_01397,2024-02-02 06:42:00,Email,email,email,Email_Retention,/blog,219,desktop
SES_166542,USR_01397,2024-01-29 13:03:00,Google_Search,,cpc,GSearch_Brand,/checkout,274,mobile
SES_113987,USR_01398,2024-02-10 04:32:00,Organic,organic,organic,Organic_Direct,/about,347,tablet
SES_656535,USR_01398,2024-02-09 16:04:00,Meta_Facebook,facebook,cpc,FB_Lookalike,/home,376,tablet
SES_282068,USR_01398,2024-02-09 16:32:00,Google_Search,google,cpc,GSearch_Brand,/checkout,279,desktop
SES_893596,USR_01398,2024-02-12 01:49:00,TikTok,tiktok,cpc,TikTok_Promo,/blog,188,mobile
SES_362068,USR_01398,2024-02-16 18:20:00,TikTok,tiktok,cpc,TikTok_Video1,/product,877,desktop
SES_415109,USR_01399,2024-03-09 16:26:00,Google_Search,,cpc,GSearch_Brand,/home,725,mobile
SES_267028,USR_01399,2024-03-12 07:03:00,Meta_Facebook,facebook,cpc,FB_Awareness,/signup,741,desktop
SES_615074,USR_01399,2024-03-14 01:05:00,TikTok,tiktok,cpc,TikTok_Video1,/pricing,750,mobile
SES_266158,USR_01399,2024-03-09 01:35:00,TikTok,tiktok,cpc,TikTok_Video1,/product,805,desktop
SES_294845,USR_01399,2024-03-09 06:52:00,Google_Search,google,cpc,GSearch_Generic,/about,587,tablet
SES_574063,USR_01400,2024-02-25 14:26:00,Meta_Facebook,facebook,cpc,FB_Retargeting,/home,750,desktop
SES_527440,USR_01400,2024-02-27 17:36:00,TikTok,tiktok,cpc,TikTok_Promo,/signup,626,mobile
SES_722501,USR_01400,2024-03-01 17:16:00,Meta_Facebook,facebook,cpc,FB_Lookalike,/checkout,254,desktop
SES_974828,USR_01400,2024-03-01 11:26:00,Organic,organic,organic,Organic_SEO,/signup,117,tablet
SES_620059,USR_01400,2024-02-28 16:23:00,Meta_Facebook,facebook,cpc,FB_Lookalike,/blog,171,tablet
SES_943753,USR_01401,2024-02-10 16:58:00,Meta_Facebook,,cpc,FB_Lookalike,/checkout,226,desktop
SES_749559,USR_01401,2024-02-09 12:02:00,Meta_Facebook,facebook,cpc,FB_Awareness,/pricing,163,desktop
SES_620651,USR_01401,2024-02-09 20:03:00,Meta_Facebook,facebook,cpc,FB_Retargeting,/product,153,desktop
SES_858418,USR_01401,2024-02-07 00:14:00,TikTok,tiktok,cpc,TikTok_Video1,/about,768,desktop
SES_632601,USR_01401,2024-02-08 23:01:00,LinkedIn,,cpc,LinkedIn_Lead,/pricing,249,desktop
SES_493554,USR_01402,2024-01-14 10:20:00,Meta_Facebook,facebook,cpc,FB_Awareness,/signup,153,mobile
SES_103230,USR_01402,2024-01-18 15:54:00,LinkedIn,linkedin,cpc,LinkedIn_B2B,/checkout,794,tablet
SES_752719,USR_01402,2024-01-15 09:02:00,TikTok,tiktok,cpc,TikTok_Video1,/product,722,desktop
SES_491622,USR_01403,2024-03-20 14:23:00,Google_Search,,cpc,GSearch_Brand,/pricing,357,desktop
SES_111277,USR_01403,2024-03-20 21:58:00,Meta_Facebook,facebook,cpc,FB_Retargeting,/checkout,537,tablet
SES_429825,USR_01403,2024-03-16 15:13:00,LinkedIn,,cpc,LinkedIn_Lead,/blog,764,tablet
SES_497964,USR_01404,2024-01-15 03:26:00,TikTok,tiktok,cpc,TikTok_Video1,/signup,720,mobile
SES_943585,USR_01404,2024-01-20 22:10:00,Google_Search,google,cpc,GSearch_Brand,/pricing,328,tablet
SES_188732,USR_01404,2024-01-20 09:13:00,Meta_Facebook,facebook,cpc,FB_Lookalike,/product,807,tablet
SES_512298,USR_01405,2024-03-27 00:24:00,Meta_Facebook,facebook,cpc,FB_Lookalike,/blog,225,desktop
SES_673099,USR_01405,2024-03-22 05:52:00,Meta_Facebook,facebook,cpc,FB_Lookalike,/checkout,347,tablet
SES_919351,USR_01405,2024-03-26 23:52:00,TikTok,tiktok,cpc,TikTok_Promo,/checkout,148,tablet
SES_120605,USR_01405,2024-03-27 06:26:00,LinkedIn,linkedin,cpc,LinkedIn_B2B,/product,343,tablet
SES_352846,USR_01406,2024-02-08 14:39:00,Google_Search,google,cpc,GSearch_Competitor,/home,198,mobile
SES_325914,USR_01406,2024-02-06 02:43:00,Email,email,email,Email_Retention,/product,116,mobile
SES_740502,USR_01406,2024-02-07 19:01:00,Organic,organic,organic,Organic_Direct,/home,516,mobile
SES_160189,USR_01406,2024-02-08 12:41:00,Meta_Facebook,facebook,cpc,FB_Awareness,/product,459,desktop
SES_925755,USR_01407,2024-03-11 01:18:00,Meta_Facebook,facebook,cpc,FB_Retargeting,/home,271,desktop
SES_943623,USR_01407,2024-03-15 18:42:00,Meta_Facebook,facebook,cpc,FB_Lookalike,/checkout,689,mobile
SES_602729,USR_01407,2024-03-10 06:29:00,LinkedIn,linkedin,cpc,LinkedIn_B2B,/home,633,desktop
SES_238601,USR_01407,2024-03-15 00:53:00,Meta_Facebook,facebook,cpc,FB_Lookalike,/blog,343,desktop
SES_412621,USR_01408,2024-01-06 06:35:00,Meta_Facebook,facebook,cpc,FB_Awareness,/checkout,571,mobile
SES_226963,USR_01408,2024-01-10 07:43:00,Email,email,email,Email_Promo,/about,426,desktop
SES_711449,USR_01408,2024-01-08 12:38:00,LinkedIn,linkedin,cpc,LinkedIn_Lead,/signup,38,tablet
SES_665424,USR_01409,2024-03-13 22:15:00,Google_Search,google,cpc,GSearch_Brand,/pricing,628,mobile
SES_392382,USR_01409,2024-03-11 05:29:00,TikTok,tiktok,cpc,TikTok_Promo,/home,493,mobile
SES_531976,USR_01409,2024-03-12 02:03:00,Meta_Facebook,facebook,cpc,FB_Lookalike,/blog,372,desktop
SES_157475,USR_01409,2024-03-14 14:20:00,Email,email,email,Email_Welcome,/home,658,mobile
SES_685997,USR_01410,2024-01-20 00:14:00,Meta_Facebook,facebook,cpc,FB_Retargeting,/pricing,453,tablet
SES_660925,USR_01410,2024-01-17 15:30:00,TikTok,tiktok,cpc,TikTok_Video1,/about,30,tablet
SES_754400,USR_01410,2024-01-23 06:53:00,Meta_Facebook,facebook,cpc,FB_Retargeting,/signup,645,tablet
SES_741684,USR_01410,2024-01-18 15:44:00,Organic,organic,organic,Organic_Direct,/signup,341,tablet
SES_605820,USR_01410,2024-01-22 02:33:00,Email,email,email,Email_Welcome,/about,215,desktop
SES_511386,USR_01411,2024-03-03 06:50:00,Google_Search,google,cpc,GSearch_Brand,/blog,152,mobile
SES_417767,USR_01411,2024-02-26 21:52:00,Organic,organic,organic,Organic_SEO,/blog,558,desktop
SES_965135,USR_01411,2024-03-01 08:36:00,Google_Search,google,cpc,GSearch_Generic,/about,493,mobile
SES_360512,USR_01411,2024-03-02 08:36:00,Google_Search,google,cpc,GSearch_Generic,/checkout,374,desktop
SES_783828,USR_01412,2024-01-18 01:54:00,TikTok,tiktok,cpc,TikTok_Promo,/home,747,mobile
SES_124712,USR_01413,2024-03-22 21:37:00,Email,email,email,,/product,872,mobile
SES_472134,USR_01413,2024-03-24 12:33:00,Google_Search,google,cpc,GSearch_Generic,/about,663,desktop
SES_297282,USR_01413,2024-03-19 02:50:00,Google_Search,google,cpc,GSearch_Brand,/pricing,166,desktop
SES_442941,USR_01413,2024-03-19 16:44:00,Organic,organic,organic,Organic_SEO,/pricing,741,mobile
SES_950178,USR_01413,2024-03-26 05:30:00,Meta_Facebook,facebook,cpc,FB_Lookalike,/about,863,tablet
SES_425806,USR_01414,2024-01-29 04:01:00,Google_Search,google,cpc,GSearch_Generic,/home,594,desktop
SES_534287,USR_01414,2024-01-30 22:42:00,LinkedIn,linkedin,cpc,LinkedIn_Lead,/product,619,tablet
SES_181593,USR_01414,2024-01-31 17:19:00,Google_Search,google,cpc,,/home,681,tablet
SES_966526,USR_01414,2024-02-02 04:13:00,Email,email,email,Email_Retention,/pricing,679,desktop
SES_233666,USR_01414,2024-01-31 21:51:00,LinkedIn,linkedin,cpc,LinkedIn_Lead,/home,255,tablet
SES_179824,USR_01415,2024-02-29 19:52:00,TikTok,tiktok,cpc,TikTok_Promo,/signup,555,tablet
SES_967544,USR_01415,2024-02-24 10:13:00,LinkedIn,linkedin,cpc,LinkedIn_B2B,/pricing,864,tablet
SES_550653,USR_01415,2024-02-26 04:53:00,Email,email,email,Email_Promo,/blog,714,desktop
SES_397507,USR_01416,2024-03-05 22:29:00,Email,email,email,Email_Welcome,/signup,371,mobile
SES_870951,USR_01417,2024-02-02 10:01:00,Meta_Facebook,facebook,cpc,FB_Lookalike,/pricing,745,tablet
SES_430582,USR_01417,2024-02-04 08:26:00,TikTok,tiktok,cpc,TikTok_Video1,/checkout,389,mobile
SES_920256,USR_01418,2024-01-14 23:22:00,TikTok,tiktok,cpc,TikTok_Promo,/signup,636,desktop
SES_343306,USR_01418,2024-01-11 03:20:00,TikTok,tiktok,cpc,TikTok_Video1,/blog,309,desktop
SES_366522,USR_01419,2024-02-03 21:01:00,Google_Search,google,cpc,GSearch_Brand,/home,628,mobile
SES_595109,USR_01419,2024-02-02 17:31:00,Google_Search,google,cpc,,/product,45,desktop
SES_866651,USR_01419,2024-02-02 20:13:00,TikTok,tiktok,cpc,TikTok_Video1,/product,793,tablet
SES_485551,USR_01420,2024-02-21 22:22:00,Google_Search,google,cpc,GSearch_Generic,/checkout,421,mobile
SES_564070,USR_01420,2024-02-23 17:44:00,TikTok,tiktok,cpc,TikTok_Promo,/product,884,mobile
SES_665703,USR_01421,2024-02-05 16:32:00,Google_Search,google,cpc,GSearch_Brand,/pricing,810,desktop
SES_996922,USR_01421,2024-02-08 00:43:00,Meta_Facebook,facebook,cpc,FB_Retargeting,/signup,609,desktop
SES_308222,USR_01421,2024-02-08 00:43:00,Google_Search,google,cpc,GSearch_Competitor,/signup,102,tablet
SES_813465,USR_01421,2024-02-07 16:18:00,Email,email,email,Email_Retention,/about,804,tablet
SES_801826,USR_01421,2024-02-01 10:43:00,Email,email,email,Email_Promo,/checkout,416,tablet
SES_769897,USR_01422,2024-01-04 16:28:00,Organic,,organic,Organic_Direct,/pricing,562,desktop
SES_238577,USR_01422,2024-01-06 01:31:00,Google_Search,google,cpc,,/pricing,708,mobile
SES_401496,USR_01422,2024-01-01 06:37:00,Google_Search,google,cpc,GSearch_Competitor,/home,677,desktop
SES_743697,USR_01422,2024-01-05 05:02:00,Organic,organic,organic,Organic_Direct,/product,335,tablet
SES_184626,USR_01423,2024-02-04 17:41:00,TikTok,tiktok,cpc,TikTok_Video1,/blog,796,tablet
SES_516875,USR_01423,2024-02-04 15:58:00,Google_Search,,cpc,GSearch_Brand,/product,655,tablet
SES_186564,USR_01423,2024-02-05 20:49:00,LinkedIn,linkedin,cpc,LinkedIn_Lead,/about,455,tablet
SES_463402,USR_01424,2024-02-12 05:28:00,Google_Search,google,cpc,GSearch_Brand,/pricing,460,desktop
SES_817951,USR_01424,2024-02-07 06:00:00,Organic,organic,organic,Organic_SEO,/checkout,35,mobile
SES_266029,USR_01424,2024-02-11 18:59:00,Google_Search,google,cpc,GSearch_Competitor,/home,90,desktop
SES_829529,USR_01424,2024-02-09 08:13:00,Google_Search,google,cpc,GSearch_Competitor,/home,593,desktop
SES_322570,USR_01425,2024-02-09 04:54:00,TikTok,,cpc,TikTok_Video1,/pricing,421,tablet
SES_550949,USR_01426,2024-02-12 14:41:00,Google_Search,,cpc,GSearch_Generic,/product,533,desktop
SES_581434,USR_01426,2024-02-07 05:51:00,Google_Search,google,cpc,,/blog,56,tablet
SES_787134,USR_01426,2024-02-09 03:29:00,Meta_Facebook,facebook,cpc,FB_Awareness,/home,782,desktop
SES_488355,USR_01427,2024-02-11 14:48:00,TikTok,tiktok,cpc,TikTok_Promo,/pricing,490,tablet
SES_863604,USR_01427,2024-02-04 10:40:00,Email,email,email,Email_Retention,/blog,798,tablet
SES_711433,USR_01427,2024-02-08 19:45:00,LinkedIn,linkedin,cpc,,/blog,627,tablet
SES_994545,USR_01427,2024-02-07 12:20:00,LinkedIn,linkedin,cpc,LinkedIn_Lead,/product,252,mobile
SES_126009,USR_01428,2024-01-05 08:39:00,Meta_Facebook,facebook,cpc,FB_Retargeting,/signup,587,mobile
SES_906621,USR_01428,2024-01-01 14:22:00,LinkedIn,,cpc,LinkedIn_B2B,/pricing,298,desktop
SES_404731,USR_01428,2024-01-06 22:05:00,Google_Search,google,cpc,GSearch_Competitor,/about,245,tablet
SES_960036,USR_01428,2024-01-03 20:12:00,Meta_Facebook,facebook,cpc,FB_Retargeting,/home,227,desktop
SES_818439,USR_01428,2024-01-03 07:55:00,Google_Search,google,cpc,GSearch_Brand,/home,587,mobile
SES_828382,USR_01429,2024-03-11 02:06:00,Meta_Facebook,facebook,cpc,FB_Awareness,/product,820,desktop
SES_434033,USR_01429,2024-03-11 21:53:00,Meta_Facebook,facebook,cpc,FB_Awareness,/signup,505,desktop
SES_641623,USR_01429,2024-03-13 03:00:00,Google_Search,google,cpc,GSearch_Brand,/blog,573,mobile
SES_538535,USR_01430,2024-02-29 15:12:00,Organic,organic,organic,Organic_Direct,/signup,699,desktop
SES_660077,USR_01430,2024-02-24 13:33:00,Google_Search,google,cpc,GSearch_Generic,/checkout,473,desktop
SES_346655,USR_01430,2024-02-29 11:55:00,Organic,organic,organic,Organic_Direct,/blog,890,desktop
SES_294754,USR_01430,2024-02-29 10:11:00,Meta_Facebook,facebook,cpc,FB_Lookalike,/pricing,500,desktop
SES_192733,USR_01431,2024-03-16 12:40:00,LinkedIn,linkedin,cpc,LinkedIn_B2B,/about,64,mobile
SES_131596,USR_01431,2024-03-11 03:16:00,Organic,organic,organic,Organic_SEO,/checkout,771,mobile
SES_950099,USR_01431,2024-03-14 02:22:00,LinkedIn,linkedin,cpc,LinkedIn_B2B,/checkout,816,mobile
SES_421867,USR_01431,2024-03-15 15:58:00,LinkedIn,linkedin,cpc,LinkedIn_B2B,/about,184,desktop
SES_839400,USR_01432,2024-02-24 11:43:00,LinkedIn,linkedin,cpc,LinkedIn_Lead,/checkout,674,mobile
SES_231811,USR_01432,2024-02-26 21:52:00,Email,email,email,Email_Retention,/blog,729,mobile
SES_854596,USR_01432,2024-02-29 22:46:00,Google_Search,google,cpc,GSearch_Competitor,/about,437,mobile
SES_187920,USR_01432,2024-02-26 20:33:00,Google_Search,google,cpc,GSearch_Competitor,/product,299,mobile
SES_653070,USR_01432,2024-02-27 01:44:00,Email,email,email,Email_Welcome,/blog,540,desktop
SES_198666,USR_01433,2024-03-24 22:27:00,Google_Search,google,cpc,GSearch_Brand,/about,426,mobile
SES_747216,USR_01433,2024-03-22 13:18:00,Email,email,email,Email_Promo,/about,338,mobile
SES_606481,USR_01433,2024-03-24 00:38:00,Google_Search,google,cpc,GSearch_Competitor,/checkout,683,mobile
SES_142482,USR_01433,2024-03-26 17:19:00,Google_Search,google,cpc,GSearch_Competitor,/pricing,301,tablet
SES_207036,USR_01433,2024-03-23 05:21:00,Meta_Facebook,facebook,cpc,FB_Lookalike,/blog,128,mobile
SES_209351,USR_01434,2024-03-06 19:28:00,Organic,organic,organic,Organic_SEO,/signup,790,desktop
SES_991059,USR_01434,2024-03-04 04:19:00,Organic,organic,organic,Organic_Direct,/about,895,tablet
SES_721510,USR_01434,2024-03-06 05:04:00,Meta_Facebook,facebook,cpc,FB_Lookalike,/about,409,mobile
SES_680254,USR_01434,2024-03-07 09:20:00,Google_Search,google,cpc,GSearch_Generic,/pricing,687,desktop
SES_944708,USR_01434,2024-02-29 14:16:00,LinkedIn,,cpc,,/checkout,370,tablet
SES_220619,USR_01435,2024-01-13 07:34:00,Meta_Facebook,facebook,cpc,FB_Lookalike,/checkout,285,mobile
SES_306053,USR_01435,2024-01-08 11:38:00,Meta_Facebook,facebook,cpc,FB_Retargeting,/pricing,583,mobile
SES_942503,USR_01435,2024-01-08 17:34:00,Organic,organic,organic,Organic_Direct,/home,426,mobile
SES_834178,USR_01435,2024-01-09 11:19:00,Email,email,email,Email_Welcome,/about,139,desktop
SES_204665,USR_01435,2024-01-07 09:43:00,Google_Search,google,cpc,,/signup,503,mobile
SES_944109,USR_01436,2024-01-13 10:33:00,Email,email,email,Email_Retention,/pricing,318,tablet
SES_563933,USR_01436,2024-01-11 15:44:00,TikTok,tiktok,cpc,TikTok_Video1,/home,359,desktop
SES_814236,USR_01436,2024-01-16 14:18:00,Google_Search,,cpc,GSearch_Competitor,/pricing,529,tablet
SES_931868,USR_01436,2024-01-15 17:38:00,Google_Search,,cpc,GSearch_Competitor,/checkout,193,mobile
SES_900948,USR_01436,2024-01-11 12:20:00,Email,email,email,Email_Promo,/blog,796,desktop
SES_771041,USR_01437,2024-01-23 10:35:00,Meta_Facebook,facebook,cpc,FB_Lookalike,/about,162,tablet
SES_534167,USR_01438,2024-01-25 01:00:00,TikTok,tiktok,cpc,TikTok_Promo,/blog,38,desktop
SES_636302,USR_01439,2024-03-10 00:00:00,TikTok,tiktok,cpc,TikTok_Video1,/checkout,283,mobile
SES_516592,USR_01439,2024-03-10 16:47:00,Meta_Facebook,facebook,cpc,FB_Retargeting,/about,674,mobile
SES_668740,USR_01439,2024-03-12 02:57:00,Google_Search,,cpc,GSearch_Brand,/signup,464,tablet
SES_496845,USR_01439,2024-03-12 20:25:00,Organic,organic,organic,Organic_SEO,/product,145,desktop
SES_688572,USR_01439,2024-03-14 01:28:00,Google_Search,,cpc,GSearch_Competitor,/home,888,tablet
SES_423227,USR_01440,2024-03-01 04:42:00,TikTok,tiktok,cpc,TikTok_Video1,/blog,448,mobile
SES_509408,USR_01440,2024-03-04 06:35:00,Meta_Facebook,facebook,cpc,FB_Retargeting,/blog,819,tablet
SES_247634,USR_01441,2024-03-07 23:14:00,TikTok,tiktok,cpc,TikTok_Promo,/product,398,desktop
SES_375297,USR_01441,2024-03-08 12:41:00,Meta_Facebook,facebook,cpc,FB_Retargeting,/product,693,tablet
SES_436781,USR_01441,2024-03-04 17:31:00,Email,email,email,,/pricing,242,mobile
SES_801752,USR_01441,2024-03-05 01:50:00,TikTok,tiktok,cpc,TikTok_Video1,/checkout,873,tablet
SES_264444,USR_01441,2024-03-07 20:02:00,Google_Search,google,cpc,GSearch_Generic,/product,505,tablet
SES_174483,USR_01442,2024-03-20 17:39:00,Google_Search,google,cpc,GSearch_Generic,/home,514,tablet
SES_874558,USR_01442,2024-03-21 15:17:00,Meta_Facebook,facebook,cpc,FB_Lookalike,/blog,293,mobile
SES_917743,USR_01442,2024-03-19 16:25:00,TikTok,tiktok,cpc,TikTok_Video1,/pricing,782,tablet
SES_968465,USR_01442,2024-03-19 01:35:00,Organic,organic,organic,Organic_Direct,/checkout,707,mobile
SES_399079,USR_01442,2024-03-24 06:48:00,Meta_Facebook,,cpc,FB_Retargeting,/checkout,710,desktop
SES_831381,USR_01443,2024-02-13 11:55:00,TikTok,tiktok,cpc,TikTok_Video1,/checkout,461,tablet
SES_113906,USR_01443,2024-02-11 00:06:00,LinkedIn,linkedin,cpc,LinkedIn_Lead,/pricing,741,tablet
SES_837902,USR_01443,2024-02-12 05:18:00,Google_Search,google,cpc,GSearch_Brand,/blog,691,tablet
SES_461710,USR_01443,2024-02-15 03:36:00,LinkedIn,,cpc,LinkedIn_B2B,/checkout,70,desktop
SES_948107,USR_01444,2024-01-22 15:44:00,TikTok,,cpc,TikTok_Promo,/about,193,desktop
SES_157000,USR_01444,2024-01-25 21:34:00,Meta_Facebook,facebook,cpc,FB_Lookalike,/product,371,desktop
SES_922506,USR_01444,2024-01-20 21:03:00,TikTok,tiktok,cpc,TikTok_Video1,/home,763,tablet
SES_807626,USR_01444,2024-01-24 02:32:00,Google_Search,google,cpc,GSearch_Competitor,/home,869,desktop
SES_599890,USR_01445,2024-01-08 11:29:00,Google_Search,google,cpc,GSearch_Brand,/product,249,desktop
SES_477403,USR_01445,2024-01-08 23:22:00,Organic,organic,organic,Organic_Direct,/pricing,172,desktop
SES_899229,USR_01446,2024-02-27 12:17:00,Organic,,organic,Organic_Direct,/blog,518,tablet
SES_216986,USR_01446,2024-02-24 07:02:00,TikTok,tiktok,cpc,TikTok_Promo,/home,85,mobile
SES_361437,USR_01446,2024-02-27 07:18:00,Meta_Facebook,facebook,cpc,FB_Lookalike,/about,666,tablet
SES_400056,USR_01446,2024-02-27 09:29:00,Google_Search,google,cpc,GSearch_Generic,/home,323,mobile
SES_902318,USR_01446,2024-02-26 06:30:00,Meta_Facebook,facebook,cpc,FB_Lookalike,/home,467,tablet
SES_660796,USR_01447,2024-01-15 20:28:00,Meta_Facebook,facebook,cpc,FB_Awareness,/signup,402,tablet
SES_208205,USR_01447,2024-01-19 21:12:00,Meta_Facebook,facebook,cpc,FB_Lookalike,/product,693,mobile
SES_584461,USR_01447,2024-01-18 23:05:00,Google_Search,google,cpc,GSearch_Competitor,/home,562,mobile
SES_497429,USR_01448,2024-02-25 01:53:00,TikTok,tiktok,cpc,TikTok_Promo,/pricing,588,tablet
SES_817699,USR_01449,2024-03-21 13:36:00,TikTok,,cpc,TikTok_Promo,/signup,307,desktop
SES_641882,USR_01450,2024-03-21 17:37:00,Organic,organic,organic,Organic_Direct,/product,762,tablet
SES_652016,USR_01450,2024-03-24 21:30:00,Google_Search,google,cpc,GSearch_Competitor,/signup,500,desktop
SES_407142,USR_01450,2024-03-22 06:05:00,Organic,organic,organic,Organic_Direct,/signup,663,desktop
SES_771291,USR_01451,2024-01-22 00:55:00,Organic,organic,organic,Organic_Direct,/pricing,228,tablet
SES_986985,USR_01451,2024-01-22 15:19:00,Google_Search,,cpc,GSearch_Generic,/home,173,tablet
SES_563287,USR_01451,2024-01-25 13:36:00,Organic,organic,organic,Organic_Direct,/pricing,413,tablet
SES_572930,USR_01452,2024-01-28 06:06:00,Meta_Facebook,,cpc,FB_Retargeting,/signup,562,tablet
SES_374371,USR_01453,2024-02-18 10:37:00,Google_Search,google,cpc,GSearch_Competitor,/checkout,206,mobile
SES_289923,USR_01453,2024-02-16 09:22:00,Email,email,email,Email_Retention,/pricing,886,desktop
SES_207672,USR_01454,2024-01-20 09:38:00,Organic,organic,organic,Organic_Direct,/product,556,desktop
SES_764743,USR_01455,2024-01-25 01:08:00,LinkedIn,linkedin,cpc,LinkedIn_B2B,/blog,791,mobile
SES_506711,USR_01455,2024-01-18 07:53:00,Organic,organic,organic,Organic_SEO,/pricing,310,mobile
SES_493595,USR_01456,2024-02-11 06:15:00,Google_Search,google,cpc,GSearch_Competitor,/checkout,405,desktop
SES_673867,USR_01456,2024-02-09 21:31:00,Google_Search,google,cpc,GSearch_Generic,/home,861,mobile
SES_770909,USR_01457,2024-01-21 23:14:00,Meta_Facebook,facebook,cpc,FB_Awareness,/pricing,127,desktop
SES_376025,USR_01457,2024-01-22 23:47:00,TikTok,tiktok,cpc,TikTok_Promo,/signup,704,desktop
SES_961873,USR_01457,2024-01-25 23:15:00,Google_Search,google,cpc,GSearch_Brand,/pricing,324,tablet
SES_941761,USR_01458,2024-01-22 07:02:00,Google_Search,google,cpc,GSearch_Generic,/signup,445,mobile
SES_656612,USR_01458,2024-01-21 19:08:00,Organic,,organic,Organic_SEO,/about,402,tablet
SES_492217,USR_01458,2024-01-22 13:35:00,Google_Search,google,cpc,,/signup,710,mobile
SES_718729,USR_01458,2024-01-23 17:04:00,Meta_Facebook,facebook,cpc,FB_Lookalike,/blog,818,mobile
SES_708015,USR_01459,2024-02-06 17:02:00,TikTok,tiktok,cpc,TikTok_Promo,/home,383,tablet
SES_650109,USR_01459,2024-02-08 00:29:00,Meta_Facebook,facebook,cpc,FB_Retargeting,/blog,782,mobile
SES_418748,USR_01459,2024-02-09 08:29:00,TikTok,tiktok,cpc,TikTok_Video1,/pricing,56,mobile
SES_510704,USR_01459,2024-02-10 11:50:00,Email,email,email,Email_Welcome,/pricing,558,tablet
SES_719446,USR_01459,2024-02-03 15:55:00,TikTok,tiktok,cpc,TikTok_Promo,/signup,796,tablet
SES_164234,USR_01460,2024-01-24 12:15:00,Google_Search,,cpc,GSearch_Brand,/checkout,95,tablet
SES_986889,USR_01460,2024-01-22 03:47:00,Email,email,email,Email_Promo,/signup,282,desktop
SES_254124,USR_01461,2024-02-14 01:53:00,LinkedIn,linkedin,cpc,LinkedIn_B2B,/product,590,desktop
SES_812324,USR_01461,2024-02-14 03:17:00,Google_Search,google,cpc,GSearch_Brand,/home,762,mobile
SES_401196,USR_01462,2024-02-16 07:01:00,Google_Search,google,cpc,GSearch_Generic,/product,266,tablet
SES_235699,USR_01462,2024-02-14 14:33:00,LinkedIn,,cpc,LinkedIn_B2B,/blog,205,tablet
SES_976793,USR_01462,2024-02-14 15:36:00,Google_Search,google,cpc,GSearch_Brand,/home,761,mobile
SES_530801,USR_01463,2024-02-01 05:37:00,TikTok,tiktok,cpc,TikTok_Promo,/pricing,784,tablet
SES_904911,USR_01463,2024-02-03 17:48:00,Meta_Facebook,facebook,cpc,FB_Lookalike,/signup,640,desktop
SES_388432,USR_01463,2024-02-06 00:35:00,TikTok,tiktok,cpc,TikTok_Promo,/product,30,tablet
SES_296805,USR_01464,2024-01-06 03:46:00,Meta_Facebook,facebook,cpc,FB_Retargeting,/pricing,463,desktop
SES_307415,USR_01464,2024-01-08 13:11:00,Meta_Facebook,facebook,cpc,FB_Lookalike,/blog,179,desktop
SES_572355,USR_01464,2024-01-11 14:12:00,Email,email,email,Email_Retention,/blog,773,tablet
SES_392933,USR_01464,2024-01-08 13:10:00,TikTok,tiktok,cpc,TikTok_Video1,/blog,193,mobile
SES_441239,USR_01465,2024-01-24 05:46:00,Google_Search,google,cpc,GSearch_Competitor,/product,252,desktop
SES_839646,USR_01465,2024-01-21 09:58:00,Meta_Facebook,facebook,cpc,FB_Lookalike,/signup,73,tablet
SES_718935,USR_01466,2024-02-09 04:16:00,Google_Search,google,cpc,GSearch_Generic,/signup,408,desktop
SES_465379,USR_01467,2024-01-07 01:17:00,TikTok,tiktok,cpc,TikTok_Video1,/about,190,tablet
SES_306308,USR_01467,2024-01-07 10:35:00,Google_Search,google,cpc,GSearch_Generic,/signup,861,tablet
SES_710806,USR_01467,2024-01-07 11:50:00,Google_Search,google,cpc,GSearch_Competitor,/blog,111,tablet
SES_456807,USR_01467,2024-01-04 17:30:00,Meta_Facebook,facebook,cpc,FB_Retargeting,/pricing,614,desktop
SES_832055,USR_01468,2024-03-08 21:12:00,Meta_Facebook,facebook,cpc,FB_Lookalike,/home,35,desktop
SES_418243,USR_01469,2024-03-18 16:52:00,Email,email,email,Email_Welcome,/pricing,433,tablet
SES_381938,USR_01470,2024-02-13 17:15:00,LinkedIn,linkedin,cpc,LinkedIn_Lead,/checkout,405,tablet
SES_699131,USR_01470,2024-02-12 04:42:00,Email,email,email,Email_Welcome,/signup,172,desktop
SES_486906,USR_01470,2024-02-06 20:42:00,LinkedIn,linkedin,cpc,LinkedIn_Lead,/checkout,300,tablet
SES_472335,USR_01470,2024-02-07 23:26:00,LinkedIn,linkedin,cpc,LinkedIn_B2B,/product,699,desktop
SES_127441,USR_01471,2024-01-25 20:59:00,TikTok,tiktok,cpc,TikTok_Promo,/blog,877,desktop
SES_379588,USR_01472,2024-02-16 05:53:00,Meta_Facebook,facebook,cpc,FB_Retargeting,/pricing,892,desktop
SES_247044,USR_01473,2024-01-20 13:40:00,Meta_Facebook,facebook,cpc,FB_Lookalike,/home,332,mobile
SES_903671,USR_01473,2024-01-24 06:30:00,Email,email,email,Email_Retention,/home,383,mobile
SES_531239,USR_01474,2024-01-26 17:15:00,Google_Search,google,cpc,GSearch_Brand,/checkout,60,tablet
SES_481105,USR_01474,2024-01-30 05:47:00,Google_Search,google,cpc,GSearch_Brand,/signup,819,desktop
SES_555989,USR_01474,2024-01-29 14:41:00,TikTok,tiktok,cpc,TikTok_Promo,/checkout,714,desktop
SES_589349,USR_01475,2024-02-08 21:47:00,Meta_Facebook,facebook,cpc,FB_Awareness,/home,501,tablet
SES_408622,USR_01475,2024-02-07 09:33:00,LinkedIn,linkedin,cpc,LinkedIn_B2B,/signup,39,desktop
SES_874783,USR_01475,2024-02-12 16:30:00,TikTok,tiktok,cpc,TikTok_Promo,/pricing,763,tablet
SES_917126,USR_01476,2024-01-08 23:03:00,Google_Search,google,cpc,GSearch_Brand,/about,203,tablet
SES_730141,USR_01477,2024-01-14 06:01:00,Organic,organic,organic,Organic_SEO,/checkout,454,desktop
SES_142048,USR_01477,2024-01-10 21:54:00,Email,email,email,Email_Welcome,/pricing,731,mobile
SES_647559,USR_01478,2024-01-09 16:29:00,Meta_Facebook,facebook,cpc,FB_Retargeting,/blog,354,mobile
SES_221385,USR_01479,2024-02-23 08:07:00,LinkedIn,linkedin,cpc,LinkedIn_Lead,/pricing,564,mobile
SES_226291,USR_01479,2024-02-28 08:46:00,Organic,organic,organic,Organic_Direct,/product,498,desktop
SES_507142,USR_01479,2024-02-23 03:06:00,TikTok,tiktok,cpc,TikTok_Video1,/pricing,155,mobile
SES_987168,USR_01479,2024-02-24 03:16:00,Organic,organic,organic,Organic_Direct,/product,799,desktop
SES_441433,USR_01480,2024-01-29 00:40:00,Google_Search,google,cpc,GSearch_Generic,/pricing,744,desktop
SES_137783,USR_01480,2024-01-27 15:12:00,Organic,organic,organic,Organic_Direct,/about,106,mobile
SES_779425,USR_01480,2024-01-27 09:20:00,Google_Search,google,cpc,,/signup,771,tablet
SES_929601,USR_01480,2024-01-27 01:47:00,Meta_Facebook,facebook,cpc,FB_Retargeting,/blog,468,tablet
SES_203950,USR_01480,2024-01-27 21:00:00,Meta_Facebook,facebook,cpc,FB_Retargeting,/blog,783,tablet
SES_381951,USR_01481,2024-03-17 01:01:00,LinkedIn,linkedin,cpc,LinkedIn_B2B,/signup,639,tablet
SES_841649,USR_01481,2024-03-15 03:50:00,Google_Search,google,cpc,GSearch_Competitor,/blog,168,tablet
SES_180608,USR_01481,2024-03-16 10:45:00,Meta_Facebook,facebook,cpc,FB_Lookalike,/blog,293,tablet
SES_446844,USR_01481,2024-03-16 01:09:00,Email,email,email,Email_Promo,/about,466,desktop
SES_724130,USR_01481,2024-03-16 12:53:00,Meta_Facebook,facebook,cpc,FB_Awareness,/about,315,tablet
SES_832785,USR_01482,2024-01-11 14:09:00,Meta_Facebook,facebook,cpc,FB_Retargeting,/signup,307,mobile
SES_577643,USR_01483,2024-03-02 14:32:00,Meta_Facebook,facebook,cpc,FB_Awareness,/home,41,desktop
SES_763804,USR_01484,2024-03-08 11:05:00,Google_Search,google,cpc,GSearch_Brand,/checkout,741,mobile
SES_361040,USR_01485,2024-01-18 13:24:00,Meta_Facebook,,cpc,FB_Retargeting,/home,878,tablet
SES_258365,USR_01485,2024-01-19 18:51:00,TikTok,,cpc,TikTok_Video1,/pricing,781,mobile
SES_714914,USR_01486,2024-02-24 13:49:00,Google_Search,google,cpc,GSearch_Competitor,/home,119,mobile
SES_289298,USR_01486,2024-02-22 21:41:00,Google_Search,google,cpc,GSearch_Brand,/checkout,518,desktop
SES_316827,USR_01487,2024-02-03 06:52:00,Google_Search,google,cpc,GSearch_Competitor,/blog,639,tablet
SES_617185,USR_01487,2024-02-02 13:00:00,Google_Search,google,cpc,GSearch_Generic,/signup,763,desktop
SES_971868,USR_01487,2024-02-02 01:43:00,Google_Search,,cpc,,/blog,84,tablet
SES_825448,USR_01487,2024-01-31 22:37:00,Google_Search,google,cpc,GSearch_Competitor,/signup,547,mobile
SES_885182,USR_01488,2024-02-23 09:49:00,Organic,organic,organic,Organic_Direct,/home,894,mobile
SES_833128,USR_01488,2024-02-21 05:38:00,Google_Search,google,cpc,GSearch_Brand,/checkout,799,tablet
SES_629272,USR_01488,2024-02-17 03:47:00,Meta_Facebook,facebook,cpc,FB_Retargeting,/pricing,655,tablet
SES_198224,USR_01489,2024-02-29 14:28:00,Meta_Facebook,,cpc,FB_Awareness,/pricing,607,tablet
SES_124421,USR_01489,2024-02-23 22:42:00,Organic,organic,organic,Organic_Direct,/signup,71,desktop
SES_958285,USR_01490,2024-03-09 14:22:00,TikTok,tiktok,cpc,TikTok_Video1,/checkout,710,mobile
SES_686099,USR_01490,2024-03-06 12:02:00,TikTok,tiktok,cpc,TikTok_Video1,/product,627,mobile
SES_514853,USR_01491,2024-03-02 15:23:00,Google_Search,google,cpc,GSearch_Generic,/signup,238,desktop
SES_617789,USR_01491,2024-02-25 09:12:00,Email,email,email,Email_Welcome,/blog,169,desktop
SES_849948,USR_01492,2024-03-08 00:13:00,Google_Search,google,cpc,GSearch_Generic,/about,582,mobile
SES_259620,USR_01493,2024-01-15 07:16:00,Google_Search,google,cpc,,/home,862,desktop
SES_945822,USR_01494,2024-03-17 11:07:00,TikTok,tiktok,cpc,TikTok_Promo,/about,438,mobile
SES_150306,USR_01495,2024-01-10 08:14:00,Email,email,email,Email_Promo,/signup,634,desktop
SES_822953,USR_01495,2024-01-09 05:29:00,LinkedIn,linkedin,cpc,LinkedIn_Lead,/checkout,890,desktop
SES_930062,USR_01495,2024-01-05 01:10:00,Meta_Facebook,facebook,cpc,FB_Retargeting,/checkout,420,mobile
SES_856055,USR_01495,2024-01-05 10:37:00,Meta_Facebook,facebook,cpc,FB_Lookalike,/product,123,tablet
SES_755109,USR_01495,2024-01-08 18:57:00,Meta_Facebook,facebook,cpc,FB_Awareness,/product,900,mobile
SES_284785,USR_01496,2024-03-02 07:34:00,Meta_Facebook,facebook,cpc,FB_Awareness,/pricing,599,desktop
SES_867471,USR_01496,2024-03-04 22:54:00,Google_Search,google,cpc,GSearch_Competitor,/product,715,tablet
SES_750620,USR_01496,2024-03-05 01:32:00,Organic,organic,organic,Organic_Direct,/pricing,478,desktop
SES_890368,USR_01496,2024-03-01 06:06:00,LinkedIn,linkedin,cpc,LinkedIn_Lead,/blog,762,mobile
SES_722475,USR_01496,2024-03-02 05:41:00,Google_Search,,cpc,GSearch_Competitor,/about,580,desktop
SES_267404,USR_01497,2024-01-30 03:48:00,Meta_Facebook,,cpc,FB_Awareness,/signup,466,desktop
SES_547949,USR_01497,2024-02-01 10:32:00,LinkedIn,,cpc,,/blog,486,tablet
SES_704645,USR_01498,2024-02-11 06:35:00,LinkedIn,linkedin,cpc,LinkedIn_Lead,/signup,367,desktop
SES_118625,USR_01498,2024-02-09 22:14:00,TikTok,tiktok,cpc,TikTok_Promo,/blog,593,desktop
SES_731948,USR_01499,2024-03-11 00:33:00,LinkedIn,linkedin,cpc,LinkedIn_Lead,/home,293,desktop
SES_446807,USR_01499,2024-03-14 07:11:00,Organic,organic,organic,Organic_SEO,/checkout,599,tablet
SES_730114,USR_01500,2024-01-15 03:39:00,TikTok,,cpc,,/home,845,desktop
SES_845314,USR_01500,2024-01-17 20:51:00,Meta_Facebook,,cpc,FB_Retargeting,/product,274,desktop
SES_363685,USR_01501,2024-01-12 11:17:00,TikTok,tiktok,cpc,TikTok_Video1,/signup,119,tablet
SES_782208,USR_01501,2024-01-13 15:48:00,Google_Search,google,cpc,GSearch_Generic,/checkout,344,mobile
SES_148049,USR_01501,2024-01-15 06:38:00,Google_Search,google,cpc,GSearch_Generic,/pricing,875,tablet
SES_100614,USR_01502,2024-01-15 01:49:00,Meta_Facebook,facebook,cpc,FB_Lookalike,/pricing,224,tablet
SES_327831,USR_01503,2024-03-08 12:04:00,LinkedIn,linkedin,cpc,LinkedIn_B2B,/pricing,215,desktop
SES_555656,USR_01503,2024-03-09 23:14:00,Google_Search,google,cpc,GSearch_Generic,/product,660,desktop
SES_906714,USR_01503,2024-03-08 22:10:00,Meta_Facebook,facebook,cpc,FB_Retargeting,/checkout,300,tablet
SES_571441,USR_01504,2024-02-27 21:23:00,Meta_Facebook,facebook,cpc,FB_Retargeting,/checkout,537,desktop
SES_510009,USR_01504,2024-02-26 00:05:00,Google_Search,,cpc,GSearch_Generic,/about,715,desktop
SES_716742,USR_01505,2024-03-23 04:20:00,Meta_Facebook,,cpc,FB_Awareness,/about,722,tablet
SES_683910,USR_01506,2024-02-18 15:30:00,Email,email,email,Email_Promo,/about,421,desktop
SES_898917,USR_01506,2024-02-16 03:18:00,Google_Search,google,cpc,GSearch_Brand,/pricing,147,mobile
SES_952539,USR_01507,2024-02-04 20:49:00,LinkedIn,linkedin,cpc,LinkedIn_B2B,/about,380,mobile
SES_576342,USR_01507,2024-02-07 11:48:00,Organic,organic,organic,Organic_Direct,/pricing,379,tablet
SES_892708,USR_01507,2024-02-08 18:15:00,Google_Search,google,cpc,GSearch_Generic,/blog,489,desktop
SES_277744,USR_01507,2024-02-09 05:43:00,Meta_Facebook,facebook,cpc,FB_Lookalike,/home,622,desktop
SES_628825,USR_01508,2024-01-10 22:44:00,Google_Search,google,cpc,GSearch_Generic,/product,654,tablet
SES_910038,USR_01508,2024-01-05 22:55:00,Google_Search,google,cpc,GSearch_Competitor,/blog,198,desktop
SES_857799,USR_01508,2024-01-05 04:55:00,Google_Search,google,cpc,GSearch_Brand,/signup,561,desktop
SES_384603,USR_01508,2024-01-06 20:41:00,Email,email,email,Email_Promo,/signup,302,mobile
SES_988406,USR_01509,2024-01-24 05:51:00,Email,email,email,Email_Welcome,/pricing,92,mobile
SES_859181,USR_01510,2024-02-03 20:39:00,Meta_Facebook,facebook,cpc,FB_Lookalike,/checkout,601,tablet
SES_981542,USR_01510,2024-02-03 08:42:00,Meta_Facebook,facebook,cpc,FB_Lookalike,/product,529,mobile
SES_676581,USR_01510,2024-02-07 14:12:00,Meta_Facebook,facebook,cpc,FB_Lookalike,/about,830,tablet
SES_264479,USR_01510,2024-02-04 02:47:00,Meta_Facebook,facebook,cpc,FB_Lookalike,/about,246,desktop
SES_307081,USR_01510,2024-02-10 02:18:00,Email,email,email,Email_Welcome,/home,745,tablet
SES_544803,USR_01511,2024-01-11 05:19:00,Meta_Facebook,facebook,cpc,FB_Lookalike,/checkout,720,tablet
SES_280662,USR_01511,2024-01-16 23:04:00,TikTok,tiktok,cpc,TikTok_Promo,/blog,171,mobile
SES_678863,USR_01512,2024-03-02 13:28:00,Google_Search,google,cpc,GSearch_Generic,/home,733,desktop
SES_797921,USR_01512,2024-03-01 18:22:00,Meta_Facebook,,cpc,FB_Lookalike,/about,654,mobile
SES_430771,USR_01512,2024-03-05 04:38:00,Meta_Facebook,facebook,cpc,FB_Lookalike,/blog,86,mobile
SES_457688,USR_01513,2024-01-29 08:08:00,LinkedIn,linkedin,cpc,LinkedIn_B2B,/pricing,519,mobile
SES_289511,USR_01513,2024-01-26 02:35:00,Meta_Facebook,facebook,cpc,FB_Lookalike,/home,876,tablet
SES_572852,USR_01513,2024-01-30 00:27:00,Google_Search,google,cpc,GSearch_Brand,/about,513,tablet
SES_201912,USR_01513,2024-01-31 12:57:00,Organic,organic,organic,Organic_SEO,/signup,334,desktop
SES_465722,USR_01513,2024-01-28 10:00:00,TikTok,tiktok,cpc,TikTok_Video1,/signup,258,desktop
SES_414478,USR_01514,2024-02-03 22:25:00,Email,,email,Email_Welcome,/about,365,tablet
SES_698570,USR_01514,2024-02-02 14:30:00,Google_Search,google,cpc,GSearch_Competitor,/home,268,mobile
SES_305706,USR_01515,2024-01-06 05:02:00,Meta_Facebook,facebook,cpc,FB_Awareness,/home,302,mobile
SES_923763,USR_01515,2024-01-06 12:55:00,Meta_Facebook,facebook,cpc,FB_Lookalike,/about,660,tablet
SES_972834,USR_01515,2024-01-04 09:42:00,Meta_Facebook,facebook,cpc,FB_Lookalike,/pricing,766,desktop
SES_238713,USR_01515,2024-01-02 13:55:00,Google_Search,google,cpc,GSearch_Generic,/about,809,mobile
SES_708765,USR_01516,2024-01-18 09:09:00,Meta_Facebook,facebook,cpc,FB_Awareness,/blog,654,mobile
SES_322799,USR_01516,2024-01-19 20:48:00,Google_Search,google,cpc,GSearch_Brand,/signup,675,desktop
SES_162656,USR_01516,2024-01-18 18:37:00,Meta_Facebook,facebook,cpc,FB_Awareness,/checkout,242,tablet
SES_326000,USR_01516,2024-01-25 16:09:00,Google_Search,,cpc,GSearch_Brand,/checkout,636,tablet
SES_918943,USR_01516,2024-01-21 21:49:00,TikTok,tiktok,cpc,TikTok_Video1,/checkout,406,tablet
SES_163869,USR_01517,2024-02-15 23:40:00,Organic,organic,organic,Organic_SEO,/about,555,mobile
SES_442601,USR_01517,2024-02-11 21:44:00,Google_Search,google,cpc,,/pricing,460,tablet
SES_387527,USR_01517,2024-02-08 06:58:00,Google_Search,google,cpc,GSearch_Competitor,/product,456,mobile
SES_460744,USR_01518,2024-03-08 08:36:00,Google_Search,google,cpc,GSearch_Brand,/pricing,664,tablet
SES_725281,USR_01518,2024-03-06 12:53:00,TikTok,tiktok,cpc,TikTok_Promo,/blog,848,tablet
SES_613912,USR_01518,2024-03-04 20:26:00,TikTok,tiktok,cpc,TikTok_Video1,/pricing,746,tablet
SES_517248,USR_01519,2024-01-08 00:57:00,Organic,organic,organic,Organic_Direct,/blog,57,mobile
SES_964219,USR_01519,2024-01-09 21:13:00,Email,email,email,Email_Welcome,/checkout,456,mobile
SES_305112,USR_01520,2024-02-23 20:17:00,Google_Search,google,cpc,GSearch_Generic,/blog,534,mobile
SES_489665,USR_01520,2024-02-21 06:21:00,Google_Search,google,cpc,GSearch_Competitor,/product,853,tablet
SES_553035,USR_01520,2024-02-19 23:11:00,Meta_Facebook,facebook,cpc,FB_Retargeting,/pricing,723,tablet
SES_377588,USR_01520,2024-02-19 13:17:00,Email,email,email,Email_Promo,/blog,747,desktop
SES_320534,USR_01520,2024-02-24 05:45:00,Meta_Facebook,facebook,cpc,FB_Retargeting,/pricing,62,desktop
SES_694339,USR_01521,2024-02-08 03:40:00,Google_Search,google,cpc,GSearch_Competitor,/home,270,tablet
SES_754804,USR_01521,2024-02-08 21:23:00,TikTok,tiktok,cpc,TikTok_Promo,/product,104,tablet
SES_373847,USR_01521,2024-02-12 22:12:00,TikTok,tiktok,cpc,TikTok_Promo,/blog,296,mobile
SES_249870,USR_01521,2024-02-07 10:49:00,Google_Search,google,cpc,GSearch_Competitor,/signup,582,tablet
SES_574160,USR_01522,2024-03-05 15:13:00,TikTok,tiktok,cpc,,/signup,114,mobile
SES_773666,USR_01522,2024-03-02 22:19:00,Meta_Facebook,facebook,cpc,FB_Awareness,/blog,393,mobile
SES_942825,USR_01522,2024-03-02 06:16:00,Meta_Facebook,facebook,cpc,FB_Awareness,/home,770,tablet
SES_354546,USR_01523,2024-01-20 22:54:00,Google_Search,google,cpc,GSearch_Brand,/checkout,425,mobile
SES_959571,USR_01523,2024-01-23 11:19:00,Email,,email,Email_Welcome,/checkout,702,mobile
SES_860359,USR_01523,2024-01-18 18:18:00,TikTok,tiktok,cpc,TikTok_Promo,/checkout,363,mobile
SES_552317,USR_01524,2024-02-14 02:17:00,TikTok,tiktok,cpc,TikTok_Promo,/pricing,133,mobile
SES_227042,USR_01524,2024-02-18 10:09:00,Google_Search,google,cpc,GSearch_Brand,/blog,291,mobile
SES_422860,USR_01524,2024-02-18 16:14:00,Email,email,email,Email_Welcome,/product,286,tablet
SES_180106,USR_01525,2024-03-23 04:07:00,LinkedIn,linkedin,cpc,LinkedIn_B2B,/about,867,desktop
SES_844077,USR_01526,2024-02-09 06:14:00,Organic,,organic,Organic_SEO,/checkout,53,mobile
SES_509150,USR_01526,2024-02-14 20:29:00,Meta_Facebook,facebook,cpc,FB_Lookalike,/product,221,mobile
SES_395227,USR_01526,2024-02-11 12:57:00,Meta_Facebook,,cpc,FB_Lookalike,/product,209,tablet
SES_429024,USR_01526,2024-02-08 06:32:00,LinkedIn,linkedin,cpc,LinkedIn_Lead,/checkout,777,tablet
SES_864838,USR_01526,2024-02-08 08:10:00,Meta_Facebook,facebook,cpc,FB_Awareness,/blog,686,mobile
SES_189951,USR_01527,2024-03-13 00:44:00,Meta_Facebook,facebook,cpc,FB_Lookalike,/blog,532,mobile
SES_490784,USR_01527,2024-03-17 18:05:00,Google_Search,google,cpc,GSearch_Brand,/pricing,788,desktop
SES_474644,USR_01527,2024-03-11 22:50:00,Meta_Facebook,,cpc,FB_Lookalike,/pricing,201,tablet
SES_607420,USR_01527,2024-03-16 06:08:00,Google_Search,google,cpc,GSearch_Competitor,/blog,342,mobile
SES_269978,USR_01528,2024-03-15 00:57:00,Organic,organic,organic,Organic_SEO,/product,662,mobile
SES_779329,USR_01528,2024-03-15 07:46:00,Organic,organic,organic,Organic_Direct,/pricing,179,mobile
SES_356088,USR_01528,2024-03-12 03:18:00,TikTok,tiktok,cpc,TikTok_Promo,/pricing,810,desktop
SES_168516,USR_01529,2024-02-20 07:01:00,Google_Search,google,cpc,GSearch_Brand,/home,148,mobile
SES_187712,USR_01529,2024-02-20 09:15:00,Google_Search,google,cpc,GSearch_Generic,/about,687,desktop
SES_601662,USR_01530,2024-01-09 15:01:00,Meta_Facebook,facebook,cpc,FB_Awareness,/checkout,159,desktop
SES_596010,USR_01530,2024-01-04 19:37:00,LinkedIn,linkedin,cpc,LinkedIn_Lead,/checkout,560,desktop
SES_420570,USR_01530,2024-01-06 02:04:00,Meta_Facebook,facebook,cpc,FB_Awareness,/product,386,mobile
SES_276048,USR_01530,2024-01-11 22:28:00,TikTok,tiktok,cpc,TikTok_Promo,/checkout,442,mobile
SES_211106,USR_01530,2024-01-07 19:55:00,TikTok,tiktok,cpc,TikTok_Video1,/pricing,541,desktop
SES_926551,USR_01531,2024-02-17 15:52:00,Google_Search,,cpc,GSearch_Brand,/signup,38,tablet
SES_346907,USR_01532,2024-01-21 20:45:00,Organic,organic,organic,Organic_Direct,/product,245,tablet
SES_177993,USR_01532,2024-01-20 13:25:00,Email,email,email,Email_Welcome,/checkout,666,tablet
SES_610198,USR_01532,2024-01-26 01:31:00,Meta_Facebook,facebook,cpc,FB_Lookalike,/home,144,tablet
SES_575689,USR_01533,2024-03-20 04:15:00,Email,email,email,Email_Welcome,/blog,91,mobile
SES_520112,USR_01533,2024-03-22 00:11:00,Google_Search,google,cpc,GSearch_Competitor,/about,338,mobile
SES_935705,USR_01533,2024-03-18 16:34:00,Meta_Facebook,facebook,cpc,FB_Retargeting,/checkout,322,tablet
SES_584113,USR_01533,2024-03-21 20:35:00,LinkedIn,linkedin,cpc,LinkedIn_B2B,/about,384,mobile
SES_958933,USR_01533,2024-03-15 15:33:00,Meta_Facebook,facebook,cpc,FB_Awareness,/pricing,677,desktop
SES_731642,USR_01534,2024-01-07 08:10:00,Google_Search,google,cpc,GSearch_Generic,/pricing,344,mobile
SES_154693,USR_01534,2024-01-14 09:19:00,TikTok,tiktok,cpc,TikTok_Video1,/blog,803,desktop
SES_651637,USR_01534,2024-01-14 05:47:00,Google_Search,google,cpc,GSearch_Competitor,/about,764,desktop
SES_876842,USR_01535,2024-02-14 09:23:00,Meta_Facebook,facebook,cpc,FB_Awareness,/checkout,158,desktop
SES_771704,USR_01535,2024-02-10 16:53:00,TikTok,tiktok,cpc,TikTok_Video1,/signup,562,mobile
SES_451401,USR_01536,2024-03-01 08:40:00,Meta_Facebook,facebook,cpc,FB_Lookalike,/signup,678,desktop
SES_582640,USR_01536,2024-02-28 19:50:00,TikTok,tiktok,cpc,,/checkout,92,desktop
SES_320696,USR_01536,2024-03-01 00:01:00,TikTok,tiktok,cpc,TikTok_Promo,/home,526,mobile
SES_213710,USR_01537,2024-02-04 20:11:00,Google_Search,google,cpc,GSearch_Brand,/blog,671,tablet
SES_926402,USR_01538,2024-02-25 20:58:00,TikTok,,cpc,TikTok_Promo,/checkout,196,desktop
SES_436296,USR_01538,2024-02-19 04:59:00,Meta_Facebook,facebook,cpc,FB_Lookalike,/checkout,443,desktop
SES_629830,USR_01538,2024-02-20 23:08:00,LinkedIn,linkedin,cpc,LinkedIn_Lead,/signup,187,mobile
SES_525530,USR_01539,2024-01-17 01:29:00,Google_Search,google,cpc,GSearch_Brand,/product,415,desktop
SES_539744,USR_01539,2024-01-19 01:39:00,LinkedIn,linkedin,cpc,LinkedIn_B2B,/about,492,mobile
SES_222909,USR_01540,2024-01-27 23:36:00,Google_Search,google,cpc,GSearch_Competitor,/pricing,429,tablet
SES_863665,USR_01540,2024-01-25 11:02:00,LinkedIn,linkedin,cpc,,/about,611,desktop
SES_385768,USR_01540,2024-01-23 21:22:00,TikTok,tiktok,cpc,TikTok_Promo,/product,252,desktop
SES_128576,USR_01540,2024-01-26 01:50:00,TikTok,,cpc,TikTok_Promo,/checkout,204,mobile
SES_927825,USR_01541,2024-03-19 13:09:00,Meta_Facebook,,cpc,FB_Awareness,/product,220,mobile
SES_595742,USR_01541,2024-03-18 18:50:00,Google_Search,google,cpc,GSearch_Generic,/product,620,desktop
SES_383756,USR_01541,2024-03-13 21:50:00,Meta_Facebook,facebook,cpc,FB_Lookalike,/product,306,mobile
SES_928404,USR_01541,2024-03-15 21:02:00,Google_Search,google,cpc,GSearch_Brand,/about,498,mobile
SES_726472,USR_01541,2024-03-15 10:58:00,Google_Search,google,cpc,GSearch_Generic,/blog,610,mobile
SES_911338,USR_01542,2024-03-07 12:56:00,Google_Search,google,cpc,GSearch_Competitor,/checkout,686,desktop
SES_316649,USR_01542,2024-03-10 01:41:00,Organic,organic,organic,Organic_SEO,/pricing,206,tablet
SES_255132,USR_01542,2024-03-05 06:29:00,Organic,organic,organic,Organic_SEO,/about,373,mobile
SES_353917,USR_01542,2024-03-07 20:11:00,Google_Search,google,cpc,GSearch_Competitor,/pricing,315,tablet
SES_847538,USR_01543,2024-02-25 05:26:00,Meta_Facebook,facebook,cpc,FB_Lookalike,/home,435,tablet
SES_305927,USR_01543,2024-02-26 21:37:00,Meta_Facebook,facebook,cpc,FB_Lookalike,/blog,510,mobile
SES_504255,USR_01543,2024-02-23 19:53:00,Google_Search,google,cpc,GSearch_Generic,/checkout,806,mobile
SES_740383,USR_01543,2024-02-25 13:42:00,Meta_Facebook,,cpc,FB_Lookalike,/signup,694,tablet
SES_934879,USR_01543,2024-02-26 08:12:00,Google_Search,google,cpc,,/about,506,mobile
SES_533642,USR_01544,2024-03-26 05:15:00,Meta_Facebook,facebook,cpc,FB_Retargeting,/about,867,mobile
SES_947768,USR_01544,2024-03-24 12:00:00,Meta_Facebook,facebook,cpc,FB_Lookalike,/pricing,580,desktop
SES_284488,USR_01545,2024-01-11 05:43:00,Organic,organic,organic,Organic_Direct,/about,526,tablet
SES_732061,USR_01546,2024-01-16 22:10:00,Email,email,email,Email_Retention,/checkout,495,mobile
SES_989283,USR_01547,2024-01-16 19:09:00,TikTok,tiktok,cpc,TikTok_Video1,/pricing,282,tablet
SES_509219,USR_01547,2024-01-14 02:31:00,Google_Search,google,cpc,GSearch_Generic,/about,413,tablet
SES_481723,USR_01547,2024-01-17 16:57:00,Google_Search,google,cpc,GSearch_Competitor,/signup,562,mobile
SES_795093,USR_01547,2024-01-16 09:03:00,Meta_Facebook,facebook,cpc,FB_Lookalike,/blog,235,tablet
SES_468766,USR_01547,2024-01-13 20:36:00,Meta_Facebook,facebook,cpc,FB_Retargeting,/product,428,desktop
SES_717444,USR_01548,2024-02-27 11:26:00,TikTok,tiktok,cpc,,/pricing,274,mobile
SES_745831,USR_01548,2024-02-21 06:44:00,Google_Search,google,cpc,GSearch_Brand,/about,704,mobile
SES_346271,USR_01548,2024-02-25 07:28:00,Meta_Facebook,facebook,cpc,FB_Retargeting,/signup,119,desktop
SES_964045,USR_01548,2024-02-23 05:31:00,TikTok,tiktok,cpc,TikTok_Video1,/signup,612,mobile
SES_752320,USR_01548,2024-02-23 08:55:00,TikTok,tiktok,cpc,TikTok_Promo,/blog,365,desktop
SES_897812,USR_01549,2024-03-10 07:25:00,LinkedIn,linkedin,cpc,LinkedIn_B2B,/checkout,617,tablet
SES_936979,USR_01549,2024-03-07 16:05:00,Google_Search,,cpc,GSearch_Generic,/signup,661,desktop
SES_126691,USR_01550,2024-03-06 18:51:00,TikTok,tiktok,cpc,TikTok_Promo,/blog,868,mobile
SES_285592,USR_01550,2024-03-05 14:09:00,Google_Search,google,cpc,GSearch_Competitor,/pricing,826,desktop
SES_242696,USR_01550,2024-03-10 12:31:00,Email,email,email,Email_Welcome,/product,846,mobile
SES_465226,USR_01550,2024-03-12 07:09:00,Google_Search,google,cpc,GSearch_Brand,/pricing,81,mobile
SES_564089,USR_01550,2024-03-11 08:23:00,TikTok,tiktok,cpc,TikTok_Video1,/home,117,tablet
SES_410559,USR_01551,2024-02-14 18:50:00,Meta_Facebook,facebook,cpc,FB_Awareness,/pricing,138,mobile
SES_871171,USR_01551,2024-02-16 10:52:00,TikTok,tiktok,cpc,,/about,361,mobile
SES_813238,USR_01551,2024-02-19 02:32:00,Meta_Facebook,facebook,cpc,FB_Lookalike,/home,247,mobile
SES_844302,USR_01551,2024-02-13 02:34:00,Meta_Facebook,facebook,cpc,FB_Retargeting,/pricing,439,desktop
SES_633291,USR_01552,2024-01-13 10:57:00,Organic,organic,organic,Organic_Direct,/signup,94,desktop
SES_750171,USR_01552,2024-01-14 19:48:00,Email,email,email,Email_Promo,/blog,107,tablet
SES_876617,USR_01552,2024-01-13 05:08:00,Organic,organic,organic,Organic_Direct,/product,417,desktop
SES_873799,USR_01553,2024-03-19 08:12:00,TikTok,tiktok,cpc,TikTok_Promo,/checkout,287,mobile
SES_621615,USR_01553,2024-03-18 14:30:00,TikTok,tiktok,cpc,TikTok_Promo,/signup,308,tablet
SES_416165,USR_01553,2024-03-18 04:41:00,Google_Search,,cpc,GSearch_Brand,/home,859,tablet
SES_815627,USR_01554,2024-03-05 18:01:00,Organic,organic,organic,Organic_SEO,/product,293,desktop
SES_719625,USR_01554,2024-03-05 11:34:00,Google_Search,google,cpc,GSearch_Generic,/product,776,tablet
SES_206033,USR_01554,2024-03-07 00:19:00,Google_Search,google,cpc,GSearch_Competitor,/pricing,242,tablet
SES_311557,USR_01554,2024-03-07 21:45:00,Google_Search,google,cpc,GSearch_Brand,/pricing,260,mobile
SES_945579,USR_01554,2024-03-09 06:48:00,Organic,organic,organic,Organic_SEO,/pricing,297,desktop
SES_630484,USR_01555,2024-02-19 05:20:00,Email,email,email,Email_Welcome,/pricing,140,desktop
SES_239409,USR_01556,2024-03-12 18:41:00,TikTok,,cpc,TikTok_Video1,/blog,773,desktop
SES_418389,USR_01556,2024-03-15 11:29:00,LinkedIn,linkedin,cpc,LinkedIn_B2B,/home,720,tablet
SES_639205,USR_01556,2024-03-16 02:27:00,TikTok,tiktok,cpc,TikTok_Video1,/checkout,210,desktop
SES_360892,USR_01556,2024-03-14 23:26:00,TikTok,tiktok,cpc,TikTok_Video1,/pricing,132,mobile
SES_989929,USR_01557,2024-03-13 12:05:00,Google_Search,google,cpc,GSearch_Brand,/about,132,desktop
SES_607615,USR_01557,2024-03-07 21:50:00,Meta_Facebook,facebook,cpc,FB_Retargeting,/checkout,881,mobile
SES_734886,USR_01558,2024-03-02 11:15:00,Google_Search,google,cpc,,/signup,109,mobile
SES_997858,USR_01558,2024-03-02 00:42:00,Meta_Facebook,facebook,cpc,FB_Awareness,/checkout,427,tablet
SES_995533,USR_01558,2024-03-08 01:17:00,Google_Search,google,cpc,GSearch_Competitor,/home,597,desktop
SES_776187,USR_01558,2024-03-03 12:56:00,TikTok,tiktok,cpc,TikTok_Video1,/about,595,tablet
SES_916981,USR_01559,2024-02-16 03:38:00,TikTok,tiktok,cpc,,/signup,177,tablet
SES_938081,USR_01559,2024-02-15 00:16:00,Meta_Facebook,facebook,cpc,FB_Retargeting,/about,888,mobile
SES_385058,USR_01559,2024-02-16 01:14:00,Google_Search,google,cpc,GSearch_Competitor,/blog,507,mobile
SES_717565,USR_01559,2024-02-16 20:03:00,Meta_Facebook,facebook,cpc,FB_Lookalike,/blog,331,mobile
SES_528537,USR_01560,2024-01-22 21:46:00,Organic,organic,organic,Organic_SEO,/home,253,tablet
SES_299050,USR_01560,2024-01-22 03:13:00,TikTok,tiktok,cpc,TikTok_Video1,/product,662,tablet
SES_312517,USR_01560,2024-01-23 11:34:00,Meta_Facebook,facebook,cpc,FB_Retargeting,/checkout,729,tablet
SES_359243,USR_01561,2024-03-21 16:23:00,Email,email,email,Email_Promo,/blog,431,tablet
SES_337588,USR_01561,2024-03-22 15:44:00,Google_Search,google,cpc,GSearch_Competitor,/about,230,desktop
SES_221503,USR_01561,2024-03-26 13:23:00,Google_Search,,cpc,GSearch_Generic,/signup,247,tablet
SES_945979,USR_01562,2024-03-22 01:27:00,Meta_Facebook,facebook,cpc,FB_Retargeting,/checkout,611,tablet
SES_533067,USR_01562,2024-03-22 07:50:00,Meta_Facebook,facebook,cpc,FB_Awareness,/signup,92,tablet
SES_227298,USR_01562,2024-03-24 14:37:00,LinkedIn,linkedin,cpc,LinkedIn_Lead,/product,747,tablet
SES_174687,USR_01563,2024-01-30 11:16:00,Meta_Facebook,facebook,cpc,FB_Awareness,/pricing,769,mobile
SES_676974,USR_01563,2024-02-04 11:31:00,Meta_Facebook,facebook,cpc,FB_Lookalike,/pricing,63,desktop
SES_608439,USR_01563,2024-01-29 20:44:00,Organic,organic,organic,Organic_Direct,/about,839,mobile
SES_953929,USR_01564,2024-02-21 07:03:00,Organic,organic,organic,Organic_Direct,/about,838,tablet
SES_100485,USR_01564,2024-02-24 18:01:00,TikTok,tiktok,cpc,TikTok_Promo,/about,750,tablet
SES_394115,USR_01565,2024-01-17 13:06:00,Google_Search,google,cpc,GSearch_Brand,/pricing,773,mobile
SES_260369,USR_01565,2024-01-17 18:09:00,Google_Search,,cpc,,/product,83,tablet
SES_129758,USR_01565,2024-01-15 00:11:00,Email,email,email,Email_Welcome,/blog,734,desktop
SES_567420,USR_01566,2024-01-10 05:39:00,Meta_Facebook,facebook,cpc,FB_Lookalike,/blog,86,tablet
SES_129270,USR_01567,2024-02-22 08:39:00,Google_Search,google,cpc,GSearch_Generic,/about,383,desktop
SES_500740,USR_01567,2024-02-21 07:12:00,Meta_Facebook,facebook,cpc,FB_Awareness,/product,873,mobile
SES_144085,USR_01567,2024-02-21 06:45:00,Email,email,email,Email_Promo,/pricing,604,mobile
SES_151417,USR_01568,2024-03-14 12:42:00,Google_Search,,cpc,GSearch_Brand,/signup,838,desktop
SES_404776,USR_01569,2024-03-15 03:31:00,Google_Search,google,cpc,GSearch_Competitor,/checkout,525,tablet
SES_887419,USR_01569,2024-03-18 22:40:00,Google_Search,google,cpc,GSearch_Competitor,/home,806,tablet
SES_204723,USR_01569,2024-03-22 20:54:00,Google_Search,google,cpc,GSearch_Competitor,/blog,193,mobile
SES_494483,USR_01570,2024-01-09 14:40:00,TikTok,tiktok,cpc,TikTok_Video1,/checkout,563,mobile
SES_163696,USR_01570,2024-01-04 04:59:00,TikTok,tiktok,cpc,TikTok_Video1,/signup,271,tablet
SES_907775,USR_01570,2024-01-06 21:08:00,Email,email,email,Email_Retention,/signup,890,tablet
SES_424648,USR_01570,2024-01-08 08:42:00,Meta_Facebook,facebook,cpc,FB_Lookalike,/home,101,tablet
SES_361109,USR_01571,2024-02-18 18:36:00,Organic,organic,organic,Organic_Direct,/checkout,431,mobile
SES_375175,USR_01571,2024-02-18 19:09:00,Email,email,email,Email_Retention,/home,260,mobile
SES_124714,USR_01572,2024-02-15 20:12:00,Google_Search,google,cpc,GSearch_Brand,/blog,721,desktop
SES_346998,USR_01572,2024-02-21 18:40:00,Google_Search,google,cpc,GSearch_Generic,/signup,881,mobile
SES_644944,USR_01572,2024-02-14 05:28:00,Meta_Facebook,facebook,cpc,FB_Awareness,/about,357,mobile
SES_704485,USR_01572,2024-02-18 12:25:00,Meta_Facebook,facebook,cpc,FB_Retargeting,/blog,660,tablet
SES_176993,USR_01573,2024-02-05 00:43:00,Meta_Facebook,facebook,cpc,FB_Awareness,/home,679,tablet
SES_425103,USR_01573,2024-02-05 15:38:00,TikTok,tiktok,cpc,TikTok_Promo,/product,34,desktop
SES_588885,USR_01574,2024-01-13 00:12:00,Google_Search,google,cpc,GSearch_Competitor,/checkout,167,mobile
SES_157306,USR_01574,2024-01-09 04:22:00,LinkedIn,linkedin,cpc,LinkedIn_Lead,/signup,287,tablet
SES_106539,USR_01574,2024-01-11 22:17:00,TikTok,tiktok,cpc,TikTok_Video1,/home,770,mobile
SES_888932,USR_01575,2024-03-05 19:29:00,Meta_Facebook,,cpc,FB_Retargeting,/product,639,desktop
SES_552270,USR_01575,2024-03-10 06:29:00,Meta_Facebook,facebook,cpc,FB_Lookalike,/home,689,mobile
SES_289459,USR_01576,2024-03-24 05:22:00,LinkedIn,linkedin,cpc,,/home,508,desktop
SES_272210,USR_01576,2024-03-24 15:18:00,Meta_Facebook,facebook,cpc,FB_Awareness,/about,194,mobile
SES_689003,USR_01576,2024-03-21 05:40:00,Google_Search,google,cpc,GSearch_Generic,/blog,406,desktop
SES_860609,USR_01576,2024-03-23 10:54:00,Meta_Facebook,facebook,cpc,FB_Retargeting,/blog,63,tablet
SES_897970,USR_01577,2024-02-12 14:27:00,Google_Search,google,cpc,GSearch_Generic,/signup,230,desktop
SES_471084,USR_01577,2024-02-10 17:27:00,Meta_Facebook,facebook,cpc,FB_Lookalike,/pricing,539,desktop
SES_104692,USR_01577,2024-02-14 10:07:00,TikTok,tiktok,cpc,TikTok_Promo,/blog,446,desktop
SES_393654,USR_01577,2024-02-08 10:04:00,Meta_Facebook,facebook,cpc,FB_Awareness,/home,413,tablet
SES_532883,USR_01577,2024-02-08 16:29:00,Meta_Facebook,facebook,cpc,FB_Retargeting,/home,347,mobile
SES_864916,USR_01578,2024-02-09 17:03:00,Organic,organic,organic,,/signup,825,desktop
SES_331076,USR_01578,2024-02-09 16:45:00,Meta_Facebook,facebook,cpc,FB_Retargeting,/signup,868,mobile
SES_587258,USR_01578,2024-02-08 10:00:00,Google_Search,google,cpc,GSearch_Generic,/signup,847,tablet
SES_215242,USR_01578,2024-02-05 05:49:00,Google_Search,google,cpc,GSearch_Competitor,/signup,862,mobile
SES_982796,USR_01579,2024-01-04 04:57:00,TikTok,tiktok,cpc,TikTok_Promo,/about,417,mobile
SES_586576,USR_01579,2024-01-07 08:37:00,Organic,organic,organic,Organic_SEO,/signup,512,tablet
SES_444778,USR_01579,2024-01-03 08:23:00,Meta_Facebook,facebook,cpc,FB_Retargeting,/signup,854,tablet
SES_338079,USR_01579,2024-01-05 10:32:00,LinkedIn,linkedin,cpc,LinkedIn_Lead,/signup,706,desktop
SES_898810,USR_01579,2024-01-03 20:41:00,Meta_Facebook,facebook,cpc,FB_Lookalike,/blog,759,desktop
SES_699095,USR_01580,2024-01-25 22:02:00,TikTok,,cpc,TikTok_Promo,/home,591,mobile
SES_183424,USR_01580,2024-01-25 09:57:00,TikTok,tiktok,cpc,TikTok_Promo,/blog,463,mobile
SES_801970,USR_01581,2024-02-24 00:18:00,TikTok,tiktok,cpc,TikTok_Video1,/checkout,799,desktop
SES_780357,USR_01581,2024-03-01 08:03:00,TikTok,tiktok,cpc,TikTok_Video1,/home,897,tablet
SES_404985,USR_01582,2024-03-26 11:38:00,Meta_Facebook,facebook,cpc,FB_Awareness,/checkout,309,mobile
SES_408709,USR_01582,2024-03-20 02:56:00,Google_Search,google,cpc,GSearch_Generic,/blog,221,tablet
SES_564457,USR_01582,2024-03-25 05:20:00,Meta_Facebook,,cpc,FB_Awareness,/pricing,65,tablet
SES_580255,USR_01583,2024-02-10 11:53:00,Meta_Facebook,facebook,cpc,FB_Retargeting,/about,807,desktop
SES_497487,USR_01583,2024-02-09 21:57:00,Organic,organic,organic,Organic_Direct,/home,728,desktop
SES_897378,USR_01583,2024-02-10 11:52:00,Organic,organic,organic,Organic_Direct,/home,205,tablet
SES_477518,USR_01584,2024-03-15 18:53:00,Meta_Facebook,facebook,cpc,FB_Awareness,/pricing,581,mobile
SES_987660,USR_01584,2024-03-19 04:56:00,Meta_Facebook,facebook,cpc,FB_Retargeting,/product,455,tablet
SES_364060,USR_01584,2024-03-13 19:01:00,Email,email,email,Email_Promo,/about,51,tablet
SES_953809,USR_01585,2024-03-10 02:42:00,Google_Search,google,cpc,GSearch_Brand,/product,57,tablet
SES_215005,USR_01585,2024-03-08 10:49:00,Meta_Facebook,facebook,cpc,FB_Awareness,/about,240,tablet
SES_543675,USR_01586,2024-03-21 06:13:00,Email,email,email,Email_Retention,/about,397,tablet
SES_596555,USR_01586,2024-03-21 22:33:00,TikTok,tiktok,cpc,TikTok_Video1,/about,32,mobile
SES_935056,USR_01586,2024-03-18 15:39:00,TikTok,tiktok,cpc,TikTok_Video1,/pricing,714,mobile
SES_563651,USR_01587,2024-01-27 00:42:00,Google_Search,google,cpc,GSearch_Brand,/about,806,mobile
SES_357619,USR_01587,2024-01-28 23:32:00,Meta_Facebook,facebook,cpc,FB_Lookalike,/about,807,tablet
SES_632142,USR_01588,2024-03-07 04:11:00,Google_Search,google,cpc,GSearch_Brand,/home,342,desktop
SES_916109,USR_01589,2024-02-10 17:06:00,Email,email,email,Email_Welcome,/about,291,tablet
SES_801094,USR_01589,2024-02-12 10:39:00,Meta_Facebook,facebook,cpc,FB_Retargeting,/blog,47,mobile
SES_622781,USR_01589,2024-02-09 01:45:00,Meta_Facebook,facebook,cpc,FB_Retargeting,/home,582,tablet
SES_389166,USR_01589,2024-02-10 06:16:00,Email,email,email,Email_Welcome,/home,259,mobile
SES_946040,USR_01589,2024-02-12 20:05:00,LinkedIn,linkedin,cpc,LinkedIn_Lead,/about,258,mobile
SES_185666,USR_01590,2024-02-15 20:56:00,Google_Search,google,cpc,GSearch_Competitor,/pricing,189,tablet
SES_185284,USR_01590,2024-02-21 02:24:00,TikTok,tiktok,cpc,TikTok_Promo,/about,38,tablet
SES_380838,USR_01591,2024-02-25 00:29:00,Google_Search,google,cpc,GSearch_Brand,/signup,823,tablet
SES_259767,USR_01592,2024-02-29 18:08:00,LinkedIn,linkedin,cpc,LinkedIn_Lead,/home,804,tablet
SES_209967,USR_01592,2024-02-28 07:17:00,Email,,email,Email_Promo,/pricing,650,desktop
SES_965344,USR_01592,2024-03-01 16:18:00,Google_Search,google,cpc,GSearch_Brand,/blog,629,tablet
SES_871003,USR_01592,2024-02-29 19:28:00,Meta_Facebook,facebook,cpc,FB_Awareness,/product,390,desktop
SES_231648,USR_01593,2024-01-19 21:06:00,Google_Search,google,cpc,GSearch_Generic,/about,886,desktop
SES_952816,USR_01593,2024-01-25 12:20:00,Google_Search,google,cpc,GSearch_Generic,/home,320,desktop
SES_641916,USR_01593,2024-01-23 02:51:00,Meta_Facebook,facebook,cpc,FB_Awareness,/pricing,786,desktop
SES_660087,USR_01593,2024-01-21 21:51:00,Meta_Facebook,facebook,cpc,FB_Awareness,/about,335,desktop
SES_685215,USR_01594,2024-01-06 09:09:00,Email,email,email,Email_Promo,/home,273,tablet
SES_623501,USR_01594,2024-01-04 10:16:00,Google_Search,google,cpc,GSearch_Generic,/blog,254,tablet
SES_914949,USR_01594,2024-01-06 14:47:00,Meta_Facebook,facebook,cpc,FB_Lookalike,/home,400,desktop
SES_101572,USR_01595,2024-01-25 22:13:00,Google_Search,google,cpc,GSearch_Generic,/signup,569,tablet
SES_289192,USR_01595,2024-01-24 07:55:00,Google_Search,google,cpc,GSearch_Brand,/signup,496,mobile
SES_151691,USR_01596,2024-03-01 21:03:00,Organic,organic,organic,Organic_Direct,/signup,469,mobile
SES_201681,USR_01597,2024-02-07 00:33:00,Organic,organic,organic,Organic_SEO,/pricing,572,mobile
SES_923738,USR_01597,2024-02-07 05:26:00,Meta_Facebook,facebook,cpc,FB_Awareness,/product,192,mobile
SES_683818,USR_01598,2024-03-22 16:22:00,Email,email,email,Email_Promo,/signup,549,tablet
SES_383397,USR_01598,2024-03-19 05:35:00,Meta_Facebook,facebook,cpc,FB_Retargeting,/home,538,tablet
SES_310212,USR_01598,2024-03-21 21:58:00,Google_Search,,cpc,GSearch_Competitor,/blog,793,tablet
SES_810085,USR_01598,2024-03-23 14:45:00,Meta_Facebook,facebook,cpc,FB_Lookalike,/home,817,tablet
SES_692557,USR_01598,2024-03-25 21:13:00,Google_Search,google,cpc,GSearch_Brand,/product,328,mobile
SES_899950,USR_01599,2024-01-26 14:14:00,Email,email,email,Email_Retention,/home,415,mobile
SES_787167,USR_01599,2024-01-29 21:31:00,Google_Search,google,cpc,GSearch_Competitor,/signup,204,desktop
SES_609544,USR_01599,2024-01-30 03:57:00,Meta_Facebook,facebook,cpc,FB_Retargeting,/product,115,mobile
SES_216902,USR_01600,2024-03-10 18:32:00,Organic,,organic,Organic_SEO,/signup,864,tablet
SES_753772,USR_01600,2024-03-06 11:11:00,Meta_Facebook,facebook,cpc,FB_Retargeting,/home,481,desktop
SES_911832,USR_01600,2024-03-05 18:29:00,Meta_Facebook,facebook,cpc,FB_Awareness,/about,548,tablet
SES_150663,USR_01601,2024-01-20 01:23:00,Meta_Facebook,facebook,cpc,FB_Retargeting,/pricing,333,mobile
SES_232598,USR_01601,2024-01-16 07:06:00,Meta_Facebook,,cpc,FB_Lookalike,/about,170,desktop
SES_504682,USR_01601,2024-01-21 13:48:00,Meta_Facebook,facebook,cpc,,/blog,387,desktop
SES_572937,USR_01602,2024-02-07 20:52:00,Organic,organic,organic,Organic_SEO,/signup,123,tablet
SES_337892,USR_01602,2024-02-04 01:59:00,Email,email,email,Email_Promo,/product,139,mobile
SES_597632,USR_01602,2024-02-01 04:21:00,Meta_Facebook,facebook,cpc,FB_Retargeting,/signup,145,mobile
SES_155278,USR_01603,2024-03-17 04:24:00,LinkedIn,linkedin,cpc,LinkedIn_B2B,/product,268,desktop
SES_684050,USR_01603,2024-03-17 23:59:00,Meta_Facebook,facebook,cpc,FB_Lookalike,/product,722,desktop
SES_838055,USR_01604,2024-01-22 21:17:00,Meta_Facebook,facebook,cpc,FB_Lookalike,/about,415,mobile
SES_724078,USR_01604,2024-01-21 01:13:00,Meta_Facebook,facebook,cpc,FB_Retargeting,/about,376,mobile
SES_368055,USR_01605,2024-02-08 13:27:00,Email,email,email,Email_Welcome,/about,423,tablet
SES_418905,USR_01605,2024-02-08 20:28:00,Google_Search,google,cpc,GSearch_Competitor,/blog,42,desktop
SES_408538,USR_01605,2024-02-11 23:48:00,Organic,organic,organic,Organic_Direct,/product,738,mobile
SES_658262,USR_01606,2024-03-23 01:24:00,Google_Search,google,cpc,GSearch_Brand,/pricing,264,desktop
SES_404140,USR_01606,2024-03-18 16:39:00,TikTok,,cpc,TikTok_Promo,/about,257,mobile
SES_345945,USR_01606,2024-03-18 18:38:00,Meta_Facebook,facebook,cpc,FB_Retargeting,/pricing,219,mobile
SES_809457,USR_01607,2024-02-14 23:16:00,Email,,email,Email_Promo,/product,890,tablet
SES_943680,USR_01608,2024-03-19 16:15:00,LinkedIn,linkedin,cpc,,/pricing,569,tablet
SES_547908,USR_01608,2024-03-24 08:20:00,Email,email,email,Email_Retention,/pricing,678,tablet
SES_898197,USR_01608,2024-03-26 22:30:00,Meta_Facebook,facebook,cpc,FB_Awareness,/pricing,166,desktop
SES_323342,USR_01608,2024-03-23 12:33:00,Organic,organic,organic,Organic_SEO,/product,846,desktop
SES_164729,USR_01609,2024-02-25 22:56:00,TikTok,tiktok,cpc,TikTok_Promo,/about,565,tablet
SES_343866,USR_01609,2024-02-27 01:48:00,Organic,organic,organic,Organic_Direct,/blog,139,desktop
SES_915507,USR_01609,2024-02-21 19:16:00,Meta_Facebook,facebook,cpc,FB_Lookalike,/pricing,140,mobile
SES_773720,USR_01610,2024-01-31 18:39:00,Email,email,email,Email_Promo,/blog,188,desktop
SES_108854,USR_01610,2024-02-03 23:09:00,Google_Search,google,cpc,,/checkout,845,tablet
SES_940545,USR_01610,2024-02-03 17:54:00,Email,email,email,Email_Retention,/about,389,desktop
SES_494548,USR_01610,2024-01-29 02:14:00,Meta_Facebook,,cpc,FB_Retargeting,/checkout,676,mobile
SES_751981,USR_01610,2024-01-30 15:10:00,Google_Search,google,cpc,GSearch_Generic,/checkout,607,tablet
SES_506433,USR_01611,2024-01-10 18:49:00,Google_Search,google,cpc,GSearch_Generic,/checkout,257,mobile
SES_135507,USR_01611,2024-01-14 07:45:00,Google_Search,google,cpc,GSearch_Brand,/about,58,tablet
SES_159846,USR_01611,2024-01-17 17:29:00,Google_Search,google,cpc,GSearch_Generic,/about,848,tablet
SES_933255,USR_01612,2024-03-04 04:28:00,Organic,organic,organic,Organic_SEO,/pricing,654,mobile
SES_519130,USR_01612,2024-03-08 20:38:00,Meta_Facebook,,cpc,,/checkout,864,desktop
SES_325876,USR_01613,2024-02-07 04:23:00,Google_Search,google,cpc,GSearch_Competitor,/checkout,721,tablet
SES_103389,USR_01613,2024-02-13 16:58:00,Meta_Facebook,facebook,cpc,FB_Retargeting,/pricing,835,mobile
SES_106470,USR_01613,2024-02-14 04:48:00,Google_Search,,cpc,,/product,165,tablet
SES_743875,USR_01613,2024-02-08 01:20:00,Google_Search,google,cpc,GSearch_Generic,/home,895,tablet
SES_928067,USR_01614,2024-01-17 08:46:00,LinkedIn,linkedin,cpc,LinkedIn_B2B,/blog,144,mobile
SES_215221,USR_01615,2024-03-06 09:39:00,TikTok,tiktok,cpc,,/pricing,111,mobile
SES_480425,USR_01615,2024-03-06 03:36:00,Google_Search,google,cpc,GSearch_Brand,/about,293,mobile
SES_213820,USR_01615,2024-03-05 02:57:00,Meta_Facebook,facebook,cpc,FB_Lookalike,/signup,526,mobile
SES_723972,USR_01615,2024-03-02 12:20:00,Email,email,email,Email_Promo,/pricing,66,mobile
SES_441415,USR_01616,2024-01-22 08:40:00,Email,email,email,Email_Retention,/blog,81,desktop
SES_408700,USR_01616,2024-01-28 04:16:00,Organic,,organic,Organic_Direct,/checkout,815,mobile
SES_585433,USR_01616,2024-01-27 20:20:00,Google_Search,google,cpc,GSearch_Generic,/pricing,545,desktop
SES_316382,USR_01617,2024-01-19 19:51:00,Google_Search,,cpc,GSearch_Brand,/checkout,163,mobile
SES_867597,USR_01617,2024-01-19 14:17:00,Google_Search,google,cpc,GSearch_Competitor,/pricing,560,mobile
SES_304789,USR_01617,2024-01-18 19:03:00,Meta_Facebook,facebook,cpc,FB_Lookalike,/home,884,desktop
SES_510420,USR_01617,2024-01-22 14:48:00,Google_Search,google,cpc,GSearch_Competitor,/signup,477,mobile
SES_739572,USR_01618,2024-02-18 19:04:00,TikTok,tiktok,cpc,TikTok_Promo,/checkout,72,desktop
SES_443561,USR_01618,2024-02-25 08:53:00,Google_Search,google,cpc,GSearch_Generic,/pricing,683,tablet
SES_223771,USR_01618,2024-02-22 07:44:00,LinkedIn,linkedin,cpc,LinkedIn_Lead,/signup,678,desktop
SES_710285,USR_01618,2024-02-19 06:40:00,Meta_Facebook,facebook,cpc,FB_Lookalike,/signup,208,tablet
SES_944967,USR_01618,2024-02-25 14:49:00,LinkedIn,linkedin,cpc,LinkedIn_B2B,/about,466,desktop
SES_403711,USR_01619,2024-03-13 13:44:00,Google_Search,google,cpc,GSearch_Generic,/pricing,380,tablet
SES_129270,USR_01619,2024-03-13 04:41:00,TikTok,tiktok,cpc,,/home,900,desktop
SES_690827,USR_01619,2024-03-12 09:22:00,Meta_Facebook,facebook,cpc,FB_Lookalike,/product,597,tablet
SES_356582,USR_01620,2024-01-30 06:22:00,Organic,organic,organic,Organic_Direct,/about,457,tablet
SES_803431,USR_01620,2024-01-30 11:19:00,Organic,organic,organic,Organic_Direct,/blog,679,mobile
SES_515990,USR_01621,2024-01-29 02:50:00,Google_Search,google,cpc,GSearch_Brand,/blog,109,desktop
SES_182822,USR_01622,2024-03-02 11:47:00,Google_Search,google,cpc,GSearch_Generic,/signup,571,mobile
SES_386603,USR_01622,2024-03-08 05:35:00,Email,,email,Email_Welcome,/home,145,desktop
SES_167324,USR_01622,2024-03-09 12:12:00,Email,email,email,Email_Promo,/blog,489,tablet
SES_923726,USR_01622,2024-03-07 04:07:00,Google_Search,google,cpc,GSearch_Generic,/signup,851,desktop
SES_331693,USR_01623,2024-01-06 00:02:00,Google_Search,google,cpc,GSearch_Competitor,/product,500,desktop
SES_568156,USR_01624,2024-01-18 20:26:00,TikTok,tiktok,cpc,TikTok_Promo,/checkout,223,tablet
SES_272974,USR_01624,2024-01-18 12:51:00,Email,email,email,Email_Retention,/about,457,tablet
SES_339791,USR_01625,2024-01-14 19:32:00,Meta_Facebook,facebook,cpc,FB_Retargeting,/signup,517,mobile
SES_240538,USR_01625,2024-01-17 18:14:00,Google_Search,google,cpc,GSearch_Brand,/home,843,desktop
SES_863167,USR_01626,2024-02-19 16:55:00,Google_Search,google,cpc,GSearch_Brand,/checkout,94,desktop
SES_723973,USR_01626,2024-02-25 10:58:00,Meta_Facebook,facebook,cpc,FB_Awareness,/pricing,82,desktop
SES_407041,USR_01626,2024-02-22 15:56:00,TikTok,tiktok,cpc,TikTok_Promo,/pricing,166,tablet
SES_691314,USR_01627,2024-03-04 17:37:00,TikTok,tiktok,cpc,TikTok_Promo,/blog,212,mobile
SES_393146,USR_01627,2024-03-06 04:07:00,Meta_Facebook,facebook,cpc,FB_Awareness,/home,39,mobile
SES_977477,USR_01627,2024-03-06 15:28:00,TikTok,tiktok,cpc,TikTok_Promo,/blog,359,desktop
SES_463220,USR_01627,2024-03-07 14:45:00,Google_Search,google,cpc,,/blog,589,desktop
SES_325394,USR_01627,2024-03-08 07:36:00,Organic,organic,organic,Organic_Direct,/pricing,850,mobile
SES_790767,USR_01628,2024-01-07 05:55:00,TikTok,tiktok,cpc,TikTok_Promo,/checkout,408,desktop
SES_265798,USR_01629,2024-03-06 09:23:00,TikTok,tiktok,cpc,TikTok_Video1,/blog,766,desktop
SES_566519,USR_01629,2024-02-28 11:07:00,Google_Search,google,cpc,GSearch_Brand,/about,273,tablet
SES_230371,USR_01630,2024-02-19 10:05:00,Meta_Facebook,facebook,cpc,FB_Lookalike,/pricing,469,tablet
SES_173312,USR_01630,2024-02-20 14:59:00,Meta_Facebook,facebook,cpc,FB_Awareness,/home,266,desktop
SES_159145,USR_01631,2024-02-02 11:50:00,Email,email,email,Email_Retention,/signup,315,tablet
SES_740587,USR_01631,2024-01-30 13:50:00,Meta_Facebook,facebook,cpc,FB_Retargeting,/pricing,233,tablet
SES_775406,USR_01631,2024-01-31 19:39:00,Email,,email,Email_Promo,/product,592,desktop
SES_446569,USR_01631,2024-02-04 03:20:00,TikTok,tiktok,cpc,TikTok_Video1,/product,436,tablet
SES_884996,USR_01631,2024-02-04 11:02:00,LinkedIn,linkedin,cpc,LinkedIn_B2B,/signup,423,desktop
SES_996808,USR_01632,2024-03-17 23:25:00,TikTok,tiktok,cpc,TikTok_Video1,/blog,367,tablet
SES_315441,USR_01632,2024-03-20 03:49:00,Google_Search,google,cpc,GSearch_Generic,/home,119,desktop
SES_505631,USR_01632,2024-03-22 23:53:00,LinkedIn,linkedin,cpc,,/product,131,tablet
SES_357455,USR_01632,2024-03-16 13:15:00,Meta_Facebook,facebook,cpc,,/product,266,tablet
SES_791195,USR_01632,2024-03-21 02:27:00,LinkedIn,linkedin,cpc,LinkedIn_Lead,/signup,392,desktop
SES_640604,USR_01633,2024-01-26 14:05:00,Email,email,email,Email_Retention,/checkout,716,desktop
SES_104169,USR_01634,2024-02-12 14:41:00,Organic,organic,organic,Organic_Direct,/pricing,831,desktop
SES_407758,USR_01634,2024-02-14 13:52:00,LinkedIn,linkedin,cpc,LinkedIn_Lead,/signup,796,desktop
SES_283523,USR_01634,2024-02-08 11:14:00,Meta_Facebook,facebook,cpc,FB_Retargeting,/signup,834,mobile
SES_820897,USR_01634,2024-02-13 16:52:00,Google_Search,google,cpc,GSearch_Generic,/about,443,mobile
SES_124356,USR_01634,2024-02-14 14:46:00,Organic,organic,organic,Organic_SEO,/about,467,desktop
SES_149548,USR_01635,2024-02-24 13:32:00,Google_Search,google,cpc,GSearch_Generic,/blog,449,desktop
SES_780011,USR_01636,2024-01-29 22:16:00,Meta_Facebook,facebook,cpc,FB_Lookalike,/home,214,tablet
SES_397306,USR_01636,2024-01-31 16:54:00,Google_Search,google,cpc,GSearch_Generic,/product,355,tablet
SES_819740,USR_01636,2024-02-02 04:00:00,Google_Search,google,cpc,GSearch_Brand,/blog,529,mobile
SES_809888,USR_01637,2024-03-24 18:40:00,Meta_Facebook,facebook,cpc,FB_Awareness,/checkout,178,desktop
SES_740000,USR_01637,2024-03-22 17:30:00,TikTok,tiktok,cpc,TikTok_Video1,/blog,161,mobile
SES_587961,USR_01637,2024-03-27 23:23:00,Meta_Facebook,facebook,cpc,FB_Retargeting,/about,461,tablet
SES_560887,USR_01637,2024-03-21 21:53:00,Google_Search,google,cpc,GSearch_Brand,/pricing,797,mobile
SES_744531,USR_01638,2024-02-24 07:10:00,Meta_Facebook,facebook,cpc,FB_Retargeting,/blog,139,desktop
SES_310675,USR_01638,2024-02-28 02:13:00,Meta_Facebook,,cpc,FB_Awareness,/home,896,tablet
SES_879964,USR_01639,2024-02-10 15:43:00,Google_Search,google,cpc,GSearch_Generic,/about,849,mobile
SES_487862,USR_01639,2024-02-12 02:05:00,Meta_Facebook,facebook,cpc,FB_Retargeting,/signup,561,mobile
SES_501995,USR_01639,2024-02-12 06:38:00,Meta_Facebook,facebook,cpc,FB_Lookalike,/home,496,mobile
SES_533489,USR_01639,2024-02-14 05:34:00,Google_Search,google,cpc,GSearch_Generic,/home,785,mobile
SES_112976,USR_01640,2024-01-19 22:30:00,LinkedIn,linkedin,cpc,LinkedIn_B2B,/pricing,636,desktop
SES_833842,USR_01640,2024-01-23 10:19:00,Meta_Facebook,facebook,cpc,FB_Lookalike,/checkout,289,tablet
SES_791560,USR_01640,2024-01-18 05:06:00,Google_Search,google,cpc,GSearch_Generic,/signup,160,desktop
SES_468428,USR_01641,2024-03-13 01:13:00,Organic,organic,organic,Organic_Direct,/signup,96,desktop
SES_838851,USR_01641,2024-03-07 21:26:00,Google_Search,google,cpc,GSearch_Competitor,/pricing,739,desktop
SES_407395,USR_01641,2024-03-12 15:56:00,TikTok,tiktok,cpc,TikTok_Video1,/about,110,mobile
SES_829899,USR_01642,2024-01-14 20:15:00,Meta_Facebook,facebook,cpc,FB_Retargeting,/pricing,881,mobile
SES_865810,USR_01642,2024-01-12 23:39:00,Meta_Facebook,facebook,cpc,FB_Lookalike,/about,461,desktop
SES_541446,USR_01642,2024-01-17 15:40:00,Meta_Facebook,facebook,cpc,FB_Retargeting,/home,271,tablet
SES_988034,USR_01643,2024-02-03 03:02:00,Meta_Facebook,facebook,cpc,FB_Awareness,/signup,783,tablet
SES_898926,USR_01643,2024-02-01 03:33:00,Google_Search,google,cpc,GSearch_Generic,/product,751,mobile
SES_635971,USR_01644,2024-02-01 05:30:00,Google_Search,google,cpc,GSearch_Competitor,/checkout,730,mobile
SES_558377,USR_01645,2024-01-28 12:25:00,Email,email,email,Email_Welcome,/pricing,476,tablet
SES_929089,USR_01645,2024-01-31 16:31:00,Google_Search,google,cpc,GSearch_Competitor,/checkout,687,tablet
SES_624886,USR_01645,2024-02-02 20:45:00,Meta_Facebook,facebook,cpc,FB_Awareness,/checkout,533,tablet
SES_727878,USR_01645,2024-01-31 02:29:00,Meta_Facebook,facebook,cpc,FB_Awareness,/blog,892,desktop
SES_698808,USR_01646,2024-01-09 11:06:00,Organic,organic,organic,Organic_SEO,/home,581,tablet
SES_511547,USR_01646,2024-01-12 16:54:00,Organic,organic,organic,Organic_Direct,/about,585,tablet
SES_949610,USR_01646,2024-01-13 10:03:00,Google_Search,google,cpc,GSearch_Brand,/checkout,263,mobile
SES_276579,USR_01646,2024-01-14 01:46:00,Organic,,organic,Organic_Direct,/about,446,desktop
SES_558482,USR_01647,2024-02-01 01:15:00,Meta_Facebook,facebook,cpc,FB_Awareness,/checkout,675,tablet
SES_853401,USR_01648,2024-01-10 18:30:00,Meta_Facebook,facebook,cpc,FB_Awareness,/home,338,desktop
SES_250447,USR_01648,2024-01-13 22:48:00,Meta_Facebook,facebook,cpc,FB_Lookalike,/blog,489,desktop
SES_305689,USR_01648,2024-01-17 10:19:00,Meta_Facebook,facebook,cpc,FB_Retargeting,/checkout,358,desktop
SES_877033,USR_01648,2024-01-11 06:59:00,Organic,organic,organic,Organic_SEO,/checkout,554,tablet
SES_152977,USR_01649,2024-02-13 01:33:00,Google_Search,google,cpc,GSearch_Brand,/signup,369,tablet
SES_810312,USR_01649,2024-02-08 14:02:00,Meta_Facebook,facebook,cpc,FB_Retargeting,/product,444,tablet
SES_956948,USR_01650,2024-01-27 20:09:00,LinkedIn,linkedin,cpc,LinkedIn_B2B,/pricing,94,desktop
SES_966517,USR_01650,2024-01-31 12:10:00,Google_Search,google,cpc,GSearch_Competitor,/signup,106,desktop
SES_772966,USR_01650,2024-01-31 19:11:00,TikTok,tiktok,cpc,TikTok_Promo,/home,65,mobile
SES_457200,USR_01651,2024-01-25 02:57:00,Email,email,email,Email_Retention,/about,815,desktop
SES_184072,USR_01651,2024-01-18 07:09:00,LinkedIn,linkedin,cpc,LinkedIn_Lead,/pricing,733,mobile
SES_775150,USR_01651,2024-01-22 20:20:00,TikTok,tiktok,cpc,TikTok_Video1,/home,654,desktop
SES_544714,USR_01651,2024-01-24 10:59:00,Google_Search,google,cpc,GSearch_Brand,/checkout,574,tablet
SES_887244,USR_01652,2024-03-11 14:29:00,Google_Search,google,cpc,GSearch_Brand,/home,722,desktop
SES_995766,USR_01652,2024-03-06 22:41:00,Google_Search,google,cpc,GSearch_Competitor,/signup,649,mobile
SES_888643,USR_01652,2024-03-12 15:40:00,Meta_Facebook,facebook,cpc,FB_Awareness,/home,31,mobile
SES_420952,USR_01652,2024-03-07 10:11:00,TikTok,tiktok,cpc,TikTok_Promo,/about,547,desktop
SES_141930,USR_01653,2024-01-01 13:50:00,Google_Search,google,cpc,GSearch_Competitor,/pricing,463,desktop
SES_534751,USR_01653,2024-01-05 17:41:00,LinkedIn,linkedin,cpc,LinkedIn_B2B,/checkout,873,desktop
SES_856755,USR_01654,2024-03-13 18:09:00,TikTok,tiktok,cpc,,/product,417,tablet
SES_484878,USR_01654,2024-03-12 11:47:00,Meta_Facebook,facebook,cpc,FB_Retargeting,/signup,532,tablet
SES_505297,USR_01654,2024-03-11 10:13:00,LinkedIn,linkedin,cpc,LinkedIn_Lead,/home,623,mobile
SES_629813,USR_01654,2024-03-10 03:14:00,LinkedIn,linkedin,cpc,,/product,183,mobile
SES_271575,USR_01654,2024-03-11 13:25:00,Organic,,organic,Organic_Direct,/pricing,800,mobile
SES_775595,USR_01655,2024-01-05 14:14:00,Email,email,email,Email_Promo,/home,323,tablet
SES_789636,USR_01655,2024-01-03 08:31:00,TikTok,tiktok,cpc,TikTok_Promo,/about,468,mobile
SES_162273,USR_01655,2024-01-04 15:04:00,Organic,organic,organic,Organic_SEO,/home,80,mobile
SES_726856,USR_01656,2024-02-16 19:53:00,Google_Search,google,cpc,GSearch_Competitor,/about,657,desktop
SES_312930,USR_01656,2024-02-13 07:32:00,TikTok,tiktok,cpc,TikTok_Video1,/product,771,mobile
SES_935156,USR_01656,2024-02-17 12:33:00,Email,email,email,Email_Retention,/blog,839,tablet
SES_664681,USR_01657,2024-02-15 03:58:00,Organic,organic,organic,Organic_SEO,/about,386,mobile
SES_732511,USR_01657,2024-02-16 22:40:00,Google_Search,google,cpc,GSearch_Brand,/blog,271,desktop
SES_648163,USR_01658,2024-03-06 00:24:00,LinkedIn,linkedin,cpc,LinkedIn_Lead,/blog,291,tablet
SES_285083,USR_01658,2024-03-09 19:58:00,Google_Search,google,cpc,GSearch_Brand,/signup,828,tablet
SES_261754,USR_01658,2024-03-08 13:42:00,Google_Search,google,cpc,GSearch_Generic,/checkout,474,mobile
SES_565857,USR_01658,2024-03-04 17:54:00,Email,email,email,Email_Promo,/about,483,tablet
SES_738377,USR_01658,2024-03-06 01:22:00,LinkedIn,,cpc,LinkedIn_Lead,/checkout,620,desktop
SES_144987,USR_01659,2024-02-28 21:27:00,Google_Search,google,cpc,GSearch_Generic,/product,292,mobile
SES_683117,USR_01659,2024-03-02 22:30:00,Google_Search,google,cpc,GSearch_Competitor,/about,222,desktop
SES_743942,USR_01659,2024-03-01 17:52:00,Google_Search,google,cpc,GSearch_Competitor,/about,802,desktop
SES_595507,USR_01660,2024-01-30 05:16:00,TikTok,tiktok,cpc,TikTok_Video1,/about,442,mobile
SES_648821,USR_01661,2024-03-16 10:02:00,Meta_Facebook,facebook,cpc,FB_Retargeting,/home,506,mobile
SES_650157,USR_01661,2024-03-15 00:01:00,Email,email,email,Email_Retention,/blog,666,tablet
SES_922218,USR_01661,2024-03-17 22:17:00,Meta_Facebook,facebook,cpc,FB_Awareness,/checkout,846,desktop
SES_425540,USR_01661,2024-03-11 16:48:00,Organic,organic,organic,Organic_SEO,/about,795,mobile
SES_401042,USR_01661,2024-03-16 10:15:00,LinkedIn,linkedin,cpc,LinkedIn_Lead,/about,891,desktop
SES_701748,USR_01662,2024-03-19 19:40:00,Google_Search,google,cpc,GSearch_Brand,/about,497,mobile
SES_497266,USR_01662,2024-03-15 23:43:00,Google_Search,google,cpc,GSearch_Competitor,/home,804,desktop
SES_242408,USR_01662,2024-03-16 14:49:00,Google_Search,,cpc,GSearch_Brand,/pricing,789,mobile
SES_558119,USR_01662,2024-03-20 22:36:00,Email,email,email,Email_Retention,/product,580,tablet
SES_681004,USR_01662,2024-03-13 12:41:00,Email,email,email,Email_Welcome,/blog,723,mobile
SES_157318,USR_01663,2024-02-26 00:25:00,Google_Search,google,cpc,GSearch_Brand,/blog,818,tablet
SES_713859,USR_01664,2024-02-19 21:10:00,Meta_Facebook,facebook,cpc,FB_Lookalike,/signup,177,desktop
SES_200575,USR_01665,2024-02-15 09:47:00,Organic,organic,organic,Organic_Direct,/blog,659,desktop
SES_702504,USR_01665,2024-02-14 11:41:00,LinkedIn,linkedin,cpc,LinkedIn_B2B,/home,487,desktop
SES_555031,USR_01665,2024-02-13 18:20:00,Google_Search,google,cpc,GSearch_Brand,/blog,72,desktop
SES_956941,USR_01666,2024-02-20 06:26:00,TikTok,,cpc,TikTok_Video1,/home,696,mobile
SES_166947,USR_01667,2024-03-14 14:52:00,Google_Search,google,cpc,GSearch_Competitor,/product,55,tablet
SES_388772,USR_01667,2024-03-13 10:08:00,TikTok,tiktok,cpc,TikTok_Video1,/blog,481,tablet
SES_918742,USR_01668,2024-03-24 20:11:00,Google_Search,google,cpc,GSearch_Competitor,/blog,323,mobile
SES_154722,USR_01668,2024-03-23 17:59:00,Google_Search,google,cpc,GSearch_Competitor,/product,791,mobile
SES_672839,USR_01668,2024-03-19 11:47:00,Google_Search,,cpc,GSearch_Generic,/blog,610,desktop
SES_385569,USR_01668,2024-03-23 00:38:00,Google_Search,,cpc,GSearch_Competitor,/signup,277,tablet
SES_295818,USR_01668,2024-03-24 15:41:00,Meta_Facebook,facebook,cpc,FB_Lookalike,/signup,82,tablet
SES_260616,USR_01669,2024-02-09 07:01:00,Meta_Facebook,,cpc,FB_Lookalike,/signup,834,tablet
SES_423729,USR_01669,2024-02-02 08:40:00,Email,email,email,Email_Promo,/about,140,desktop
SES_805469,USR_01669,2024-02-02 23:14:00,Email,email,email,Email_Welcome,/pricing,83,desktop
SES_970289,USR_01670,2024-03-26 11:01:00,Email,email,email,Email_Promo,/pricing,662,mobile
SES_702394,USR_01670,2024-03-26 06:52:00,TikTok,tiktok,cpc,TikTok_Promo,/signup,517,tablet
SES_259346,USR_01670,2024-03-24 18:53:00,TikTok,tiktok,cpc,TikTok_Promo,/blog,72,tablet
SES_913740,USR_01670,2024-03-24 18:46:00,Meta_Facebook,,cpc,FB_Retargeting,/about,857,mobile
SES_174707,USR_01671,2024-01-16 09:11:00,Google_Search,google,cpc,GSearch_Generic,/pricing,721,tablet
SES_151571,USR_01671,2024-01-19 04:27:00,Google_Search,,cpc,GSearch_Brand,/checkout,456,tablet
SES_679039,USR_01671,2024-01-18 03:50:00,Google_Search,google,cpc,GSearch_Generic,/product,837,mobile
SES_270373,USR_01671,2024-01-16 07:31:00,TikTok,,cpc,TikTok_Video1,/blog,816,mobile
SES_289448,USR_01671,2024-01-19 16:28:00,Meta_Facebook,facebook,cpc,FB_Retargeting,/pricing,678,mobile
SES_135727,USR_01672,2024-02-28 23:42:00,Meta_Facebook,facebook,cpc,FB_Awareness,/pricing,597,mobile
SES_466659,USR_01672,2024-02-23 22:48:00,Google_Search,google,cpc,GSearch_Generic,/product,587,mobile
SES_197024,USR_01672,2024-02-28 10:17:00,Meta_Facebook,facebook,cpc,FB_Lookalike,/product,731,tablet
SES_847030,USR_01673,2024-02-29 08:39:00,TikTok,tiktok,cpc,TikTok_Video1,/checkout,139,desktop
SES_409290,USR_01673,2024-02-29 08:27:00,Meta_Facebook,facebook,cpc,FB_Awareness,/about,124,tablet
SES_976151,USR_01673,2024-03-04 13:58:00,Google_Search,,cpc,,/pricing,454,mobile
SES_799449,USR_01674,2024-02-26 10:15:00,Meta_Facebook,facebook,cpc,FB_Lookalike,/signup,679,tablet
SES_750871,USR_01674,2024-02-26 11:39:00,Google_Search,google,cpc,GSearch_Generic,/blog,76,mobile
SES_207250,USR_01674,2024-02-23 13:11:00,Google_Search,google,cpc,GSearch_Brand,/product,420,desktop
SES_779612,USR_01674,2024-02-24 12:06:00,Meta_Facebook,facebook,cpc,FB_Lookalike,/pricing,424,mobile
SES_791228,USR_01675,2024-03-10 11:48:00,Meta_Facebook,facebook,cpc,FB_Awareness,/product,235,mobile
SES_462291,USR_01675,2024-03-12 13:07:00,Google_Search,,cpc,GSearch_Brand,/signup,141,desktop
SES_421616,USR_01675,2024-03-07 14:53:00,Google_Search,google,cpc,GSearch_Competitor,/blog,837,mobile
SES_945496,USR_01675,2024-03-14 23:07:00,Google_Search,google,cpc,GSearch_Brand,/about,811,desktop
SES_463063,USR_01675,2024-03-08 16:34:00,TikTok,tiktok,cpc,TikTok_Promo,/pricing,712,tablet
SES_813875,USR_01676,2024-01-27 15:19:00,Google_Search,google,cpc,GSearch_Competitor,/home,570,desktop
SES_599827,USR_01676,2024-01-30 04:36:00,Meta_Facebook,facebook,cpc,FB_Retargeting,/checkout,459,mobile
SES_949359,USR_01676,2024-02-02 01:24:00,Meta_Facebook,facebook,cpc,FB_Lookalike,/home,548,mobile
SES_373364,USR_01677,2024-02-05 10:20:00,Meta_Facebook,facebook,cpc,FB_Retargeting,/home,629,tablet
SES_552974,USR_01677,2024-02-05 07:19:00,Google_Search,google,cpc,GSearch_Generic,/blog,287,mobile
SES_972410,USR_01677,2024-02-04 20:42:00,Organic,organic,organic,,/about,287,tablet
SES_984105,USR_01678,2024-02-12 05:01:00,Meta_Facebook,facebook,cpc,FB_Retargeting,/home,868,desktop
SES_413303,USR_01679,2024-03-20 02:22:00,Google_Search,google,cpc,GSearch_Competitor,/about,263,mobile
SES_192935,USR_01679,2024-03-26 06:17:00,Meta_Facebook,facebook,cpc,FB_Awareness,/home,674,desktop
SES_605332,USR_01679,2024-03-20 20:06:00,Google_Search,google,cpc,GSearch_Brand,/checkout,336,desktop
SES_824117,USR_01679,2024-03-20 20:22:00,Meta_Facebook,,cpc,FB_Lookalike,/pricing,574,mobile
SES_723658,USR_01680,2024-03-06 12:27:00,Meta_Facebook,facebook,cpc,FB_Retargeting,/checkout,109,tablet
SES_171914,USR_01680,2024-03-03 12:52:00,Meta_Facebook,facebook,cpc,FB_Retargeting,/blog,348,tablet
SES_124323,USR_01680,2024-03-05 19:38:00,Email,email,email,Email_Retention,/home,496,mobile
SES_347571,USR_01680,2024-03-07 00:42:00,LinkedIn,linkedin,cpc,LinkedIn_Lead,/home,416,tablet
SES_744532,USR_01680,2024-03-03 01:32:00,Google_Search,google,cpc,GSearch_Competitor,/home,888,tablet
SES_350776,USR_01681,2024-02-02 22:08:00,Google_Search,google,cpc,GSearch_Brand,/signup,497,mobile
SES_998741,USR_01681,2024-02-01 10:03:00,Google_Search,google,cpc,GSearch_Generic,/pricing,881,mobile
SES_150408,USR_01681,2024-02-01 08:29:00,Organic,organic,organic,Organic_Direct,/product,395,mobile
SES_483833,USR_01681,2024-02-04 08:37:00,Email,email,email,Email_Welcome,/product,83,desktop
SES_809934,USR_01682,2024-03-20 21:22:00,Email,email,email,Email_Promo,/signup,659,tablet
SES_164942,USR_01682,2024-03-19 22:01:00,Google_Search,,cpc,GSearch_Generic,/blog,605,tablet
SES_786529,USR_01683,2024-01-28 22:15:00,Google_Search,google,cpc,GSearch_Brand,/home,426,desktop
SES_540285,USR_01683,2024-01-22 09:45:00,LinkedIn,linkedin,cpc,LinkedIn_B2B,/home,686,mobile
SES_233343,USR_01683,2024-01-26 17:48:00,Organic,organic,organic,,/checkout,618,tablet
SES_584965,USR_01683,2024-01-23 19:58:00,Google_Search,google,cpc,GSearch_Competitor,/blog,222,tablet
SES_166895,USR_01684,2024-02-14 20:30:00,Meta_Facebook,facebook,cpc,FB_Awareness,/pricing,527,desktop
SES_429970,USR_01684,2024-02-12 03:10:00,TikTok,tiktok,cpc,TikTok_Promo,/blog,896,tablet
SES_527652,USR_01684,2024-02-15 13:22:00,Organic,organic,organic,Organic_SEO,/signup,494,mobile
SES_174854,USR_01684,2024-02-13 07:14:00,Google_Search,,cpc,GSearch_Brand,/checkout,808,tablet
SES_374434,USR_01684,2024-02-17 05:04:00,Meta_Facebook,facebook,cpc,FB_Retargeting,/pricing,324,tablet
SES_691289,USR_01685,2024-02-02 16:33:00,Google_Search,google,cpc,GSearch_Generic,/checkout,673,mobile
SES_258010,USR_01685,2024-02-03 11:55:00,Email,email,email,Email_Welcome,/pricing,250,mobile
SES_167177,USR_01685,2024-01-31 11:04:00,Organic,organic,organic,Organic_SEO,/about,230,tablet
SES_924473,USR_01685,2024-02-01 13:34:00,LinkedIn,linkedin,cpc,,/checkout,617,tablet
SES_598938,USR_01685,2024-01-30 10:26:00,Organic,organic,organic,Organic_Direct,/home,47,tablet
SES_850509,USR_01686,2024-01-10 04:13:00,Email,email,email,Email_Welcome,/blog,376,desktop
SES_300309,USR_01687,2024-01-24 04:35:00,Email,email,email,Email_Promo,/pricing,295,mobile
SES_882794,USR_01688,2024-01-19 04:07:00,Meta_Facebook,facebook,cpc,FB_Retargeting,/pricing,300,desktop
SES_437481,USR_01688,2024-01-20 03:53:00,Organic,organic,organic,,/blog,432,desktop
SES_182261,USR_01688,2024-01-24 21:07:00,Meta_Facebook,facebook,cpc,FB_Awareness,/checkout,391,tablet
SES_840570,USR_01689,2024-01-29 21:25:00,Meta_Facebook,facebook,cpc,FB_Lookalike,/product,375,desktop
SES_839979,USR_01690,2024-02-23 06:05:00,Google_Search,google,cpc,GSearch_Competitor,/home,379,desktop
SES_205063,USR_01690,2024-02-24 11:18:00,TikTok,tiktok,cpc,TikTok_Video1,/pricing,376,mobile
SES_760605,USR_01690,2024-03-01 12:00:00,Organic,organic,organic,Organic_Direct,/product,250,desktop
SES_745848,USR_01691,2024-02-06 17:27:00,Organic,,organic,Organic_SEO,/blog,651,mobile
SES_696620,USR_01691,2024-02-11 12:36:00,Google_Search,google,cpc,GSearch_Competitor,/blog,651,tablet
SES_229322,USR_01691,2024-02-09 20:36:00,TikTok,tiktok,cpc,TikTok_Video1,/pricing,605,tablet
SES_187526,USR_01691,2024-02-13 19:44:00,Google_Search,google,cpc,GSearch_Brand,/checkout,38,mobile
SES_644957,USR_01692,2024-02-08 12:57:00,Meta_Facebook,facebook,cpc,FB_Retargeting,/product,493,mobile
SES_629210,USR_01692,2024-02-12 18:38:00,Google_Search,google,cpc,,/about,448,desktop
SES_503921,USR_01693,2024-03-01 05:58:00,Email,email,email,Email_Retention,/home,90,tablet
SES_983292,USR_01693,2024-03-02 14:13:00,Meta_Facebook,facebook,cpc,FB_Retargeting,/signup,658,desktop
SES_456424,USR_01693,2024-03-01 11:28:00,TikTok,tiktok,cpc,TikTok_Promo,/about,97,tablet
SES_583339,USR_01693,2024-02-25 10:36:00,Organic,organic,organic,Organic_SEO,/about,72,tablet
SES_447855,USR_01693,2024-03-01 16:19:00,Meta_Facebook,facebook,cpc,FB_Awareness,/product,291,mobile
SES_462405,USR_01694,2024-01-17 22:55:00,TikTok,tiktok,cpc,TikTok_Promo,/blog,473,mobile
SES_212707,USR_01694,2024-01-19 17:02:00,Google_Search,google,cpc,GSearch_Brand,/checkout,309,mobile
SES_475676,USR_01695,2024-03-21 01:35:00,Meta_Facebook,facebook,cpc,FB_Lookalike,/pricing,44,tablet
SES_269394,USR_01695,2024-03-21 19:44:00,LinkedIn,linkedin,cpc,LinkedIn_Lead,/about,254,desktop
SES_574202,USR_01695,2024-03-24 04:20:00,Google_Search,google,cpc,GSearch_Brand,/checkout,303,tablet
SES_859062,USR_01695,2024-03-23 12:00:00,TikTok,tiktok,cpc,TikTok_Video1,/signup,326,mobile
SES_389875,USR_01695,2024-03-24 04:23:00,Google_Search,google,cpc,GSearch_Brand,/checkout,272,tablet
SES_553518,USR_01696,2024-03-13 16:54:00,LinkedIn,linkedin,cpc,LinkedIn_B2B,/product,49,tablet
SES_921396,USR_01696,2024-03-09 12:24:00,Meta_Facebook,facebook,cpc,FB_Awareness,/home,295,mobile
SES_898857,USR_01696,2024-03-08 14:37:00,TikTok,,cpc,,/checkout,45,tablet
SES_970996,USR_01696,2024-03-14 21:20:00,TikTok,tiktok,cpc,TikTok_Promo,/blog,109,mobile
SES_467301,USR_01697,2024-02-16 06:15:00,Google_Search,,cpc,GSearch_Generic,/about,642,desktop
SES_590431,USR_01697,2024-02-13 15:58:00,Meta_Facebook,facebook,cpc,FB_Retargeting,/pricing,593,desktop
SES_137202,USR_01697,2024-02-15 21:07:00,LinkedIn,linkedin,cpc,LinkedIn_B2B,/pricing,265,mobile
SES_501393,USR_01697,2024-02-16 18:58:00,Google_Search,google,cpc,GSearch_Brand,/signup,455,desktop
SES_195880,USR_01698,2024-02-03 19:26:00,Google_Search,,cpc,GSearch_Brand,/blog,262,tablet
SES_553359,USR_01698,2024-02-06 06:05:00,Organic,organic,organic,Organic_Direct,/pricing,339,mobile
SES_784867,USR_01698,2024-02-02 09:44:00,TikTok,tiktok,cpc,TikTok_Video1,/blog,150,mobile
SES_959646,USR_01698,2024-02-03 22:24:00,Meta_Facebook,facebook,cpc,FB_Lookalike,/about,538,mobile
SES_416126,USR_01699,2024-02-25 10:10:00,Meta_Facebook,facebook,cpc,FB_Awareness,/product,557,tablet
SES_636361,USR_01699,2024-02-23 21:20:00,Google_Search,google,cpc,GSearch_Generic,/checkout,221,tablet
SES_430599,USR_01700,2024-03-01 17:15:00,LinkedIn,linkedin,cpc,LinkedIn_Lead,/checkout,256,desktop
SES_506388,USR_01700,2024-02-29 09:00:00,Google_Search,google,cpc,GSearch_Competitor,/about,325,mobile
SES_180003,USR_01700,2024-02-29 10:17:00,Google_Search,google,cpc,GSearch_Competitor,/home,189,desktop
SES_450243,USR_01700,2024-03-02 00:06:00,Organic,,organic,Organic_SEO,/about,231,mobile
SES_364966,USR_01700,2024-03-05 03:55:00,TikTok,tiktok,cpc,TikTok_Video1,/home,721,desktop
SES_260208,USR_01701,2024-02-24 23:04:00,Google_Search,google,cpc,GSearch_Generic,/product,445,desktop
SES_779344,USR_01701,2024-02-23 15:39:00,Organic,organic,organic,Organic_SEO,/about,520,tablet
SES_843708,USR_01702,2024-02-26 06:00:00,TikTok,tiktok,cpc,TikTok_Video1,/signup,121,tablet
SES_872432,USR_01702,2024-02-22 23:35:00,Google_Search,google,cpc,GSearch_Brand,/product,861,mobile
SES_607458,USR_01702,2024-02-26 03:38:00,Google_Search,google,cpc,GSearch_Competitor,/blog,424,mobile
SES_471915,USR_01703,2024-03-22 13:07:00,TikTok,tiktok,cpc,TikTok_Promo,/about,786,mobile
SES_257531,USR_01703,2024-03-21 12:01:00,Meta_Facebook,facebook,cpc,FB_Awareness,/signup,458,tablet
SES_523595,USR_01703,2024-03-20 02:19:00,Email,email,email,Email_Retention,/signup,116,mobile
SES_299218,USR_01704,2024-02-24 05:46:00,Google_Search,google,cpc,GSearch_Generic,/pricing,492,tablet
SES_696067,USR_01704,2024-02-18 00:12:00,Organic,organic,organic,,/home,863,tablet
SES_957882,USR_01704,2024-02-21 23:48:00,Google_Search,google,cpc,GSearch_Competitor,/checkout,102,mobile
SES_781548,USR_01704,2024-02-20 04:57:00,Google_Search,google,cpc,GSearch_Generic,/product,570,tablet
SES_827953,USR_01704,2024-02-23 21:08:00,TikTok,tiktok,cpc,TikTok_Promo,/blog,671,mobile
SES_871725,USR_01705,2024-03-02 17:09:00,Google_Search,google,cpc,GSearch_Brand,/product,259,tablet
SES_901676,USR_01706,2024-03-25 19:37:00,Google_Search,google,cpc,GSearch_Competitor,/about,811,tablet
SES_730836,USR_01706,2024-03-27 05:28:00,Organic,organic,organic,Organic_SEO,/blog,509,desktop
SES_678142,USR_01706,2024-03-27 22:18:00,Organic,organic,organic,,/product,163,tablet
SES_819636,USR_01706,2024-03-26 08:50:00,Email,email,email,Email_Promo,/blog,415,desktop
SES_124350,USR_01706,2024-03-27 12:33:00,Google_Search,google,cpc,GSearch_Brand,/home,346,tablet
SES_718836,USR_01707,2024-02-09 16:05:00,TikTok,tiktok,cpc,TikTok_Promo,/home,243,mobile
SES_225451,USR_01707,2024-02-08 09:57:00,Meta_Facebook,facebook,cpc,FB_Retargeting,/home,623,tablet
SES_719584,USR_01707,2024-02-09 13:15:00,LinkedIn,linkedin,cpc,LinkedIn_B2B,/product,51,tablet
SES_456271,USR_01707,2024-02-13 01:55:00,Organic,organic,organic,Organic_Direct,/pricing,319,mobile
SES_781669,USR_01707,2024-02-10 00:09:00,Meta_Facebook,facebook,cpc,FB_Awareness,/checkout,562,desktop
SES_528313,USR_01708,2024-01-21 05:17:00,Google_Search,google,cpc,GSearch_Generic,/signup,89,tablet
SES_548626,USR_01708,2024-01-20 07:08:00,Organic,organic,organic,Organic_SEO,/product,548,mobile
SES_408544,USR_01708,2024-01-18 02:02:00,Meta_Facebook,facebook,cpc,FB_Awareness,/product,517,desktop
SES_442152,USR_01709,2024-01-29 04:23:00,Email,email,email,Email_Promo,/signup,576,mobile
SES_176830,USR_01709,2024-01-28 03:26:00,Google_Search,google,cpc,GSearch_Generic,/pricing,836,desktop
SES_749877,USR_01710,2024-02-26 01:50:00,Email,email,email,Email_Welcome,/home,824,mobile
SES_909884,USR_01710,2024-02-24 21:55:00,Email,email,email,Email_Retention,/pricing,731,mobile
SES_155763,USR_01710,2024-02-23 03:18:00,TikTok,tiktok,cpc,TikTok_Video1,/about,76,mobile
SES_923583,USR_01710,2024-02-25 18:25:00,LinkedIn,linkedin,cpc,LinkedIn_Lead,/blog,196,tablet
SES_826925,USR_01711,2024-01-03 07:21:00,LinkedIn,linkedin,cpc,LinkedIn_B2B,/about,263,mobile
SES_199699,USR_01711,2024-01-08 12:35:00,Meta_Facebook,facebook,cpc,FB_Lookalike,/blog,214,desktop
SES_193991,USR_01711,2024-01-06 17:04:00,Email,email,email,Email_Retention,/signup,660,mobile
SES_464993,USR_01711,2024-01-05 02:00:00,Meta_Facebook,facebook,cpc,FB_Awareness,/checkout,867,tablet
SES_293732,USR_01711,2024-01-06 16:10:00,Meta_Facebook,facebook,cpc,FB_Retargeting,/home,250,mobile
SES_345433,USR_01712,2024-02-10 00:17:00,Meta_Facebook,facebook,cpc,FB_Retargeting,/signup,332,desktop
SES_689951,USR_01713,2024-03-20 13:14:00,Meta_Facebook,facebook,cpc,FB_Awareness,/pricing,623,mobile
SES_738648,USR_01713,2024-03-13 07:15:00,Organic,organic,organic,Organic_Direct,/pricing,398,mobile
SES_307731,USR_01713,2024-03-13 20:02:00,Google_Search,google,cpc,GSearch_Competitor,/product,56,desktop
SES_211430,USR_01713,2024-03-19 12:43:00,Email,email,email,Email_Welcome,/checkout,441,tablet
SES_728426,USR_01714,2024-02-26 16:31:00,LinkedIn,linkedin,cpc,LinkedIn_B2B,/product,573,desktop
SES_246472,USR_01714,2024-02-23 07:49:00,Meta_Facebook,facebook,cpc,FB_Awareness,/pricing,290,desktop
SES_622677,USR_01714,2024-02-22 14:10:00,Meta_Facebook,facebook,cpc,FB_Lookalike,/home,839,mobile
SES_711221,USR_01715,2024-02-25 02:26:00,TikTok,tiktok,cpc,TikTok_Promo,/home,706,desktop
SES_303129,USR_01715,2024-02-26 02:57:00,Organic,organic,organic,Organic_Direct,/blog,59,mobile
SES_494159,USR_01715,2024-02-29 07:52:00,Google_Search,google,cpc,GSearch_Generic,/about,167,mobile
SES_362344,USR_01715,2024-02-27 23:46:00,LinkedIn,linkedin,cpc,LinkedIn_B2B,/signup,700,mobile
SES_943085,USR_01715,2024-02-26 05:53:00,Meta_Facebook,facebook,cpc,FB_Lookalike,/about,355,desktop
SES_579776,USR_01716,2024-02-23 03:21:00,Google_Search,google,cpc,GSearch_Generic,/about,821,mobile
SES_209645,USR_01716,2024-02-20 16:44:00,Email,,email,Email_Welcome,/checkout,48,tablet
SES_614361,USR_01716,2024-02-24 20:37:00,TikTok,tiktok,cpc,TikTok_Video1,/signup,220,desktop
SES_845978,USR_01717,2024-02-21 22:58:00,Google_Search,google,cpc,GSearch_Generic,/signup,273,mobile
SES_370693,USR_01717,2024-02-21 17:03:00,Email,email,email,Email_Retention,/signup,558,desktop
SES_314071,USR_01718,2024-03-11 08:09:00,TikTok,tiktok,cpc,TikTok_Video1,/product,636,tablet
SES_846551,USR_01719,2024-03-15 07:14:00,Google_Search,google,cpc,,/blog,587,tablet
SES_613789,USR_01719,2024-03-13 13:22:00,Google_Search,google,cpc,,/blog,346,tablet
SES_448995,USR_01719,2024-03-10 23:00:00,Google_Search,,cpc,GSearch_Generic,/product,884,desktop
SES_726822,USR_01719,2024-03-17 01:39:00,Meta_Facebook,facebook,cpc,FB_Retargeting,/pricing,655,mobile
SES_915520,USR_01720,2024-02-29 19:48:00,Google_Search,google,cpc,GSearch_Brand,/blog,144,tablet
SES_667052,USR_01720,2024-03-03 06:24:00,LinkedIn,linkedin,cpc,LinkedIn_Lead,/product,448,tablet
SES_598088,USR_01721,2024-01-17 02:29:00,LinkedIn,linkedin,cpc,LinkedIn_Lead,/checkout,498,desktop
SES_822402,USR_01721,2024-01-13 12:39:00,TikTok,tiktok,cpc,TikTok_Promo,/home,396,desktop
SES_823682,USR_01721,2024-01-18 04:16:00,Organic,organic,organic,Organic_SEO,/pricing,882,mobile
SES_659123,USR_01721,2024-01-18 15:21:00,LinkedIn,,cpc,,/pricing,71,desktop
SES_937335,USR_01722,2024-01-25 23:55:00,Google_Search,,cpc,GSearch_Competitor,/checkout,579,tablet
SES_206349,USR_01722,2024-01-27 07:56:00,Meta_Facebook,facebook,cpc,FB_Awareness,/blog,145,tablet
SES_850045,USR_01722,2024-01-24 02:19:00,Meta_Facebook,facebook,cpc,FB_Retargeting,/product,52,mobile
SES_424698,USR_01722,2024-01-24 06:35:00,Google_Search,google,cpc,GSearch_Competitor,/checkout,208,tablet
SES_820715,USR_01723,2024-02-09 23:12:00,Google_Search,google,cpc,GSearch_Brand,/signup,396,desktop
SES_625914,USR_01724,2024-02-03 21:36:00,TikTok,tiktok,cpc,TikTok_Promo,/home,277,desktop
SES_942513,USR_01724,2024-02-02 07:48:00,LinkedIn,linkedin,cpc,LinkedIn_Lead,/product,885,mobile
SES_610841,USR_01725,2024-03-22 14:51:00,Google_Search,google,cpc,GSearch_Competitor,/checkout,711,mobile
SES_740507,USR_01726,2024-03-01 20:59:00,TikTok,tiktok,cpc,TikTok_Video1,/checkout,697,tablet
SES_223839,USR_01727,2024-02-27 02:48:00,Meta_Facebook,,cpc,FB_Lookalike,/home,250,tablet
SES_239455,USR_01727,2024-02-25 02:03:00,Meta_Facebook,facebook,cpc,FB_Retargeting,/checkout,670,tablet
SES_719009,USR_01727,2024-02-20 22:21:00,Google_Search,google,cpc,GSearch_Brand,/pricing,53,mobile
SES_905766,USR_01728,2024-02-06 12:43:00,Google_Search,google,cpc,GSearch_Generic,/product,72,desktop
SES_296487,USR_01729,2024-01-28 00:10:00,Meta_Facebook,facebook,cpc,FB_Retargeting,/home,491,desktop
SES_435987,USR_01729,2024-01-23 06:29:00,Email,email,email,Email_Retention,/home,150,tablet
SES_797345,USR_01729,2024-01-24 14:11:00,TikTok,tiktok,cpc,,/home,717,mobile
SES_971247,USR_01729,2024-01-23 04:14:00,Email,email,email,Email_Promo,/checkout,506,desktop
SES_671778,USR_01730,2024-03-01 10:13:00,Meta_Facebook,facebook,cpc,FB_Lookalike,/signup,220,desktop
SES_781089,USR_01730,2024-02-24 17:38:00,Organic,organic,organic,Organic_Direct,/blog,593,tablet
SES_399657,USR_01730,2024-02-23 13:50:00,Email,email,email,Email_Promo,/pricing,572,desktop
SES_710031,USR_01731,2024-03-16 05:17:00,Meta_Facebook,facebook,cpc,FB_Lookalike,/product,489,tablet
SES_746889,USR_01731,2024-03-14 21:35:00,Google_Search,google,cpc,GSearch_Competitor,/pricing,123,desktop
SES_317894,USR_01731,2024-03-16 10:06:00,Google_Search,google,cpc,GSearch_Competitor,/home,593,desktop
SES_387037,USR_01731,2024-03-18 09:35:00,Meta_Facebook,facebook,cpc,FB_Retargeting,/about,711,desktop
SES_181105,USR_01732,2024-02-15 00:12:00,Organic,organic,organic,Organic_SEO,/home,566,tablet
SES_538489,USR_01732,2024-02-15 01:55:00,Email,email,email,Email_Welcome,/about,713,tablet
SES_283204,USR_01732,2024-02-14 00:21:00,Meta_Facebook,facebook,cpc,FB_Awareness,/checkout,749,mobile
SES_173057,USR_01732,2024-02-13 12:13:00,Meta_Facebook,facebook,cpc,FB_Lookalike,/pricing,820,desktop
SES_166773,USR_01733,2024-01-18 09:57:00,Email,email,email,Email_Welcome,/home,722,mobile
SES_971207,USR_01733,2024-01-14 23:27:00,TikTok,tiktok,cpc,TikTok_Promo,/checkout,551,desktop
SES_155643,USR_01733,2024-01-17 03:31:00,LinkedIn,linkedin,cpc,LinkedIn_Lead,/home,849,tablet
SES_954413,USR_01734,2024-03-16 22:21:00,TikTok,,cpc,TikTok_Promo,/pricing,738,mobile
SES_504585,USR_01734,2024-03-15 11:21:00,Meta_Facebook,facebook,cpc,FB_Retargeting,/product,734,tablet
SES_305160,USR_01734,2024-03-18 10:07:00,LinkedIn,linkedin,cpc,LinkedIn_Lead,/about,586,mobile
SES_784206,USR_01735,2024-01-03 02:32:00,Google_Search,google,cpc,GSearch_Generic,/home,91,mobile
SES_659493,USR_01735,2024-01-02 08:28:00,LinkedIn,,cpc,LinkedIn_B2B,/checkout,352,desktop
SES_289238,USR_01736,2024-03-05 07:56:00,Google_Search,google,cpc,GSearch_Competitor,/blog,99,mobile
SES_352753,USR_01736,2024-02-29 13:24:00,Organic,organic,organic,Organic_SEO,/blog,861,tablet
SES_110414,USR_01736,2024-03-02 16:17:00,TikTok,tiktok,cpc,TikTok_Video1,/about,644,tablet
SES_893717,USR_01737,2024-01-29 10:27:00,TikTok,tiktok,cpc,TikTok_Promo,/product,515,mobile
SES_511433,USR_01737,2024-01-30 19:33:00,Meta_Facebook,facebook,cpc,FB_Awareness,/pricing,386,tablet
SES_701535,USR_01737,2024-01-27 09:29:00,TikTok,tiktok,cpc,TikTok_Promo,/blog,233,mobile
SES_447706,USR_01737,2024-02-02 16:57:00,Google_Search,google,cpc,GSearch_Generic,/blog,609,tablet
SES_354296,USR_01738,2024-03-06 02:09:00,Organic,organic,organic,Organic_Direct,/checkout,572,tablet
SES_420565,USR_01738,2024-03-08 18:15:00,LinkedIn,linkedin,cpc,LinkedIn_B2B,/checkout,610,mobile
SES_888417,USR_01738,2024-03-05 02:21:00,TikTok,tiktok,cpc,TikTok_Video1,/checkout,128,mobile
SES_404774,USR_01738,2024-03-09 03:45:00,Google_Search,google,cpc,,/about,715,desktop
SES_573980,USR_01738,2024-03-06 15:30:00,Organic,,organic,Organic_Direct,/pricing,109,tablet
SES_400877,USR_01739,2024-01-09 14:32:00,Google_Search,google,cpc,GSearch_Competitor,/checkout,323,mobile
SES_329887,USR_01740,2024-03-02 02:49:00,Organic,organic,organic,Organic_Direct,/home,866,mobile
SES_471178,USR_01740,2024-02-26 08:15:00,Google_Search,google,cpc,GSearch_Brand,/about,762,desktop
SES_543366,USR_01741,2024-01-31 23:17:00,LinkedIn,linkedin,cpc,LinkedIn_Lead,/signup,379,tablet
SES_242806,USR_01741,2024-02-06 21:42:00,Meta_Facebook,facebook,cpc,FB_Retargeting,/home,182,desktop
SES_316009,USR_01741,2024-02-05 00:30:00,Organic,organic,organic,Organic_SEO,/blog,152,desktop
SES_572417,USR_01741,2024-02-01 01:29:00,Google_Search,google,cpc,GSearch_Generic,/about,881,tablet
SES_591673,USR_01742,2024-02-12 10:41:00,Email,email,email,Email_Promo,/blog,478,mobile
SES_535385,USR_01742,2024-02-09 16:53:00,Google_Search,google,cpc,GSearch_Brand,/about,245,mobile
SES_550105,USR_01743,2024-01-21 07:36:00,Google_Search,google,cpc,GSearch_Generic,/pricing,467,tablet
SES_998515,USR_01744,2024-02-20 11:35:00,LinkedIn,linkedin,cpc,,/checkout,383,tablet
SES_596546,USR_01744,2024-02-24 11:02:00,Google_Search,google,cpc,GSearch_Brand,/signup,221,desktop
SES_107021,USR_01744,2024-02-18 05:15:00,TikTok,tiktok,cpc,TikTok_Promo,/blog,829,desktop
SES_914155,USR_01745,2024-03-07 22:40:00,Meta_Facebook,facebook,cpc,FB_Lookalike,/pricing,612,desktop
SES_750639,USR_01745,2024-03-07 00:46:00,Meta_Facebook,facebook,cpc,FB_Awareness,/checkout,729,tablet
SES_845771,USR_01746,2024-03-19 07:22:00,TikTok,tiktok,cpc,TikTok_Promo,/about,176,mobile
SES_633489,USR_01747,2024-02-12 15:00:00,Google_Search,google,cpc,GSearch_Brand,/checkout,75,mobile
SES_476380,USR_01747,2024-02-12 07:08:00,Meta_Facebook,facebook,cpc,FB_Retargeting,/checkout,200,mobile
SES_654840,USR_01747,2024-02-15 18:33:00,TikTok,tiktok,cpc,TikTok_Promo,/home,328,desktop
SES_196636,USR_01747,2024-02-18 09:30:00,Google_Search,google,cpc,GSearch_Generic,/signup,579,mobile
SES_204461,USR_01747,2024-02-16 03:57:00,Email,email,email,Email_Promo,/about,226,tablet
SES_863000,USR_01748,2024-02-26 16:23:00,Meta_Facebook,facebook,cpc,FB_Awareness,/about,764,desktop
SES_969429,USR_01749,2024-01-31 11:03:00,Organic,organic,organic,,/product,735,desktop
SES_975871,USR_01750,2024-01-08 01:59:00,Email,email,email,Email_Welcome,/checkout,741,tablet
SES_548229,USR_01750,2024-01-07 19:52:00,Google_Search,google,cpc,GSearch_Generic,/pricing,826,tablet
SES_589484,USR_01750,2024-01-07 12:49:00,Meta_Facebook,facebook,cpc,FB_Lookalike,/checkout,705,tablet
SES_105292,USR_01751,2024-02-23 00:53:00,Google_Search,google,cpc,,/checkout,142,mobile
SES_202362,USR_01751,2024-02-29 00:48:00,Google_Search,google,cpc,GSearch_Generic,/about,276,tablet
SES_795231,USR_01751,2024-02-24 21:34:00,Google_Search,google,cpc,GSearch_Brand,/checkout,258,mobile
SES_346742,USR_01752,2024-02-26 08:21:00,TikTok,tiktok,cpc,TikTok_Video1,/home,148,desktop
SES_542016,USR_01752,2024-02-28 13:05:00,Google_Search,google,cpc,GSearch_Generic,/home,745,tablet
SES_228535,USR_01752,2024-02-24 16:57:00,Google_Search,google,cpc,GSearch_Generic,/about,196,tablet
SES_316125,USR_01752,2024-02-28 09:32:00,Meta_Facebook,facebook,cpc,FB_Retargeting,/checkout,621,mobile
SES_336236,USR_01753,2024-01-10 02:20:00,Meta_Facebook,facebook,cpc,FB_Awareness,/checkout,385,tablet
SES_488536,USR_01753,2024-01-13 15:49:00,TikTok,tiktok,cpc,TikTok_Video1,/pricing,501,desktop
SES_334223,USR_01753,2024-01-09 23:46:00,Organic,organic,organic,Organic_SEO,/blog,169,mobile
SES_117331,USR_01754,2024-01-11 03:42:00,Google_Search,google,cpc,GSearch_Generic,/product,676,tablet
SES_412827,USR_01754,2024-01-08 03:35:00,Google_Search,google,cpc,GSearch_Generic,/pricing,211,tablet
SES_575603,USR_01754,2024-01-10 01:04:00,Google_Search,google,cpc,GSearch_Generic,/about,859,desktop
SES_542745,USR_01754,2024-01-10 11:12:00,Google_Search,google,cpc,GSearch_Generic,/about,75,desktop
SES_139914,USR_01755,2024-03-20 17:09:00,Google_Search,google,cpc,GSearch_Generic,/about,198,tablet
SES_726908,USR_01755,2024-03-20 19:45:00,Meta_Facebook,facebook,cpc,FB_Lookalike,/blog,797,mobile
SES_960624,USR_01755,2024-03-19 12:00:00,TikTok,tiktok,cpc,TikTok_Promo,/blog,398,desktop
SES_191177,USR_01756,2024-01-14 22:01:00,Email,email,email,Email_Retention,/about,350,tablet
SES_713585,USR_01756,2024-01-19 15:20:00,Meta_Facebook,facebook,cpc,FB_Lookalike,/product,232,tablet
SES_241177,USR_01756,2024-01-19 16:40:00,Google_Search,google,cpc,GSearch_Generic,/blog,447,tablet
SES_778205,USR_01756,2024-01-14 12:34:00,Meta_Facebook,facebook,cpc,FB_Lookalike,/about,253,desktop
SES_967527,USR_01757,2024-02-11 18:57:00,Organic,organic,organic,Organic_SEO,/signup,617,tablet
SES_111370,USR_01757,2024-02-07 06:51:00,Meta_Facebook,facebook,cpc,FB_Lookalike,/signup,388,tablet
SES_357543,USR_01757,2024-02-05 08:47:00,TikTok,tiktok,cpc,TikTok_Promo,/pricing,661,mobile
SES_351655,USR_01758,2024-03-10 02:57:00,Email,email,email,Email_Promo,/blog,883,mobile
SES_149370,USR_01759,2024-01-28 15:37:00,Email,email,email,Email_Promo,/signup,732,tablet
SES_504867,USR_01759,2024-01-24 21:30:00,Google_Search,,cpc,GSearch_Competitor,/home,532,desktop
SES_615311,USR_01759,2024-01-22 07:27:00,Google_Search,google,cpc,GSearch_Brand,/home,540,desktop
SES_169575,USR_01759,2024-01-26 16:17:00,Meta_Facebook,facebook,cpc,FB_Lookalike,/checkout,571,mobile
SES_978898,USR_01760,2024-01-08 21:40:00,LinkedIn,linkedin,cpc,LinkedIn_B2B,/product,768,mobile
SES_359245,USR_01761,2024-03-11 20:36:00,Google_Search,,cpc,GSearch_Brand,/product,141,desktop
SES_379515,USR_01761,2024-03-12 09:15:00,TikTok,tiktok,cpc,TikTok_Promo,/checkout,489,tablet
SES_877675,USR_01761,2024-03-17 09:27:00,Organic,organic,organic,Organic_Direct,/blog,617,mobile
SES_564654,USR_01762,2024-03-13 09:31:00,Google_Search,google,cpc,GSearch_Generic,/home,674,tablet
SES_732561,USR_01762,2024-03-11 05:44:00,Google_Search,google,cpc,GSearch_Generic,/checkout,653,mobile
SES_494132,USR_01762,2024-03-13 11:27:00,Google_Search,google,cpc,GSearch_Competitor,/home,610,desktop
SES_816709,USR_01763,2024-03-21 19:37:00,Meta_Facebook,facebook,cpc,FB_Retargeting,/home,424,tablet
SES_807863,USR_01763,2024-03-17 16:51:00,LinkedIn,linkedin,cpc,LinkedIn_Lead,/checkout,464,tablet
SES_489186,USR_01763,2024-03-21 19:28:00,Meta_Facebook,facebook,cpc,FB_Lookalike,/about,709,desktop
SES_944860,USR_01763,2024-03-22 20:32:00,Meta_Facebook,facebook,cpc,FB_Lookalike,/home,70,desktop
SES_866509,USR_01763,2024-03-20 07:49:00,Google_Search,google,cpc,GSearch_Generic,/about,270,mobile
SES_853817,USR_01764,2024-02-04 05:27:00,Meta_Facebook,facebook,cpc,FB_Lookalike,/about,605,tablet
SES_958860,USR_01764,2024-02-06 17:57:00,Email,,email,Email_Promo,/pricing,297,desktop
SES_320316,USR_01764,2024-01-31 04:04:00,LinkedIn,linkedin,cpc,LinkedIn_Lead,/product,253,mobile
SES_937725,USR_01764,2024-02-05 20:32:00,Meta_Facebook,facebook,cpc,FB_Lookalike,/blog,45,mobile
SES_956653,USR_01764,2024-02-02 15:25:00,TikTok,tiktok,cpc,TikTok_Promo,/blog,804,mobile
SES_710388,USR_01765,2024-03-09 23:04:00,Meta_Facebook,,cpc,FB_Awareness,/signup,741,tablet
SES_876873,USR_01766,2024-01-08 09:14:00,Google_Search,google,cpc,GSearch_Competitor,/signup,343,desktop
SES_103200,USR_01766,2024-01-03 20:34:00,TikTok,tiktok,cpc,TikTok_Promo,/pricing,584,tablet
SES_266047,USR_01766,2024-01-08 09:39:00,Meta_Facebook,facebook,cpc,FB_Retargeting,/blog,676,desktop
SES_859431,USR_01766,2024-01-08 01:39:00,Google_Search,google,cpc,GSearch_Brand,/pricing,136,desktop
SES_111362,USR_01766,2024-01-04 16:38:00,TikTok,tiktok,cpc,TikTok_Promo,/about,197,tablet
SES_994476,USR_01767,2024-01-09 12:27:00,Email,email,email,Email_Welcome,/about,93,mobile
SES_924217,USR_01767,2024-01-09 10:45:00,Meta_Facebook,facebook,cpc,,/blog,616,tablet
SES_640767,USR_01767,2024-01-10 19:35:00,LinkedIn,linkedin,cpc,LinkedIn_B2B,/checkout,52,mobile
SES_516903,USR_01767,2024-01-10 01:20:00,Google_Search,google,cpc,GSearch_Brand,/home,225,desktop
SES_841070,USR_01768,2024-01-15 08:58:00,Meta_Facebook,,cpc,FB_Lookalike,/home,315,desktop
SES_359338,USR_01768,2024-01-19 06:59:00,Meta_Facebook,,cpc,FB_Lookalike,/pricing,402,tablet
SES_787740,USR_01768,2024-01-15 13:25:00,Meta_Facebook,facebook,cpc,FB_Lookalike,/product,54,tablet
SES_633695,USR_01768,2024-01-17 12:21:00,Meta_Facebook,facebook,cpc,FB_Retargeting,/home,85,desktop
SES_694184,USR_01769,2024-02-06 02:26:00,Meta_Facebook,facebook,cpc,,/pricing,266,desktop
SES_985181,USR_01769,2024-02-07 20:49:00,Meta_Facebook,facebook,cpc,FB_Lookalike,/checkout,521,desktop
SES_458797,USR_01769,2024-02-04 04:17:00,Email,email,email,Email_Welcome,/signup,312,tablet
SES_698464,USR_01770,2024-02-06 00:42:00,TikTok,tiktok,cpc,TikTok_Promo,/pricing,231,desktop
SES_318799,USR_01770,2024-02-06 19:09:00,Email,,email,Email_Promo,/blog,758,desktop
SES_151553,USR_01770,2024-02-11 01:19:00,Meta_Facebook,facebook,cpc,FB_Retargeting,/blog,701,tablet
SES_915324,USR_01770,2024-02-06 08:48:00,Email,email,email,Email_Promo,/product,558,desktop
SES_735099,USR_01771,2024-01-05 03:24:00,TikTok,tiktok,cpc,TikTok_Video1,/signup,246,mobile
SES_330717,USR_01771,2024-01-06 04:55:00,TikTok,tiktok,cpc,TikTok_Promo,/blog,468,desktop
SES_737042,USR_01771,2024-01-11 05:45:00,LinkedIn,linkedin,cpc,LinkedIn_B2B,/pricing,617,tablet
SES_127886,USR_01771,2024-01-05 13:11:00,Google_Search,google,cpc,GSearch_Competitor,/signup,274,tablet
SES_617861,USR_01772,2024-03-09 18:05:00,Organic,organic,organic,Organic_SEO,/about,490,desktop
SES_247476,USR_01773,2024-03-20 19:58:00,Google_Search,google,cpc,GSearch_Competitor,/signup,182,mobile
SES_491476,USR_01774,2024-02-12 07:22:00,Google_Search,google,cpc,GSearch_Brand,/about,201,tablet
SES_764461,USR_01774,2024-02-18 00:49:00,LinkedIn,linkedin,cpc,LinkedIn_Lead,/pricing,765,tablet
SES_973060,USR_01775,2024-03-18 13:35:00,Google_Search,google,cpc,GSearch_Generic,/product,574,tablet
SES_673990,USR_01776,2024-03-11 05:52:00,Google_Search,google,cpc,GSearch_Competitor,/home,439,mobile
SES_994723,USR_01776,2024-03-15 20:18:00,Google_Search,,cpc,GSearch_Generic,/checkout,743,tablet
SES_245808,USR_01776,2024-03-16 04:16:00,Email,email,email,Email_Welcome,/product,473,mobile
SES_266263,USR_01776,2024-03-16 10:16:00,Organic,organic,organic,Organic_SEO,/home,330,desktop
SES_599977,USR_01776,2024-03-11 11:39:00,Organic,organic,organic,Organic_Direct,/home,314,desktop
SES_103666,USR_01777,2024-02-07 11:29:00,Meta_Facebook,facebook,cpc,FB_Lookalike,/blog,336,tablet
SES_285171,USR_01777,2024-02-06 18:15:00,Meta_Facebook,facebook,cpc,FB_Lookalike,/checkout,161,desktop
SES_862177,USR_01777,2024-02-10 11:07:00,Email,email,email,Email_Retention,/blog,631,desktop
SES_376653,USR_01777,2024-02-11 15:08:00,Organic,organic,organic,Organic_Direct,/checkout,586,mobile
SES_100556,USR_01778,2024-02-27 03:45:00,Organic,organic,organic,Organic_Direct,/about,207,mobile
SES_230979,USR_01778,2024-02-27 08:39:00,Meta_Facebook,facebook,cpc,FB_Awareness,/signup,322,tablet
SES_550521,USR_01778,2024-03-05 03:22:00,Google_Search,google,cpc,GSearch_Competitor,/product,561,tablet
SES_686860,USR_01779,2024-01-06 01:32:00,LinkedIn,linkedin,cpc,LinkedIn_B2B,/product,51,tablet
SES_291312,USR_01779,2024-01-08 05:02:00,TikTok,tiktok,cpc,TikTok_Video1,/blog,877,mobile
SES_251200,USR_01780,2024-01-24 06:40:00,Google_Search,google,cpc,GSearch_Competitor,/pricing,725,desktop
SES_916365,USR_01780,2024-01-30 18:08:00,TikTok,,cpc,TikTok_Video1,/blog,896,tablet
SES_275977,USR_01780,2024-01-23 05:30:00,Google_Search,,cpc,GSearch_Brand,/blog,604,mobile
SES_362821,USR_01781,2024-03-03 06:10:00,Meta_Facebook,facebook,cpc,FB_Awareness,/about,838,mobile
SES_997244,USR_01781,2024-03-03 20:29:00,Google_Search,google,cpc,GSearch_Brand,/about,687,mobile
SES_464022,USR_01781,2024-02-29 01:57:00,Google_Search,google,cpc,GSearch_Competitor,/about,585,desktop
SES_713975,USR_01782,2024-02-13 11:52:00,Google_Search,google,cpc,GSearch_Competitor,/blog,195,tablet
SES_295860,USR_01782,2024-02-07 04:41:00,Meta_Facebook,facebook,cpc,FB_Retargeting,/signup,552,desktop
SES_394292,USR_01783,2024-01-06 03:06:00,Organic,organic,organic,Organic_Direct,/signup,482,mobile
SES_625148,USR_01783,2024-01-11 23:31:00,Organic,organic,organic,Organic_SEO,/product,512,mobile
SES_731452,USR_01783,2024-01-11 18:27:00,TikTok,tiktok,cpc,TikTok_Video1,/blog,315,tablet
SES_818391,USR_01783,2024-01-09 22:28:00,Google_Search,google,cpc,GSearch_Brand,/blog,706,desktop
SES_867725,USR_01784,2024-01-15 18:44:00,Meta_Facebook,facebook,cpc,FB_Awareness,/signup,377,tablet
SES_804119,USR_01784,2024-01-15 20:31:00,Email,email,email,Email_Welcome,/home,75,desktop
SES_149372,USR_01784,2024-01-11 07:23:00,TikTok,tiktok,cpc,TikTok_Video1,/product,254,desktop
SES_288261,USR_01784,2024-01-13 06:17:00,Organic,organic,organic,Organic_SEO,/home,376,tablet
SES_554966,USR_01785,2024-02-22 13:15:00,Meta_Facebook,facebook,cpc,FB_Awareness,/signup,142,tablet
SES_999948,USR_01786,2024-02-05 03:07:00,Google_Search,,cpc,GSearch_Brand,/signup,743,tablet
SES_505180,USR_01786,2024-02-03 10:42:00,TikTok,tiktok,cpc,TikTok_Video1,/blog,373,mobile
SES_675371,USR_01786,2024-02-05 03:17:00,Google_Search,google,cpc,GSearch_Generic,/product,120,mobile
SES_160915,USR_01787,2024-02-03 03:52:00,Organic,organic,organic,Organic_SEO,/home,34,desktop
SES_266631,USR_01787,2024-02-06 12:22:00,TikTok,tiktok,cpc,TikTok_Video1,/signup,301,tablet
SES_226365,USR_01787,2024-02-08 20:37:00,Google_Search,google,cpc,GSearch_Competitor,/about,542,tablet
SES_463179,USR_01787,2024-02-08 09:55:00,Email,email,email,Email_Welcome,/product,440,tablet
SES_723357,USR_01788,2024-01-09 06:01:00,Google_Search,google,cpc,GSearch_Competitor,/pricing,661,desktop
SES_106019,USR_01788,2024-01-06 13:37:00,Meta_Facebook,facebook,cpc,,/pricing,440,tablet
SES_299928,USR_01788,2024-01-07 02:25:00,TikTok,tiktok,cpc,TikTok_Video1,/about,633,mobile
SES_833984,USR_01788,2024-01-12 07:45:00,LinkedIn,,cpc,LinkedIn_Lead,/home,487,desktop
SES_551553,USR_01788,2024-01-06 08:01:00,Meta_Facebook,facebook,cpc,FB_Awareness,/blog,148,mobile
SES_202709,USR_01789,2024-02-28 00:51:00,Google_Search,google,cpc,GSearch_Brand,/signup,363,tablet
SES_859507,USR_01789,2024-02-29 15:18:00,Email,email,email,Email_Welcome,/blog,308,desktop
SES_482017,USR_01789,2024-03-03 23:27:00,LinkedIn,linkedin,cpc,LinkedIn_B2B,/about,780,tablet
SES_584675,USR_01789,2024-03-03 16:06:00,Google_Search,google,cpc,GSearch_Competitor,/signup,181,desktop
SES_685023,USR_01790,2024-03-12 12:45:00,Google_Search,google,cpc,GSearch_Competitor,/checkout,717,mobile
SES_328526,USR_01790,2024-03-13 00:31:00,Google_Search,google,cpc,GSearch_Competitor,/checkout,825,tablet
SES_281196,USR_01790,2024-03-12 10:21:00,Meta_Facebook,facebook,cpc,FB_Lookalike,/blog,587,mobile
SES_538959,USR_01790,2024-03-12 03:56:00,TikTok,tiktok,cpc,TikTok_Video1,/pricing,127,tablet
SES_376046,USR_01790,2024-03-11 12:29:00,Meta_Facebook,facebook,cpc,FB_Awareness,/about,831,tablet
SES_565319,USR_01791,2024-01-12 13:20:00,Email,email,email,Email_Welcome,/about,124,mobile
SES_695777,USR_01792,2024-02-06 21:51:00,Email,email,email,Email_Retention,/pricing,119,tablet
SES_986108,USR_01792,2024-02-08 02:53:00,Google_Search,google,cpc,GSearch_Competitor,/checkout,750,desktop
SES_415306,USR_01792,2024-02-02 09:54:00,TikTok,tiktok,cpc,TikTok_Video1,/blog,462,mobile
SES_578939,USR_01793,2024-01-20 23:13:00,Meta_Facebook,facebook,cpc,FB_Retargeting,/signup,626,tablet
SES_473948,USR_01793,2024-01-19 22:09:00,Meta_Facebook,facebook,cpc,FB_Lookalike,/signup,292,tablet
SES_436346,USR_01793,2024-01-23 15:37:00,Google_Search,google,cpc,GSearch_Brand,/blog,535,mobile
SES_934355,USR_01794,2024-02-15 15:28:00,Google_Search,google,cpc,GSearch_Brand,/blog,269,desktop
SES_636426,USR_01794,2024-02-17 01:55:00,Meta_Facebook,facebook,cpc,FB_Awareness,/home,612,mobile
SES_736746,USR_01794,2024-02-16 20:14:00,Meta_Facebook,facebook,cpc,FB_Lookalike,/pricing,214,desktop
SES_536896,USR_01794,2024-02-14 10:21:00,Google_Search,google,cpc,GSearch_Competitor,/blog,98,mobile
SES_965154,USR_01795,2024-02-26 14:58:00,Google_Search,google,cpc,GSearch_Competitor,/signup,35,mobile
SES_758250,USR_01795,2024-02-27 01:03:00,Google_Search,google,cpc,GSearch_Competitor,/product,362,tablet
SES_117902,USR_01796,2024-01-10 14:06:00,Email,email,email,Email_Retention,/blog,819,tablet
SES_409349,USR_01796,2024-01-11 22:32:00,Google_Search,google,cpc,GSearch_Brand,/product,361,desktop
SES_669299,USR_01797,2024-03-19 07:15:00,Meta_Facebook,facebook,cpc,FB_Awareness,/about,324,tablet
SES_715436,USR_01797,2024-03-14 13:16:00,Google_Search,google,cpc,GSearch_Brand,/pricing,563,desktop
SES_239013,USR_01798,2024-02-24 05:06:00,Google_Search,google,cpc,,/about,806,tablet
SES_972224,USR_01799,2024-01-13 22:52:00,Google_Search,google,cpc,GSearch_Competitor,/signup,372,desktop
SES_944307,USR_01799,2024-01-13 11:06:00,Google_Search,,cpc,GSearch_Competitor,/product,136,tablet
SES_181739,USR_01799,2024-01-09 15:36:00,Organic,organic,organic,Organic_SEO,/checkout,104,tablet
SES_596448,USR_01799,2024-01-10 13:47:00,Google_Search,google,cpc,GSearch_Competitor,/about,625,tablet
SES_207393,USR_01799,2024-01-12 15:07:00,Google_Search,google,cpc,GSearch_Brand,/checkout,169,mobile
SES_565948,USR_01800,2024-02-14 10:24:00,TikTok,tiktok,cpc,TikTok_Promo,/pricing,859,tablet
SES_406761,USR_01800,2024-02-11 05:08:00,Google_Search,,cpc,GSearch_Brand,/product,490,mobile
SES_938261,USR_01801,2024-02-23 22:22:00,Google_Search,google,cpc,GSearch_Brand,/home,860,tablet
SES_432117,USR_01801,2024-02-26 04:39:00,TikTok,tiktok,cpc,TikTok_Video1,/product,482,mobile
SES_369131,USR_01801,2024-02-22 04:03:00,LinkedIn,linkedin,cpc,LinkedIn_Lead,/checkout,761,tablet
SES_827073,USR_01801,2024-02-20 07:04:00,LinkedIn,linkedin,cpc,LinkedIn_B2B,/home,109,mobile
SES_447649,USR_01802,2024-01-15 05:41:00,Organic,organic,organic,,/home,348,tablet
SES_463225,USR_01802,2024-01-20 02:01:00,Email,email,email,Email_Promo,/product,591,tablet
SES_910044,USR_01802,2024-01-20 22:49:00,Google_Search,google,cpc,GSearch_Competitor,/blog,265,tablet
SES_290195,USR_01802,2024-01-17 09:17:00,LinkedIn,linkedin,cpc,LinkedIn_B2B,/blog,586,tablet
SES_556877,USR_01802,2024-01-15 11:29:00,Meta_Facebook,facebook,cpc,FB_Lookalike,/about,843,desktop
SES_544286,USR_01803,2024-02-12 07:48:00,TikTok,tiktok,cpc,TikTok_Video1,/home,200,tablet
SES_837562,USR_01803,2024-02-13 21:55:00,Meta_Facebook,facebook,cpc,FB_Retargeting,/signup,97,mobile
SES_670563,USR_01803,2024-02-15 21:07:00,Google_Search,google,cpc,GSearch_Competitor,/blog,191,mobile
SES_800083,USR_01804,2024-02-01 09:34:00,TikTok,tiktok,cpc,TikTok_Promo,/pricing,567,desktop
SES_833633,USR_01804,2024-02-03 08:11:00,LinkedIn,linkedin,cpc,LinkedIn_Lead,/home,674,desktop
SES_330075,USR_01805,2024-01-19 06:50:00,Google_Search,google,cpc,GSearch_Generic,/blog,117,desktop
SES_795337,USR_01805,2024-01-21 12:07:00,Organic,organic,organic,Organic_SEO,/signup,165,mobile
SES_254448,USR_01805,2024-01-23 10:46:00,Meta_Facebook,facebook,cpc,FB_Lookalike,/blog,826,mobile
SES_562841,USR_01805,2024-01-21 20:55:00,Meta_Facebook,facebook,cpc,FB_Retargeting,/checkout,252,mobile
SES_519780,USR_01806,2024-02-28 17:25:00,Google_Search,google,cpc,GSearch_Competitor,/product,82,tablet
SES_191448,USR_01806,2024-03-06 21:50:00,Meta_Facebook,facebook,cpc,FB_Retargeting,/checkout,626,mobile
SES_981389,USR_01806,2024-03-01 23:13:00,Meta_Facebook,facebook,cpc,FB_Awareness,/checkout,358,mobile
SES_437478,USR_01806,2024-03-06 10:00:00,Google_Search,google,cpc,GSearch_Competitor,/pricing,67,desktop
SES_582980,USR_01806,2024-02-29 16:21:00,Meta_Facebook,,cpc,FB_Awareness,/about,818,tablet
SES_807699,USR_01807,2024-01-22 14:56:00,Meta_Facebook,facebook,cpc,FB_Awareness,/checkout,211,desktop
SES_480214,USR_01807,2024-01-24 13:55:00,Email,email,email,Email_Welcome,/signup,389,mobile
SES_173074,USR_01807,2024-01-25 09:16:00,TikTok,tiktok,cpc,TikTok_Promo,/about,797,mobile
SES_103463,USR_01807,2024-01-24 02:08:00,Meta_Facebook,facebook,cpc,FB_Lookalike,/checkout,175,mobile
SES_475276,USR_01808,2024-03-23 19:15:00,TikTok,,cpc,TikTok_Video1,/home,596,tablet
SES_294335,USR_01809,2024-03-23 04:45:00,Google_Search,google,cpc,GSearch_Competitor,/home,198,tablet
SES_720885,USR_01809,2024-03-24 14:02:00,Email,email,email,Email_Promo,/signup,847,tablet
SES_272631,USR_01809,2024-03-26 12:45:00,Email,email,email,Email_Welcome,/about,489,desktop
SES_795438,USR_01809,2024-03-20 15:31:00,TikTok,tiktok,cpc,TikTok_Video1,/product,365,tablet
SES_726724,USR_01809,2024-03-24 11:37:00,TikTok,tiktok,cpc,TikTok_Promo,/home,778,mobile
SES_332519,USR_01810,2024-01-15 08:43:00,Meta_Facebook,,cpc,FB_Retargeting,/product,472,tablet
SES_598671,USR_01810,2024-01-16 20:21:00,Meta_Facebook,facebook,cpc,FB_Awareness,/about,335,desktop
SES_862455,USR_01811,2024-01-28 08:58:00,Google_Search,google,cpc,GSearch_Brand,/signup,368,tablet
SES_270629,USR_01812,2024-01-24 03:25:00,Email,email,email,Email_Promo,/signup,783,tablet
SES_963812,USR_01812,2024-01-29 19:18:00,Email,email,email,Email_Promo,/signup,406,mobile
SES_266701,USR_01812,2024-01-29 04:35:00,Organic,organic,organic,Organic_SEO,/blog,318,tablet
SES_765077,USR_01812,2024-01-27 17:46:00,Organic,organic,organic,Organic_SEO,/checkout,758,desktop
SES_906136,USR_01813,2024-03-05 23:11:00,Google_Search,google,cpc,GSearch_Generic,/blog,382,desktop
SES_883080,USR_01813,2024-03-09 13:06:00,LinkedIn,linkedin,cpc,LinkedIn_B2B,/pricing,813,mobile
SES_768974,USR_01813,2024-03-11 05:31:00,Email,email,email,,/pricing,752,mobile
SES_466517,USR_01813,2024-03-05 01:11:00,Google_Search,google,cpc,GSearch_Competitor,/checkout,665,desktop
SES_985839,USR_01814,2024-02-29 02:03:00,TikTok,tiktok,cpc,TikTok_Promo,/pricing,550,desktop
SES_278948,USR_01815,2024-01-18 09:35:00,LinkedIn,linkedin,cpc,LinkedIn_B2B,/signup,487,tablet
SES_209528,USR_01815,2024-01-17 08:00:00,TikTok,tiktok,cpc,TikTok_Promo,/checkout,554,tablet
SES_181290,USR_01815,2024-01-20 10:44:00,Meta_Facebook,facebook,cpc,FB_Awareness,/about,654,tablet
SES_762579,USR_01815,2024-01-15 18:02:00,Google_Search,google,cpc,GSearch_Brand,/checkout,94,desktop
SES_823122,USR_01815,2024-01-17 07:14:00,TikTok,tiktok,cpc,TikTok_Promo,/home,829,tablet
SES_786262,USR_01816,2024-02-16 18:11:00,LinkedIn,linkedin,cpc,LinkedIn_B2B,/signup,543,desktop
SES_391675,USR_01816,2024-02-11 03:27:00,Meta_Facebook,facebook,cpc,FB_Lookalike,/pricing,277,desktop
SES_460220,USR_01816,2024-02-13 13:13:00,Organic,organic,organic,Organic_Direct,/checkout,483,mobile
SES_219047,USR_01816,2024-02-15 03:25:00,Google_Search,,cpc,GSearch_Generic,/signup,560,desktop
SES_223384,USR_01816,2024-02-14 13:33:00,Organic,organic,organic,Organic_SEO,/about,338,desktop
SES_281705,USR_01817,2024-01-26 10:05:00,Meta_Facebook,facebook,cpc,FB_Retargeting,/home,155,mobile
SES_923076,USR_01817,2024-01-21 08:36:00,Google_Search,google,cpc,GSearch_Competitor,/checkout,821,mobile
SES_945800,USR_01817,2024-01-25 02:41:00,Google_Search,,cpc,GSearch_Brand,/about,861,desktop
SES_598151,USR_01817,2024-01-28 18:27:00,Google_Search,,cpc,GSearch_Competitor,/home,632,desktop
SES_281207,USR_01817,2024-01-23 08:20:00,Google_Search,,cpc,GSearch_Competitor,/signup,740,tablet
SES_289206,USR_01818,2024-02-10 14:33:00,LinkedIn,linkedin,cpc,,/checkout,835,desktop
SES_446104,USR_01818,2024-02-10 08:11:00,Google_Search,google,cpc,GSearch_Brand,/checkout,347,tablet
SES_793753,USR_01819,2024-01-10 09:25:00,Meta_Facebook,facebook,cpc,FB_Retargeting,/about,476,tablet
SES_699482,USR_01819,2024-01-10 14:09:00,Organic,organic,organic,Organic_SEO,/product,832,mobile
SES_530172,USR_01819,2024-01-09 22:15:00,LinkedIn,linkedin,cpc,LinkedIn_Lead,/product,877,desktop
SES_149071,USR_01819,2024-01-12 17:11:00,Meta_Facebook,facebook,cpc,FB_Awareness,/blog,699,mobile
SES_684187,USR_01820,2024-03-11 09:17:00,Meta_Facebook,facebook,cpc,FB_Awareness,/home,187,desktop
SES_852459,USR_01820,2024-03-09 08:39:00,Meta_Facebook,facebook,cpc,FB_Retargeting,/pricing,141,tablet
SES_614380,USR_01821,2024-02-28 20:38:00,Google_Search,google,cpc,GSearch_Generic,/product,440,tablet
SES_938300,USR_01821,2024-02-28 04:15:00,Email,,email,Email_Promo,/checkout,559,mobile
SES_722932,USR_01821,2024-02-28 15:34:00,Organic,,organic,Organic_SEO,/home,461,tablet
SES_104997,USR_01822,2024-03-13 19:09:00,TikTok,tiktok,cpc,TikTok_Promo,/product,215,mobile
SES_314746,USR_01822,2024-03-12 10:52:00,Google_Search,google,cpc,GSearch_Competitor,/blog,868,mobile
SES_336455,USR_01822,2024-03-13 09:16:00,LinkedIn,linkedin,cpc,LinkedIn_B2B,/product,304,mobile
SES_775572,USR_01822,2024-03-17 21:05:00,Email,email,email,Email_Retention,/pricing,805,tablet
SES_325039,USR_01823,2024-03-21 21:12:00,Meta_Facebook,facebook,cpc,FB_Awareness,/product,210,tablet
SES_566309,USR_01823,2024-03-21 02:02:00,Meta_Facebook,facebook,cpc,FB_Lookalike,/blog,754,mobile
SES_889305,USR_01823,2024-03-23 22:20:00,Google_Search,google,cpc,GSearch_Brand,/checkout,727,mobile
SES_369856,USR_01823,2024-03-18 14:08:00,LinkedIn,linkedin,cpc,LinkedIn_Lead,/product,519,mobile
SES_767956,USR_01823,2024-03-17 19:31:00,Email,email,email,Email_Retention,/signup,299,desktop
SES_365358,USR_01824,2024-01-28 16:55:00,TikTok,tiktok,cpc,TikTok_Promo,/signup,403,tablet
SES_252104,USR_01824,2024-01-23 23:03:00,Meta_Facebook,facebook,cpc,FB_Lookalike,/signup,83,desktop
SES_882935,USR_01825,2024-03-14 21:24:00,Google_Search,google,cpc,GSearch_Generic,/about,808,desktop
SES_432587,USR_01826,2024-02-22 14:53:00,Organic,organic,organic,Organic_SEO,/product,261,mobile
SES_139084,USR_01826,2024-02-20 05:15:00,Organic,organic,organic,Organic_SEO,/blog,770,tablet
SES_403504,USR_01826,2024-02-19 21:53:00,LinkedIn,linkedin,cpc,LinkedIn_B2B,/about,418,mobile
SES_879233,USR_01826,2024-02-17 21:57:00,Meta_Facebook,facebook,cpc,FB_Awareness,/home,502,tablet
SES_743511,USR_01826,2024-02-21 11:10:00,Google_Search,,cpc,GSearch_Competitor,/product,298,tablet
SES_568307,USR_01827,2024-03-04 04:03:00,Meta_Facebook,facebook,cpc,FB_Lookalike,/home,517,tablet
SES_827226,USR_01827,2024-02-28 12:29:00,Google_Search,google,cpc,GSearch_Generic,/about,331,desktop
SES_411526,USR_01828,2024-02-18 08:44:00,Google_Search,google,cpc,GSearch_Generic,/blog,838,tablet
SES_611915,USR_01828,2024-02-17 20:31:00,LinkedIn,linkedin,cpc,LinkedIn_Lead,/blog,893,tablet
SES_703566,USR_01829,2024-01-10 04:14:00,Google_Search,google,cpc,GSearch_Brand,/checkout,722,tablet
SES_226520,USR_01829,2024-01-07 17:30:00,Organic,organic,organic,Organic_SEO,/signup,153,desktop
SES_755763,USR_01829,2024-01-12 06:03:00,LinkedIn,linkedin,cpc,LinkedIn_B2B,/signup,890,mobile
SES_361396,USR_01829,2024-01-07 14:47:00,Google_Search,google,cpc,GSearch_Generic,/product,141,mobile
SES_639869,USR_01829,2024-01-12 20:54:00,LinkedIn,linkedin,cpc,LinkedIn_B2B,/checkout,588,mobile
SES_773336,USR_01830,2024-03-17 18:08:00,LinkedIn,linkedin,cpc,LinkedIn_Lead,/signup,883,desktop
SES_940284,USR_01830,2024-03-10 22:42:00,TikTok,tiktok,cpc,TikTok_Video1,/blog,894,tablet
SES_287191,USR_01830,2024-03-16 00:17:00,Google_Search,,cpc,,/about,880,desktop
SES_992969,USR_01830,2024-03-16 12:37:00,Organic,organic,organic,Organic_SEO,/home,615,desktop
SES_663920,USR_01830,2024-03-16 23:26:00,Meta_Facebook,facebook,cpc,FB_Lookalike,/signup,868,desktop
SES_375485,USR_01831,2024-02-06 21:10:00,Google_Search,,cpc,GSearch_Generic,/about,826,mobile
SES_628590,USR_01831,2024-02-10 23:02:00,Meta_Facebook,facebook,cpc,FB_Lookalike,/blog,536,mobile
SES_269200,USR_01831,2024-02-10 20:46:00,Meta_Facebook,facebook,cpc,,/about,851,mobile
SES_916398,USR_01832,2024-02-19 23:59:00,Google_Search,google,cpc,GSearch_Generic,/checkout,180,mobile
SES_863611,USR_01832,2024-02-18 12:24:00,Email,email,email,Email_Retention,/signup,269,tablet
SES_560504,USR_01832,2024-02-19 04:29:00,Meta_Facebook,facebook,cpc,FB_Lookalike,/about,507,mobile
SES_513214,USR_01832,2024-02-21 23:21:00,Meta_Facebook,facebook,cpc,FB_Lookalike,/checkout,480,desktop
SES_557862,USR_01833,2024-03-25 20:38:00,LinkedIn,linkedin,cpc,LinkedIn_B2B,/blog,531,mobile
SES_603617,USR_01834,2024-02-13 06:24:00,LinkedIn,linkedin,cpc,LinkedIn_B2B,/signup,49,desktop
SES_167496,USR_01834,2024-02-10 02:50:00,LinkedIn,linkedin,cpc,LinkedIn_B2B,/home,53,mobile
SES_222592,USR_01834,2024-02-14 16:53:00,Email,email,email,Email_Promo,/product,780,desktop
SES_811839,USR_01834,2024-02-10 23:03:00,Meta_Facebook,,cpc,FB_Lookalike,/product,217,mobile
SES_597801,USR_01835,2024-01-09 08:41:00,TikTok,tiktok,cpc,TikTok_Video1,/pricing,408,desktop
SES_268090,USR_01835,2024-01-13 14:33:00,LinkedIn,linkedin,cpc,LinkedIn_Lead,/about,756,tablet
SES_582043,USR_01835,2024-01-10 02:29:00,Google_Search,google,cpc,GSearch_Generic,/pricing,54,desktop
SES_106020,USR_01836,2024-03-18 21:49:00,Meta_Facebook,facebook,cpc,FB_Awareness,/about,153,mobile
SES_494092,USR_01836,2024-03-19 02:52:00,Meta_Facebook,facebook,cpc,FB_Awareness,/blog,164,desktop
SES_691106,USR_01836,2024-03-15 00:38:00,Organic,organic,organic,Organic_Direct,/home,211,tablet
SES_327812,USR_01836,2024-03-13 10:51:00,Google_Search,google,cpc,GSearch_Brand,/checkout,836,tablet
SES_279685,USR_01837,2024-02-22 05:45:00,Meta_Facebook,facebook,cpc,FB_Retargeting,/pricing,804,tablet
SES_632136,USR_01838,2024-03-21 09:18:00,Google_Search,google,cpc,GSearch_Generic,/product,528,tablet
SES_204134,USR_01839,2024-03-12 05:22:00,Email,email,email,Email_Retention,/checkout,165,mobile
SES_667126,USR_01839,2024-03-10 05:32:00,Google_Search,,cpc,GSearch_Brand,/signup,695,mobile
SES_937440,USR_01840,2024-02-14 21:29:00,Organic,organic,organic,Organic_Direct,/blog,241,mobile
SES_152641,USR_01840,2024-02-10 19:39:00,Organic,organic,organic,Organic_Direct,/product,516,desktop
SES_656213,USR_01841,2024-02-04 03:19:00,Meta_Facebook,facebook,cpc,FB_Awareness,/checkout,698,mobile
SES_171601,USR_01842,2024-02-25 19:09:00,TikTok,tiktok,cpc,TikTok_Video1,/home,550,tablet
SES_452297,USR_01842,2024-02-22 02:58:00,Organic,organic,organic,Organic_Direct,/blog,298,mobile
SES_945667,USR_01842,2024-02-23 18:54:00,Organic,organic,organic,Organic_Direct,/product,740,desktop
SES_283075,USR_01842,2024-02-18 17:28:00,Organic,,organic,Organic_SEO,/checkout,863,tablet
SES_841175,USR_01842,2024-02-25 10:03:00,Google_Search,google,cpc,GSearch_Generic,/product,208,desktop
SES_382148,USR_01843,2024-02-02 09:43:00,TikTok,tiktok,cpc,TikTok_Video1,/signup,613,desktop
SES_432606,USR_01843,2024-02-06 17:08:00,TikTok,tiktok,cpc,TikTok_Video1,/pricing,287,desktop
SES_799366,USR_01843,2024-02-08 15:33:00,Organic,organic,organic,Organic_SEO,/product,607,mobile
SES_520124,USR_01843,2024-02-08 13:11:00,Meta_Facebook,facebook,cpc,FB_Retargeting,/about,802,desktop
SES_140320,USR_01843,2024-02-05 14:13:00,Google_Search,google,cpc,GSearch_Competitor,/about,767,mobile
SES_172266,USR_01844,2024-03-21 09:40:00,Meta_Facebook,facebook,cpc,FB_Lookalike,/checkout,818,desktop
SES_741149,USR_01844,2024-03-24 11:24:00,Google_Search,google,cpc,GSearch_Competitor,/pricing,49,tablet
SES_288327,USR_01845,2024-03-11 04:34:00,TikTok,tiktok,cpc,TikTok_Video1,/product,887,desktop
SES_473828,USR_01845,2024-03-13 02:05:00,Google_Search,google,cpc,GSearch_Brand,/checkout,529,desktop
SES_148431,USR_01845,2024-03-13 11:34:00,Google_Search,google,cpc,GSearch_Competitor,/pricing,431,mobile
SES_735680,USR_01846,2024-01-05 06:05:00,Google_Search,google,cpc,GSearch_Competitor,/about,194,desktop
SES_442468,USR_01846,2024-01-02 12:12:00,Email,email,email,Email_Welcome,/checkout,108,desktop
SES_452055,USR_01846,2024-01-08 01:33:00,TikTok,tiktok,cpc,TikTok_Promo,/blog,758,tablet
SES_595708,USR_01846,2024-01-08 18:38:00,Meta_Facebook,facebook,cpc,FB_Lookalike,/checkout,518,tablet
SES_209982,USR_01847,2024-01-17 18:35:00,LinkedIn,linkedin,cpc,LinkedIn_B2B,/signup,549,tablet
SES_289468,USR_01847,2024-01-18 02:30:00,Google_Search,google,cpc,GSearch_Generic,/checkout,493,tablet
SES_814847,USR_01847,2024-01-16 14:01:00,Google_Search,google,cpc,GSearch_Generic,/about,70,tablet
SES_534308,USR_01847,2024-01-16 09:48:00,LinkedIn,linkedin,cpc,LinkedIn_B2B,/checkout,267,mobile
SES_861290,USR_01847,2024-01-18 10:27:00,LinkedIn,,cpc,LinkedIn_Lead,/pricing,183,desktop
SES_269717,USR_01848,2024-01-08 12:25:00,Organic,organic,organic,Organic_Direct,/signup,668,tablet
SES_716443,USR_01848,2024-01-08 04:01:00,Meta_Facebook,facebook,cpc,FB_Lookalike,/home,601,desktop
SES_391069,USR_01848,2024-01-11 22:59:00,Meta_Facebook,facebook,cpc,FB_Retargeting,/about,70,desktop
SES_450990,USR_01848,2024-01-13 10:44:00,TikTok,tiktok,cpc,TikTok_Video1,/signup,581,mobile
SES_709688,USR_01849,2024-03-10 07:41:00,LinkedIn,linkedin,cpc,LinkedIn_B2B,/product,396,desktop
SES_760791,USR_01849,2024-03-12 05:47:00,Organic,organic,organic,Organic_SEO,/home,856,desktop
SES_831755,USR_01849,2024-03-13 02:02:00,Meta_Facebook,facebook,cpc,FB_Retargeting,/blog,51,mobile
SES_275955,USR_01849,2024-03-09 23:26:00,Email,,email,,/about,449,mobile
SES_755303,USR_01849,2024-03-14 22:37:00,TikTok,tiktok,cpc,TikTok_Promo,/home,430,mobile
SES_409329,USR_01850,2024-03-09 05:22:00,Meta_Facebook,facebook,cpc,FB_Retargeting,/home,806,mobile
SES_486322,USR_01850,2024-03-05 06:29:00,Google_Search,google,cpc,GSearch_Competitor,/pricing,629,mobile
SES_513533,USR_01850,2024-03-10 03:24:00,Google_Search,google,cpc,GSearch_Competitor,/product,325,mobile
SES_900947,USR_01850,2024-03-06 15:56:00,Google_Search,google,cpc,GSearch_Brand,/checkout,75,mobile
SES_686281,USR_01851,2024-03-04 12:16:00,Meta_Facebook,facebook,cpc,FB_Retargeting,/blog,149,desktop
SES_199785,USR_01851,2024-03-05 04:13:00,Google_Search,google,cpc,GSearch_Competitor,/product,148,desktop
SES_613827,USR_01851,2024-03-03 09:04:00,Google_Search,google,cpc,GSearch_Generic,/checkout,60,tablet
SES_688386,USR_01851,2024-03-03 23:47:00,Meta_Facebook,facebook,cpc,FB_Retargeting,/about,741,desktop
SES_302033,USR_01852,2024-03-16 20:08:00,Organic,organic,organic,Organic_SEO,/about,571,desktop
SES_984249,USR_01852,2024-03-14 13:13:00,Google_Search,google,cpc,GSearch_Competitor,/pricing,405,desktop
SES_694260,USR_01852,2024-03-14 02:16:00,Google_Search,google,cpc,GSearch_Brand,/checkout,636,tablet
SES_483072,USR_01852,2024-03-19 07:00:00,Google_Search,google,cpc,GSearch_Brand,/home,822,tablet
SES_930056,USR_01852,2024-03-20 19:55:00,Meta_Facebook,facebook,cpc,FB_Awareness,/pricing,292,desktop
SES_243471,USR_01853,2024-03-14 01:40:00,Google_Search,google,cpc,GSearch_Brand,/signup,239,tablet
SES_766018,USR_01853,2024-03-20 13:01:00,Google_Search,,cpc,GSearch_Generic,/signup,324,mobile
SES_400208,USR_01853,2024-03-14 13:34:00,Google_Search,google,cpc,,/about,653,desktop
SES_678007,USR_01853,2024-03-18 13:20:00,Google_Search,google,cpc,GSearch_Brand,/pricing,209,desktop
SES_747318,USR_01853,2024-03-18 01:47:00,LinkedIn,linkedin,cpc,LinkedIn_Lead,/checkout,359,desktop
SES_325246,USR_01854,2024-01-20 19:46:00,Google_Search,google,cpc,GSearch_Generic,/product,664,mobile
SES_498343,USR_01854,2024-01-19 08:43:00,LinkedIn,linkedin,cpc,,/blog,691,desktop
SES_915898,USR_01854,2024-01-15 23:12:00,LinkedIn,linkedin,cpc,LinkedIn_Lead,/blog,677,tablet
SES_606592,USR_01855,2024-01-18 00:02:00,Email,email,email,Email_Retention,/pricing,563,mobile
SES_360739,USR_01855,2024-01-11 05:23:00,TikTok,tiktok,cpc,TikTok_Promo,/pricing,248,tablet
SES_263563,USR_01855,2024-01-13 22:52:00,Meta_Facebook,facebook,cpc,FB_Awareness,/about,810,mobile
SES_347079,USR_01856,2024-02-13 23:43:00,Meta_Facebook,facebook,cpc,FB_Retargeting,/checkout,170,mobile
SES_916577,USR_01856,2024-02-13 00:15:00,Google_Search,google,cpc,GSearch_Generic,/blog,87,tablet
SES_619037,USR_01857,2024-02-08 03:54:00,Meta_Facebook,facebook,cpc,FB_Awareness,/home,863,mobile
SES_900591,USR_01857,2024-02-07 01:37:00,Google_Search,google,cpc,,/blog,84,tablet
SES_830727,USR_01857,2024-02-10 00:03:00,Email,email,email,Email_Welcome,/checkout,571,desktop
SES_417904,USR_01858,2024-03-09 04:10:00,TikTok,tiktok,cpc,TikTok_Promo,/pricing,219,desktop
SES_555842,USR_01858,2024-03-12 09:19:00,Meta_Facebook,facebook,cpc,FB_Lookalike,/product,625,mobile
SES_942763,USR_01858,2024-03-12 11:08:00,Meta_Facebook,,cpc,FB_Retargeting,/checkout,447,desktop
SES_281494,USR_01858,2024-03-09 02:27:00,TikTok,tiktok,cpc,TikTok_Video1,/about,89,tablet
SES_571940,USR_01859,2024-01-26 02:44:00,Meta_Facebook,facebook,cpc,FB_Retargeting,/pricing,215,tablet
SES_622966,USR_01859,2024-01-23 14:39:00,LinkedIn,linkedin,cpc,LinkedIn_B2B,/product,153,mobile
SES_323497,USR_01859,2024-01-27 12:09:00,Google_Search,google,cpc,GSearch_Competitor,/signup,264,mobile
SES_606590,USR_01860,2024-02-18 14:41:00,Google_Search,google,cpc,GSearch_Competitor,/about,252,mobile
SES_942906,USR_01860,2024-02-19 13:22:00,Meta_Facebook,facebook,cpc,FB_Awareness,/pricing,860,tablet
SES_808691,USR_01860,2024-02-19 20:56:00,Email,email,email,Email_Retention,/blog,613,desktop
SES_436274,USR_01860,2024-02-16 16:59:00,TikTok,tiktok,cpc,TikTok_Video1,/home,304,tablet
SES_582329,USR_01861,2024-01-20 10:01:00,Meta_Facebook,facebook,cpc,FB_Lookalike,/pricing,435,mobile
SES_942255,USR_01861,2024-01-18 03:02:00,Organic,organic,organic,Organic_Direct,/about,336,tablet
SES_499644,USR_01861,2024-01-18 03:05:00,TikTok,tiktok,cpc,TikTok_Promo,/pricing,598,tablet
SES_721476,USR_01862,2024-01-05 14:57:00,Meta_Facebook,facebook,cpc,FB_Awareness,/home,873,mobile
SES_895164,USR_01862,2024-01-06 12:10:00,Email,email,email,Email_Retention,/checkout,297,mobile
SES_915843,USR_01862,2024-01-04 03:25:00,Meta_Facebook,facebook,cpc,FB_Lookalike,/blog,816,desktop
SES_259564,USR_01862,2024-01-10 12:56:00,TikTok,tiktok,cpc,TikTok_Promo,/blog,836,mobile
SES_869929,USR_01862,2024-01-05 00:44:00,TikTok,tiktok,cpc,TikTok_Promo,/product,712,mobile
SES_456610,USR_01863,2024-03-05 14:23:00,Google_Search,google,cpc,GSearch_Competitor,/blog,881,mobile
SES_312673,USR_01863,2024-03-05 09:32:00,Organic,organic,organic,Organic_SEO,/blog,607,tablet
SES_564370,USR_01864,2024-02-17 04:49:00,LinkedIn,linkedin,cpc,LinkedIn_B2B,/home,784,mobile
SES_505045,USR_01865,2024-02-23 23:29:00,LinkedIn,linkedin,cpc,LinkedIn_B2B,/signup,46,tablet
SES_466804,USR_01865,2024-02-21 00:43:00,TikTok,tiktok,cpc,TikTok_Promo,/pricing,338,desktop
SES_199740,USR_01865,2024-02-25 04:22:00,TikTok,tiktok,cpc,TikTok_Video1,/pricing,483,mobile
SES_940231,USR_01866,2024-03-22 00:59:00,Google_Search,google,cpc,GSearch_Brand,/pricing,314,tablet
SES_214891,USR_01866,2024-03-15 20:35:00,Meta_Facebook,facebook,cpc,FB_Lookalike,/signup,728,desktop
SES_216023,USR_01866,2024-03-17 06:05:00,TikTok,tiktok,cpc,TikTok_Promo,/pricing,371,mobile
SES_918983,USR_01866,2024-03-19 00:52:00,TikTok,tiktok,cpc,TikTok_Video1,/signup,481,tablet
SES_445250,USR_01866,2024-03-19 17:19:00,LinkedIn,linkedin,cpc,LinkedIn_Lead,/home,211,mobile
SES_157018,USR_01867,2024-03-04 13:48:00,Organic,organic,organic,Organic_SEO,/about,526,mobile
SES_957109,USR_01867,2024-03-02 09:16:00,Google_Search,google,cpc,GSearch_Competitor,/pricing,389,mobile
SES_974937,USR_01868,2024-01-11 00:54:00,Meta_Facebook,facebook,cpc,FB_Lookalike,/signup,600,mobile
SES_861507,USR_01868,2024-01-05 15:06:00,Meta_Facebook,facebook,cpc,FB_Awareness,/home,729,tablet
SES_382668,USR_01868,2024-01-09 05:51:00,Google_Search,google,cpc,GSearch_Generic,/product,501,mobile
SES_426625,USR_01868,2024-01-10 16:26:00,Google_Search,google,cpc,GSearch_Generic,/blog,663,tablet
SES_331890,USR_01868,2024-01-08 10:01:00,Google_Search,google,cpc,GSearch_Generic,/product,216,desktop
SES_616057,USR_01869,2024-02-09 03:14:00,TikTok,tiktok,cpc,TikTok_Video1,/about,39,desktop
SES_270555,USR_01869,2024-02-10 05:50:00,Email,email,email,Email_Retention,/home,899,tablet
SES_764687,USR_01869,2024-02-05 04:13:00,Organic,,organic,Organic_SEO,/checkout,317,mobile
SES_321053,USR_01869,2024-02-03 17:19:00,Google_Search,google,cpc,GSearch_Competitor,/pricing,816,mobile
SES_669417,USR_01870,2024-01-05 06:25:00,Google_Search,google,cpc,GSearch_Generic,/about,455,tablet
SES_493483,USR_01870,2024-01-09 23:39:00,TikTok,tiktok,cpc,TikTok_Video1,/pricing,661,mobile
SES_330532,USR_01870,2024-01-12 22:41:00,Meta_Facebook,facebook,cpc,FB_Lookalike,/pricing,330,desktop
SES_430560,USR_01871,2024-02-03 18:19:00,TikTok,tiktok,cpc,TikTok_Promo,/signup,189,tablet
SES_214070,USR_01871,2024-02-04 12:26:00,Google_Search,google,cpc,GSearch_Competitor,/about,265,mobile
SES_202134,USR_01871,2024-02-05 10:16:00,Google_Search,google,cpc,GSearch_Competitor,/checkout,145,desktop
SES_810265,USR_01872,2024-01-27 08:42:00,TikTok,tiktok,cpc,TikTok_Promo,/blog,146,mobile
SES_618047,USR_01872,2024-01-27 12:22:00,Email,email,email,Email_Promo,/home,215,desktop
SES_580272,USR_01872,2024-01-30 11:51:00,TikTok,tiktok,cpc,TikTok_Promo,/product,386,mobile
SES_961442,USR_01872,2024-01-26 18:13:00,Meta_Facebook,facebook,cpc,FB_Lookalike,/product,339,tablet
SES_260984,USR_01872,2024-01-28 04:45:00,Meta_Facebook,facebook,cpc,FB_Lookalike,/product,896,mobile
SES_875491,USR_01873,2024-02-15 11:42:00,Meta_Facebook,facebook,cpc,FB_Lookalike,/signup,473,mobile
SES_413032,USR_01873,2024-02-10 08:06:00,Google_Search,google,cpc,GSearch_Competitor,/pricing,421,desktop
SES_804900,USR_01873,2024-02-14 05:54:00,TikTok,tiktok,cpc,TikTok_Video1,/blog,133,desktop
SES_789788,USR_01873,2024-02-11 05:39:00,Organic,organic,organic,Organic_SEO,/home,561,mobile
SES_639683,USR_01873,2024-02-09 13:28:00,LinkedIn,linkedin,cpc,LinkedIn_B2B,/checkout,300,desktop
SES_166385,USR_01874,2024-03-14 17:05:00,Email,email,email,,/home,443,tablet
SES_513023,USR_01874,2024-03-12 19:31:00,Google_Search,google,cpc,GSearch_Brand,/checkout,114,tablet
SES_683115,USR_01874,2024-03-15 21:29:00,TikTok,tiktok,cpc,TikTok_Video1,/pricing,868,mobile
SES_997129,USR_01874,2024-03-13 18:37:00,LinkedIn,linkedin,cpc,LinkedIn_B2B,/pricing,765,tablet
SES_402679,USR_01875,2024-03-14 05:24:00,TikTok,tiktok,cpc,TikTok_Video1,/home,348,mobile
SES_275976,USR_01875,2024-03-11 05:33:00,Email,,email,Email_Promo,/checkout,366,tablet
SES_347357,USR_01875,2024-03-12 11:28:00,TikTok,tiktok,cpc,,/checkout,312,mobile
SES_710683,USR_01875,2024-03-10 05:16:00,TikTok,,cpc,TikTok_Video1,/about,67,mobile
SES_702848,USR_01875,2024-03-11 23:51:00,Meta_Facebook,facebook,cpc,FB_Lookalike,/checkout,498,mobile
SES_555938,USR_01876,2024-01-31 13:28:00,TikTok,tiktok,cpc,,/signup,84,desktop
SES_119350,USR_01876,2024-02-01 06:20:00,LinkedIn,linkedin,cpc,LinkedIn_Lead,/pricing,716,mobile
SES_993661,USR_01876,2024-02-05 11:36:00,Google_Search,google,cpc,GSearch_Competitor,/signup,542,desktop
SES_938891,USR_01876,2024-02-06 13:18:00,Meta_Facebook,facebook,cpc,FB_Awareness,/signup,560,tablet
SES_467179,USR_01877,2024-01-12 19:57:00,Google_Search,google,cpc,GSearch_Brand,/checkout,239,desktop
SES_246000,USR_01877,2024-01-10 12:17:00,LinkedIn,linkedin,cpc,LinkedIn_B2B,/checkout,839,mobile
SES_933981,USR_01877,2024-01-16 17:30:00,Google_Search,google,cpc,GSearch_Brand,/home,754,desktop
SES_491884,USR_01878,2024-01-20 09:32:00,Google_Search,google,cpc,GSearch_Competitor,/about,75,tablet
SES_701195,USR_01878,2024-01-14 19:17:00,TikTok,tiktok,cpc,TikTok_Promo,/blog,280,tablet
SES_627499,USR_01878,2024-01-19 10:35:00,Meta_Facebook,facebook,cpc,FB_Retargeting,/signup,453,desktop
SES_748133,USR_01878,2024-01-21 14:49:00,Meta_Facebook,facebook,cpc,FB_Lookalike,/pricing,848,mobile
SES_698381,USR_01879,2024-01-27 18:13:00,Google_Search,google,cpc,GSearch_Generic,/product,417,tablet
SES_516365,USR_01879,2024-01-27 03:40:00,Google_Search,google,cpc,GSearch_Competitor,/pricing,768,desktop
SES_571250,USR_01879,2024-01-31 23:33:00,Organic,organic,organic,Organic_SEO,/home,720,mobile
SES_670947,USR_01879,2024-02-03 00:29:00,Google_Search,google,cpc,GSearch_Brand,/pricing,442,mobile
SES_432941,USR_01879,2024-01-29 13:24:00,Google_Search,google,cpc,GSearch_Generic,/product,736,desktop
SES_934959,USR_01880,2024-02-23 21:51:00,Organic,organic,organic,Organic_SEO,/product,210,mobile
SES_723344,USR_01880,2024-02-20 23:36:00,Organic,,organic,Organic_SEO,/blog,864,mobile
SES_893349,USR_01881,2024-02-15 02:11:00,TikTok,tiktok,cpc,,/product,235,desktop
SES_107172,USR_01882,2024-03-16 02:11:00,LinkedIn,linkedin,cpc,LinkedIn_Lead,/blog,162,tablet
SES_115190,USR_01882,2024-03-15 23:18:00,TikTok,,cpc,TikTok_Video1,/pricing,515,desktop
SES_595453,USR_01882,2024-03-13 22:18:00,TikTok,,cpc,TikTok_Promo,/blog,683,mobile
SES_531473,USR_01882,2024-03-14 18:27:00,Organic,organic,organic,Organic_SEO,/checkout,349,tablet
SES_821114,USR_01883,2024-03-12 00:45:00,LinkedIn,,cpc,LinkedIn_B2B,/checkout,253,mobile
SES_974199,USR_01883,2024-03-13 06:44:00,Email,email,email,Email_Promo,/about,101,desktop
SES_541037,USR_01884,2024-02-13 02:57:00,TikTok,tiktok,cpc,TikTok_Video1,/checkout,767,desktop
SES_731635,USR_01885,2024-01-15 09:42:00,TikTok,tiktok,cpc,TikTok_Video1,/product,847,tablet
SES_879370,USR_01885,2024-01-16 16:37:00,Google_Search,,cpc,GSearch_Brand,/checkout,381,tablet
SES_140649,USR_01885,2024-01-17 21:35:00,TikTok,,cpc,TikTok_Video1,/blog,842,tablet
SES_936201,USR_01885,2024-01-15 04:41:00,Organic,organic,organic,Organic_Direct,/signup,718,desktop
SES_195054,USR_01885,2024-01-18 19:56:00,Organic,organic,organic,Organic_Direct,/signup,346,desktop
SES_609354,USR_01886,2024-01-04 09:08:00,Meta_Facebook,facebook,cpc,FB_Lookalike,/pricing,642,desktop
SES_325595,USR_01887,2024-03-09 18:08:00,Meta_Facebook,facebook,cpc,,/blog,716,tablet
SES_198270,USR_01888,2024-01-11 00:18:00,TikTok,tiktok,cpc,TikTok_Promo,/checkout,275,tablet
SES_425338,USR_01888,2024-01-18 02:01:00,LinkedIn,linkedin,cpc,LinkedIn_B2B,/checkout,795,mobile
SES_158709,USR_01889,2024-01-24 12:48:00,Google_Search,google,cpc,GSearch_Competitor,/product,463,tablet
SES_922175,USR_01889,2024-01-23 14:50:00,Google_Search,google,cpc,GSearch_Brand,/about,883,tablet
SES_559196,USR_01889,2024-01-25 22:11:00,Google_Search,google,cpc,GSearch_Generic,/blog,457,mobile
SES_758919,USR_01890,2024-02-10 02:03:00,LinkedIn,linkedin,cpc,LinkedIn_Lead,/home,735,desktop
SES_287687,USR_01891,2024-01-07 06:03:00,Meta_Facebook,facebook,cpc,FB_Retargeting,/about,382,mobile
SES_259371,USR_01892,2024-03-08 16:32:00,TikTok,tiktok,cpc,TikTok_Promo,/home,73,desktop
SES_984016,USR_01893,2024-02-23 01:32:00,Email,email,email,,/pricing,688,tablet
SES_371855,USR_01893,2024-02-28 04:51:00,TikTok,tiktok,cpc,TikTok_Video1,/home,807,desktop
SES_686054,USR_01893,2024-03-01 17:52:00,Google_Search,google,cpc,GSearch_Brand,/about,369,mobile
SES_366677,USR_01893,2024-02-29 09:07:00,Google_Search,google,cpc,GSearch_Brand,/product,266,tablet
SES_177495,USR_01893,2024-02-26 01:13:00,Meta_Facebook,,cpc,FB_Awareness,/about,796,desktop
SES_446700,USR_01894,2024-01-06 00:27:00,Google_Search,google,cpc,GSearch_Brand,/product,509,desktop
SES_656589,USR_01895,2024-02-24 06:10:00,Email,email,email,Email_Retention,/blog,432,mobile
SES_947912,USR_01896,2024-01-19 22:19:00,Google_Search,google,cpc,GSearch_Brand,/blog,144,tablet
SES_400261,USR_01896,2024-01-15 20:26:00,Email,email,email,Email_Promo,/checkout,332,tablet
SES_327530,USR_01896,2024-01-16 01:42:00,Google_Search,,cpc,GSearch_Brand,/checkout,892,tablet
SES_347675,USR_01897,2024-03-12 10:00:00,Meta_Facebook,facebook,cpc,FB_Lookalike,/signup,470,mobile
SES_725512,USR_01897,2024-03-13 19:17:00,Meta_Facebook,facebook,cpc,FB_Awareness,/blog,94,tablet
SES_170475,USR_01897,2024-03-15 05:52:00,LinkedIn,linkedin,cpc,LinkedIn_Lead,/signup,659,mobile
SES_997101,USR_01898,2024-02-23 05:57:00,Meta_Facebook,facebook,cpc,FB_Awareness,/product,39,tablet
SES_956486,USR_01898,2024-02-18 21:43:00,Meta_Facebook,facebook,cpc,FB_Awareness,/blog,742,mobile
SES_915789,USR_01898,2024-02-25 23:17:00,TikTok,tiktok,cpc,TikTok_Video1,/about,363,mobile
SES_275365,USR_01898,2024-02-21 01:07:00,TikTok,tiktok,cpc,TikTok_Video1,/checkout,301,mobile
SES_961578,USR_01898,2024-02-25 14:50:00,TikTok,tiktok,cpc,,/home,850,tablet
SES_331120,USR_01899,2024-03-21 03:54:00,Google_Search,google,cpc,GSearch_Brand,/about,854,mobile
SES_199962,USR_01899,2024-03-25 11:23:00,Email,email,email,Email_Retention,/product,696,mobile
SES_443247,USR_01899,2024-03-28 04:52:00,Email,email,email,Email_Promo,/signup,589,desktop
SES_772181,USR_01899,2024-03-22 21:03:00,LinkedIn,linkedin,cpc,,/home,167,desktop
SES_339042,USR_01900,2024-02-02 10:02:00,Email,email,email,Email_Promo,/checkout,76,mobile
SES_720020,USR_01900,2024-01-28 15:23:00,TikTok,,cpc,TikTok_Promo,/checkout,529,tablet
SES_806335,USR_01900,2024-01-30 01:45:00,Email,email,email,Email_Welcome,/signup,193,desktop
SES_658346,USR_01900,2024-01-30 22:32:00,Google_Search,google,cpc,GSearch_Competitor,/pricing,104,desktop
SES_781539,USR_01900,2024-01-29 18:59:00,Organic,organic,organic,Organic_Direct,/product,526,tablet
SES_184428,USR_01901,2024-02-26 11:47:00,TikTok,,cpc,TikTok_Video1,/checkout,506,mobile
SES_111647,USR_01901,2024-02-27 09:14:00,Email,email,email,Email_Retention,/pricing,668,desktop
SES_249942,USR_01901,2024-02-24 22:24:00,Meta_Facebook,facebook,cpc,FB_Awareness,/blog,511,desktop
SES_216804,USR_01901,2024-02-27 08:40:00,Google_Search,google,cpc,GSearch_Competitor,/home,176,tablet
SES_820458,USR_01901,2024-02-23 00:14:00,Google_Search,,cpc,GSearch_Brand,/blog,122,mobile
SES_931148,USR_01902,2024-02-08 13:10:00,Meta_Facebook,facebook,cpc,FB_Lookalike,/home,456,mobile
SES_323634,USR_01903,2024-03-09 09:59:00,LinkedIn,linkedin,cpc,LinkedIn_Lead,/pricing,800,tablet
SES_340330,USR_01903,2024-03-12 17:09:00,Organic,,organic,Organic_Direct,/blog,680,tablet
SES_189387,USR_01903,2024-03-06 18:56:00,Organic,organic,organic,Organic_SEO,/pricing,730,tablet
SES_499344,USR_01904,2024-01-11 07:22:00,Google_Search,google,cpc,GSearch_Brand,/pricing,331,mobile
SES_762458,USR_01904,2024-01-08 22:58:00,Meta_Facebook,facebook,cpc,FB_Awareness,/signup,877,tablet
SES_650788,USR_01904,2024-01-11 07:48:00,Google_Search,google,cpc,GSearch_Brand,/product,800,mobile
SES_247437,USR_01904,2024-01-11 15:44:00,Google_Search,google,cpc,GSearch_Competitor,/pricing,59,mobile
SES_484519,USR_01904,2024-01-10 17:59:00,Meta_Facebook,facebook,cpc,FB_Awareness,/home,199,mobile
SES_662401,USR_01905,2024-01-16 23:01:00,Meta_Facebook,facebook,cpc,FB_Awareness,/signup,363,tablet
SES_596755,USR_01905,2024-01-17 07:31:00,Google_Search,google,cpc,GSearch_Competitor,/checkout,822,desktop
SES_772505,USR_01906,2024-01-10 02:46:00,TikTok,tiktok,cpc,TikTok_Promo,/product,876,mobile
SES_398868,USR_01906,2024-01-10 13:06:00,LinkedIn,linkedin,cpc,LinkedIn_Lead,/product,251,desktop
SES_904890,USR_01906,2024-01-10 10:20:00,Meta_Facebook,facebook,cpc,FB_Awareness,/pricing,803,tablet
SES_220143,USR_01906,2024-01-12 20:22:00,Google_Search,google,cpc,GSearch_Competitor,/about,495,tablet
SES_691979,USR_01906,2024-01-07 04:09:00,Organic,organic,organic,Organic_SEO,/signup,707,tablet
SES_210184,USR_01907,2024-03-26 20:16:00,Meta_Facebook,facebook,cpc,FB_Retargeting,/home,637,mobile
SES_388519,USR_01907,2024-03-22 11:26:00,LinkedIn,linkedin,cpc,LinkedIn_Lead,/pricing,625,tablet
SES_598127,USR_01908,2024-01-25 22:51:00,Google_Search,google,cpc,GSearch_Generic,/product,455,desktop
SES_406199,USR_01908,2024-01-23 12:15:00,Meta_Facebook,facebook,cpc,FB_Retargeting,/home,541,mobile
SES_369821,USR_01908,2024-01-20 05:49:00,TikTok,tiktok,cpc,TikTok_Promo,/signup,582,desktop
SES_821413,USR_01908,2024-01-23 10:31:00,Google_Search,,cpc,GSearch_Brand,/pricing,518,desktop
SES_250710,USR_01908,2024-01-24 03:25:00,TikTok,tiktok,cpc,TikTok_Promo,/home,562,mobile
SES_747672,USR_01909,2024-01-08 06:48:00,Organic,organic,organic,Organic_Direct,/signup,732,tablet
SES_393213,USR_01909,2024-01-09 15:51:00,Google_Search,google,cpc,GSearch_Competitor,/signup,643,mobile
SES_508485,USR_01909,2024-01-11 05:51:00,Google_Search,google,cpc,GSearch_Competitor,/home,789,desktop
SES_651114,USR_01910,2024-01-26 17:38:00,Google_Search,google,cpc,GSearch_Generic,/signup,688,mobile
SES_711573,USR_01910,2024-01-26 02:26:00,LinkedIn,,cpc,LinkedIn_B2B,/about,479,mobile
SES_780771,USR_01910,2024-01-22 14:22:00,LinkedIn,linkedin,cpc,LinkedIn_B2B,/blog,313,mobile
SES_336532,USR_01911,2024-02-10 07:28:00,Meta_Facebook,,cpc,FB_Retargeting,/checkout,834,desktop
SES_930586,USR_01911,2024-02-10 08:15:00,TikTok,tiktok,cpc,TikTok_Promo,/blog,449,tablet
SES_718143,USR_01911,2024-02-03 16:11:00,LinkedIn,,cpc,LinkedIn_B2B,/product,755,mobile
SES_482716,USR_01912,2024-03-16 13:14:00,Meta_Facebook,facebook,cpc,FB_Lookalike,/blog,219,mobile
SES_877837,USR_01912,2024-03-16 12:09:00,Meta_Facebook,facebook,cpc,FB_Lookalike,/about,688,tablet
SES_150195,USR_01912,2024-03-22 11:54:00,Meta_Facebook,facebook,cpc,FB_Lookalike,/checkout,845,tablet
SES_459848,USR_01912,2024-03-22 00:02:00,Google_Search,google,cpc,GSearch_Generic,/blog,331,desktop
SES_713851,USR_01912,2024-03-19 07:54:00,Meta_Facebook,facebook,cpc,FB_Awareness,/checkout,438,tablet
SES_142544,USR_01913,2024-02-25 17:28:00,Email,email,email,Email_Retention,/blog,165,tablet
SES_967942,USR_01914,2024-03-16 13:14:00,Google_Search,google,cpc,GSearch_Generic,/blog,414,desktop
SES_119365,USR_01914,2024-03-13 14:23:00,Email,email,email,Email_Welcome,/pricing,41,desktop
SES_635156,USR_01914,2024-03-10 07:49:00,TikTok,tiktok,cpc,TikTok_Promo,/blog,617,mobile
SES_777034,USR_01914,2024-03-11 04:00:00,Google_Search,google,cpc,GSearch_Generic,/signup,687,desktop
SES_861611,USR_01915,2024-01-09 23:34:00,Meta_Facebook,facebook,cpc,FB_Awareness,/checkout,441,mobile
SES_142083,USR_01915,2024-01-04 05:35:00,Meta_Facebook,,cpc,FB_Awareness,/checkout,33,mobile
SES_506780,USR_01915,2024-01-02 13:05:00,Google_Search,google,cpc,GSearch_Brand,/checkout,453,desktop
SES_292067,USR_01915,2024-01-03 12:22:00,Meta_Facebook,facebook,cpc,FB_Lookalike,/about,863,mobile
SES_307319,USR_01915,2024-01-06 21:46:00,Organic,organic,organic,Organic_SEO,/blog,301,mobile
SES_524905,USR_01916,2024-03-15 08:36:00,Google_Search,google,cpc,GSearch_Generic,/blog,404,desktop
SES_430408,USR_01916,2024-03-21 18:35:00,Organic,organic,organic,Organic_Direct,/pricing,86,tablet
SES_889280,USR_01916,2024-03-21 19:08:00,Google_Search,google,cpc,GSearch_Generic,/about,304,desktop
SES_722934,USR_01916,2024-03-19 08:57:00,Email,email,email,Email_Retention,/about,143,tablet
SES_849561,USR_01916,2024-03-15 03:46:00,LinkedIn,linkedin,cpc,LinkedIn_Lead,/home,59,mobile
SES_287606,USR_01917,2024-03-20 05:00:00,Meta_Facebook,facebook,cpc,,/home,693,mobile
SES_360295,USR_01917,2024-03-19 10:20:00,Meta_Facebook,facebook,cpc,FB_Retargeting,/product,174,mobile
SES_520919,USR_01917,2024-03-17 05:40:00,Google_Search,google,cpc,GSearch_Generic,/checkout,141,mobile
SES_127617,USR_01917,2024-03-13 18:16:00,Google_Search,google,cpc,GSearch_Generic,/home,111,mobile
SES_566244,USR_01918,2024-02-26 12:20:00,Google_Search,google,cpc,GSearch_Brand,/about,763,tablet
SES_728559,USR_01918,2024-02-24 20:56:00,Meta_Facebook,facebook,cpc,,/product,447,mobile
SES_795830,USR_01918,2024-02-28 23:12:00,Meta_Facebook,facebook,cpc,FB_Lookalike,/checkout,131,desktop
SES_285953,USR_01918,2024-02-24 16:32:00,Email,email,email,Email_Promo,/pricing,571,tablet
SES_122374,USR_01918,2024-02-25 13:38:00,Meta_Facebook,facebook,cpc,FB_Awareness,/blog,776,tablet
SES_706595,USR_01919,2024-01-17 01:31:00,Google_Search,,cpc,GSearch_Generic,/home,702,mobile
SES_156586,USR_01919,2024-01-18 12:45:00,TikTok,tiktok,cpc,TikTok_Promo,/blog,570,desktop
SES_775758,USR_01919,2024-01-20 14:50:00,Meta_Facebook,facebook,cpc,FB_Retargeting,/signup,525,tablet
SES_179537,USR_01919,2024-01-15 23:44:00,Meta_Facebook,facebook,cpc,FB_Awareness,/blog,741,tablet
SES_705543,USR_01919,2024-01-20 14:41:00,Google_Search,google,cpc,GSearch_Generic,/home,265,tablet
SES_194791,USR_01920,2024-03-07 08:42:00,Google_Search,,cpc,,/signup,228,mobile
SES_108347,USR_01920,2024-03-10 08:49:00,LinkedIn,linkedin,cpc,LinkedIn_Lead,/product,240,mobile
SES_505526,USR_01920,2024-03-04 11:34:00,Google_Search,google,cpc,GSearch_Competitor,/about,208,tablet
SES_745390,USR_01920,2024-03-07 07:19:00,Organic,organic,organic,Organic_Direct,/signup,201,mobile
SES_609961,USR_01921,2024-02-13 07:10:00,TikTok,tiktok,cpc,TikTok_Promo,/checkout,354,mobile
SES_190381,USR_01922,2024-01-19 05:17:00,Email,email,email,Email_Welcome,/product,183,mobile
SES_829376,USR_01922,2024-01-21 22:25:00,TikTok,tiktok,cpc,TikTok_Video1,/home,503,desktop
SES_140987,USR_01922,2024-01-14 10:58:00,Google_Search,google,cpc,GSearch_Competitor,/about,563,desktop
SES_614213,USR_01923,2024-02-29 10:16:00,Meta_Facebook,,cpc,FB_Lookalike,/home,262,mobile
SES_157474,USR_01924,2024-01-25 17:41:00,Organic,organic,organic,Organic_SEO,/signup,622,mobile
SES_179200,USR_01924,2024-01-27 07:13:00,TikTok,,cpc,TikTok_Video1,/about,61,desktop
SES_529559,USR_01924,2024-01-30 00:31:00,LinkedIn,linkedin,cpc,LinkedIn_B2B,/product,664,desktop
SES_387721,USR_01924,2024-01-28 10:07:00,Google_Search,google,cpc,GSearch_Brand,/product,617,desktop
SES_669136,USR_01925,2024-03-26 12:31:00,TikTok,tiktok,cpc,TikTok_Video1,/blog,767,mobile
SES_865258,USR_01926,2024-02-18 22:18:00,TikTok,tiktok,cpc,TikTok_Video1,/blog,481,desktop
SES_735596,USR_01927,2024-02-21 11:59:00,Google_Search,google,cpc,GSearch_Brand,/pricing,833,mobile
SES_322347,USR_01927,2024-02-21 02:25:00,Google_Search,google,cpc,GSearch_Competitor,/signup,142,desktop
SES_743170,USR_01927,2024-02-26 14:48:00,Email,email,email,Email_Promo,/home,246,desktop
SES_322744,USR_01928,2024-01-17 17:40:00,TikTok,,cpc,TikTok_Video1,/checkout,362,tablet
SES_472724,USR_01929,2024-02-09 01:51:00,TikTok,tiktok,cpc,TikTok_Promo,/blog,361,desktop
SES_762867,USR_01929,2024-02-06 22:54:00,Meta_Facebook,facebook,cpc,FB_Lookalike,/home,426,tablet
SES_735507,USR_01930,2024-02-12 18:36:00,TikTok,tiktok,cpc,TikTok_Promo,/pricing,666,tablet
SES_707947,USR_01931,2024-02-12 01:36:00,Email,,email,Email_Promo,/checkout,404,tablet
SES_693157,USR_01931,2024-02-12 16:36:00,Google_Search,google,cpc,GSearch_Competitor,/blog,48,mobile
SES_659041,USR_01931,2024-02-08 16:56:00,LinkedIn,linkedin,cpc,LinkedIn_Lead,/home,367,mobile
SES_506198,USR_01931,2024-02-08 14:28:00,Google_Search,google,cpc,GSearch_Competitor,/home,383,mobile
SES_839540,USR_01931,2024-02-15 04:59:00,TikTok,tiktok,cpc,TikTok_Promo,/signup,742,desktop
SES_246698,USR_01932,2024-03-22 22:22:00,LinkedIn,linkedin,cpc,LinkedIn_B2B,/blog,805,tablet
SES_281196,USR_01932,2024-03-25 15:17:00,LinkedIn,linkedin,cpc,LinkedIn_B2B,/product,170,mobile
SES_975934,USR_01932,2024-03-23 10:19:00,TikTok,,cpc,TikTok_Video1,/checkout,308,desktop
SES_176739,USR_01932,2024-03-26 00:43:00,Google_Search,google,cpc,GSearch_Competitor,/checkout,102,desktop
SES_608143,USR_01932,2024-03-22 21:37:00,Email,email,email,Email_Promo,/signup,791,desktop
SES_110914,USR_01933,2024-01-07 14:12:00,Organic,organic,organic,Organic_Direct,/signup,535,mobile
SES_926982,USR_01933,2024-01-02 09:00:00,Meta_Facebook,facebook,cpc,FB_Retargeting,/pricing,340,mobile
SES_771096,USR_01934,2024-01-22 06:57:00,Meta_Facebook,facebook,cpc,FB_Lookalike,/checkout,804,desktop
SES_729239,USR_01935,2024-02-22 00:16:00,Google_Search,google,cpc,GSearch_Generic,/product,114,mobile
SES_502031,USR_01935,2024-02-27 09:25:00,Meta_Facebook,facebook,cpc,FB_Lookalike,/blog,858,tablet
SES_880203,USR_01936,2024-02-21 03:26:00,Google_Search,,cpc,GSearch_Brand,/blog,889,desktop
SES_101761,USR_01936,2024-02-21 22:33:00,Google_Search,google,cpc,GSearch_Competitor,/about,862,mobile
SES_922106,USR_01937,2024-02-14 20:45:00,Google_Search,google,cpc,GSearch_Competitor,/product,517,tablet
SES_193483,USR_01938,2024-03-22 09:44:00,Google_Search,google,cpc,GSearch_Generic,/signup,427,desktop
SES_284289,USR_01938,2024-03-22 07:09:00,Meta_Facebook,facebook,cpc,FB_Retargeting,/signup,301,tablet
SES_853529,USR_01939,2024-03-26 21:28:00,Email,email,email,Email_Promo,/checkout,871,desktop
SES_720108,USR_01939,2024-03-23 22:45:00,Organic,organic,organic,Organic_SEO,/product,648,mobile
SES_522471,USR_01940,2024-02-04 21:39:00,Google_Search,google,cpc,GSearch_Brand,/checkout,325,desktop
SES_488932,USR_01941,2024-02-21 00:59:00,TikTok,tiktok,cpc,TikTok_Video1,/pricing,768,tablet
SES_550348,USR_01942,2024-03-25 23:37:00,TikTok,tiktok,cpc,TikTok_Video1,/home,234,desktop
SES_149328,USR_01942,2024-03-23 05:20:00,TikTok,tiktok,cpc,TikTok_Video1,/signup,431,mobile
SES_868230,USR_01942,2024-03-21 09:03:00,TikTok,tiktok,cpc,,/pricing,180,desktop
SES_262500,USR_01942,2024-03-21 13:04:00,Google_Search,google,cpc,GSearch_Competitor,/signup,434,mobile
SES_585528,USR_01943,2024-02-25 12:57:00,Google_Search,,cpc,GSearch_Competitor,/about,736,mobile
SES_837287,USR_01943,2024-02-26 15:48:00,LinkedIn,,cpc,LinkedIn_B2B,/blog,244,desktop
SES_335154,USR_01943,2024-02-25 15:30:00,Meta_Facebook,facebook,cpc,FB_Lookalike,/checkout,523,mobile
SES_284720,USR_01944,2024-01-27 17:42:00,Google_Search,google,cpc,GSearch_Competitor,/about,685,desktop
SES_210740,USR_01944,2024-01-24 05:17:00,Google_Search,google,cpc,GSearch_Competitor,/signup,761,tablet
SES_971498,USR_01944,2024-01-30 16:04:00,Meta_Facebook,facebook,cpc,FB_Awareness,/blog,349,tablet
SES_858494,USR_01945,2024-02-23 00:18:00,Google_Search,google,cpc,GSearch_Generic,/home,602,desktop
SES_379051,USR_01946,2024-01-27 16:04:00,Meta_Facebook,facebook,cpc,FB_Awareness,/home,417,mobile
SES_303666,USR_01946,2024-01-29 20:54:00,Meta_Facebook,facebook,cpc,FB_Lookalike,/signup,745,tablet
SES_375603,USR_01946,2024-01-31 03:22:00,Email,email,email,,/signup,161,tablet
SES_903477,USR_01946,2024-01-25 15:00:00,LinkedIn,linkedin,cpc,LinkedIn_Lead,/home,460,tablet
SES_231601,USR_01947,2024-01-18 15:01:00,Email,email,email,Email_Welcome,/about,410,mobile
SES_505924,USR_01947,2024-01-19 22:08:00,Google_Search,google,cpc,GSearch_Generic,/product,365,desktop
SES_426543,USR_01947,2024-01-21 11:34:00,Meta_Facebook,facebook,cpc,FB_Retargeting,/signup,609,desktop
SES_244648,USR_01947,2024-01-21 09:52:00,LinkedIn,linkedin,cpc,LinkedIn_Lead,/signup,79,desktop
SES_868265,USR_01948,2024-01-12 12:41:00,Email,email,email,Email_Welcome,/about,812,desktop
SES_770770,USR_01949,2024-02-17 20:32:00,TikTok,tiktok,cpc,TikTok_Video1,/home,374,tablet
SES_216112,USR_01950,2024-02-03 03:26:00,Google_Search,google,cpc,GSearch_Generic,/blog,796,desktop
SES_799574,USR_01950,2024-02-07 22:11:00,Organic,organic,organic,Organic_SEO,/blog,125,desktop
SES_994047,USR_01950,2024-02-07 03:52:00,Organic,organic,organic,Organic_Direct,/checkout,523,tablet
SES_679203,USR_01950,2024-02-02 22:12:00,Organic,organic,organic,Organic_Direct,/about,852,mobile
SES_507498,USR_01950,2024-02-02 20:54:00,Meta_Facebook,facebook,cpc,FB_Awareness,/signup,342,desktop
SES_774199,USR_01951,2024-01-30 04:27:00,Meta_Facebook,facebook,cpc,FB_Lookalike,/about,590,tablet
SES_167659,USR_01951,2024-01-30 03:49:00,Email,email,email,Email_Promo,/pricing,388,desktop
SES_804392,USR_01951,2024-01-27 01:23:00,Email,email,email,Email_Welcome,/about,553,desktop
SES_671351,USR_01951,2024-02-01 05:43:00,Meta_Facebook,facebook,cpc,FB_Awareness,/blog,420,mobile
SES_667511,USR_01951,2024-01-30 23:01:00,LinkedIn,linkedin,cpc,LinkedIn_Lead,/product,497,tablet
SES_548103,USR_01952,2024-01-25 19:50:00,Google_Search,google,cpc,GSearch_Brand,/signup,628,desktop
SES_489948,USR_01952,2024-01-24 20:25:00,Email,email,email,Email_Welcome,/pricing,599,tablet
SES_418059,USR_01952,2024-01-22 07:44:00,Google_Search,google,cpc,GSearch_Competitor,/blog,53,tablet
SES_588904,USR_01952,2024-01-24 18:22:00,Email,email,email,Email_Promo,/pricing,784,tablet
SES_724556,USR_01953,2024-01-27 15:41:00,Meta_Facebook,facebook,cpc,FB_Lookalike,/product,572,mobile
SES_928098,USR_01953,2024-01-31 20:14:00,Organic,organic,organic,,/signup,195,desktop
SES_749583,USR_01953,2024-02-01 09:49:00,Google_Search,google,cpc,GSearch_Brand,/blog,541,mobile
SES_711663,USR_01953,2024-02-02 13:18:00,Meta_Facebook,facebook,cpc,FB_Lookalike,/signup,541,mobile
SES_212949,USR_01954,2024-01-18 20:36:00,Meta_Facebook,facebook,cpc,FB_Retargeting,/checkout,662,desktop
SES_961668,USR_01954,2024-01-16 09:52:00,Google_Search,google,cpc,GSearch_Generic,/pricing,89,desktop
SES_952952,USR_01954,2024-01-11 05:27:00,Google_Search,google,cpc,GSearch_Brand,/blog,455,tablet
SES_628829,USR_01954,2024-01-17 22:53:00,Organic,organic,organic,Organic_SEO,/signup,274,mobile
SES_616035,USR_01954,2024-01-13 06:04:00,Email,email,email,Email_Welcome,/blog,452,tablet
SES_148392,USR_01955,2024-02-11 01:27:00,Meta_Facebook,facebook,cpc,FB_Awareness,/about,599,tablet
SES_542490,USR_01955,2024-02-15 18:05:00,Google_Search,google,cpc,GSearch_Generic,/checkout,338,tablet
SES_715541,USR_01956,2024-01-03 23:49:00,Google_Search,google,cpc,GSearch_Competitor,/pricing,732,desktop
SES_819149,USR_01956,2024-01-06 03:22:00,Google_Search,google,cpc,,/home,31,desktop
SES_152510,USR_01956,2024-01-08 01:16:00,Meta_Facebook,facebook,cpc,FB_Retargeting,/pricing,413,desktop
SES_232115,USR_01956,2024-01-08 23:03:00,Meta_Facebook,facebook,cpc,FB_Lookalike,/home,817,desktop
SES_242111,USR_01957,2024-03-27 20:03:00,TikTok,tiktok,cpc,TikTok_Promo,/home,549,tablet
SES_496955,USR_01957,2024-03-20 23:59:00,Google_Search,google,cpc,,/blog,508,mobile
SES_538055,USR_01957,2024-03-21 16:30:00,Organic,organic,organic,Organic_SEO,/checkout,840,mobile
SES_606893,USR_01958,2024-01-23 03:09:00,TikTok,tiktok,cpc,TikTok_Video1,/product,71,desktop
SES_482514,USR_01958,2024-01-22 19:38:00,TikTok,tiktok,cpc,TikTok_Video1,/blog,32,tablet
SES_206712,USR_01958,2024-01-17 07:27:00,Meta_Facebook,facebook,cpc,FB_Lookalike,/signup,447,tablet
SES_140397,USR_01958,2024-01-18 17:24:00,Google_Search,google,cpc,GSearch_Brand,/signup,94,tablet
SES_481164,USR_01958,2024-01-16 00:55:00,Google_Search,google,cpc,GSearch_Brand,/blog,420,mobile
SES_175309,USR_01959,2024-03-18 22:17:00,Meta_Facebook,facebook,cpc,FB_Retargeting,/about,36,tablet
SES_591170,USR_01959,2024-03-16 18:44:00,Google_Search,google,cpc,GSearch_Generic,/signup,339,mobile
SES_486888,USR_01959,2024-03-18 12:27:00,Meta_Facebook,facebook,cpc,FB_Retargeting,/signup,424,mobile
SES_712049,USR_01959,2024-03-20 05:39:00,Google_Search,google,cpc,GSearch_Brand,/pricing,40,mobile
SES_941936,USR_01959,2024-03-21 03:25:00,Email,,email,Email_Welcome,/pricing,854,tablet
SES_828259,USR_01960,2024-03-19 10:42:00,Google_Search,google,cpc,,/home,776,mobile
SES_757131,USR_01961,2024-02-01 16:05:00,Organic,organic,organic,Organic_SEO,/about,711,desktop
SES_384236,USR_01961,2024-01-31 04:49:00,TikTok,tiktok,cpc,TikTok_Video1,/home,119,tablet
SES_182006,USR_01961,2024-02-03 17:28:00,TikTok,tiktok,cpc,TikTok_Promo,/about,389,desktop
SES_508498,USR_01961,2024-02-05 10:46:00,Organic,organic,organic,Organic_SEO,/home,746,mobile
SES_944187,USR_01961,2024-02-02 18:38:00,Google_Search,google,cpc,GSearch_Brand,/checkout,758,mobile
SES_128707,USR_01962,2024-01-28 22:47:00,TikTok,tiktok,cpc,TikTok_Promo,/about,472,mobile
SES_719643,USR_01962,2024-01-29 15:52:00,TikTok,tiktok,cpc,TikTok_Video1,/about,747,tablet
SES_465400,USR_01963,2024-03-16 10:44:00,Google_Search,google,cpc,GSearch_Brand,/blog,151,desktop
SES_278741,USR_01963,2024-03-13 08:22:00,Google_Search,google,cpc,GSearch_Brand,/about,783,mobile
SES_679239,USR_01963,2024-03-15 13:07:00,Google_Search,,cpc,GSearch_Brand,/signup,492,tablet
SES_853379,USR_01964,2024-03-15 09:28:00,Organic,organic,organic,Organic_SEO,/signup,230,mobile
SES_883076,USR_01965,2024-01-20 07:27:00,Email,email,email,Email_Retention,/pricing,612,desktop
SES_602769,USR_01965,2024-01-22 20:47:00,Meta_Facebook,facebook,cpc,FB_Retargeting,/blog,190,tablet
SES_745215,USR_01965,2024-01-20 17:48:00,TikTok,tiktok,cpc,TikTok_Promo,/signup,103,mobile
SES_552067,USR_01966,2024-01-20 23:04:00,TikTok,tiktok,cpc,TikTok_Video1,/about,530,mobile
SES_258408,USR_01966,2024-01-25 04:46:00,Organic,organic,organic,Organic_Direct,/pricing,111,mobile
SES_676295,USR_01966,2024-01-21 06:53:00,Meta_Facebook,,cpc,FB_Retargeting,/product,49,tablet
SES_349325,USR_01966,2024-01-20 17:51:00,Meta_Facebook,facebook,cpc,FB_Retargeting,/signup,291,mobile
SES_342446,USR_01967,2024-02-02 02:14:00,TikTok,tiktok,cpc,TikTok_Video1,/blog,503,mobile
SES_320599,USR_01967,2024-02-08 23:02:00,Email,email,email,Email_Retention,/pricing,174,mobile
SES_877242,USR_01967,2024-02-08 15:52:00,TikTok,tiktok,cpc,,/checkout,786,desktop
SES_735773,USR_01968,2024-02-28 14:33:00,Google_Search,google,cpc,GSearch_Generic,/signup,407,mobile
SES_648898,USR_01968,2024-02-29 10:54:00,Google_Search,google,cpc,GSearch_Competitor,/pricing,99,mobile
SES_663260,USR_01968,2024-02-25 21:41:00,Email,email,email,Email_Promo,/pricing,858,tablet
SES_803697,USR_01968,2024-02-25 07:13:00,LinkedIn,linkedin,cpc,LinkedIn_Lead,/pricing,291,mobile
SES_931377,USR_01968,2024-02-26 10:58:00,Meta_Facebook,facebook,cpc,FB_Awareness,/home,39,tablet
SES_648694,USR_01969,2024-03-20 21:28:00,TikTok,tiktok,cpc,TikTok_Video1,/pricing,578,desktop
SES_885272,USR_01969,2024-03-21 19:27:00,Google_Search,google,cpc,GSearch_Competitor,/pricing,720,desktop
SES_455162,USR_01969,2024-03-18 08:31:00,TikTok,tiktok,cpc,TikTok_Promo,/signup,537,desktop
SES_880846,USR_01969,2024-03-23 14:50:00,Google_Search,google,cpc,GSearch_Competitor,/about,579,mobile
SES_984663,USR_01969,2024-03-23 22:07:00,Google_Search,google,cpc,GSearch_Generic,/home,897,tablet
SES_603670,USR_01970,2024-02-26 08:49:00,Google_Search,google,cpc,GSearch_Competitor,/pricing,461,tablet
SES_976187,USR_01971,2024-01-18 22:22:00,TikTok,tiktok,cpc,TikTok_Video1,/checkout,721,mobile
SES_149449,USR_01971,2024-01-18 20:17:00,Google_Search,google,cpc,,/pricing,379,mobile
SES_828459,USR_01972,2024-02-22 13:04:00,Email,email,email,,/signup,852,tablet
SES_407639,USR_01972,2024-02-18 05:20:00,Google_Search,google,cpc,GSearch_Competitor,/product,305,desktop
SES_782313,USR_01972,2024-02-25 09:52:00,Google_Search,,cpc,GSearch_Brand,/about,233,tablet
SES_785694,USR_01972,2024-02-18 18:35:00,LinkedIn,linkedin,cpc,LinkedIn_Lead,/product,195,tablet
SES_858390,USR_01972,2024-02-22 11:58:00,Organic,organic,organic,Organic_Direct,/home,271,mobile
SES_356585,USR_01973,2024-01-15 05:17:00,LinkedIn,linkedin,cpc,LinkedIn_Lead,/about,610,mobile
SES_930526,USR_01973,2024-01-14 06:42:00,Meta_Facebook,facebook,cpc,FB_Lookalike,/about,861,desktop
SES_626426,USR_01974,2024-01-21 16:35:00,Meta_Facebook,facebook,cpc,FB_Awareness,/checkout,309,mobile
SES_431709,USR_01974,2024-01-28 13:18:00,Email,email,email,Email_Retention,/pricing,398,tablet
SES_313046,USR_01974,2024-01-24 08:31:00,LinkedIn,linkedin,cpc,,/about,642,desktop
SES_538118,USR_01974,2024-01-25 12:33:00,LinkedIn,linkedin,cpc,LinkedIn_Lead,/blog,635,tablet
SES_105709,USR_01975,2024-01-25 20:35:00,Google_Search,google,cpc,GSearch_Competitor,/home,105,mobile
SES_298279,USR_01975,2024-01-27 23:01:00,Google_Search,google,cpc,GSearch_Competitor,/product,66,tablet
SES_966237,USR_01975,2024-01-20 05:42:00,Email,email,email,Email_Promo,/product,579,desktop
SES_993771,USR_01976,2024-02-22 07:52:00,Google_Search,,cpc,GSearch_Generic,/signup,775,desktop
SES_178981,USR_01977,2024-01-14 16:52:00,TikTok,tiktok,cpc,TikTok_Video1,/pricing,77,desktop
SES_226819,USR_01977,2024-01-15 16:50:00,Organic,organic,organic,Organic_SEO,/blog,339,tablet
SES_651948,USR_01977,2024-01-15 10:22:00,Email,email,email,Email_Welcome,/about,258,mobile
SES_862954,USR_01978,2024-02-22 02:31:00,Organic,organic,organic,Organic_SEO,/checkout,617,tablet
SES_660541,USR_01978,2024-02-24 18:04:00,Organic,organic,organic,Organic_SEO,/product,58,tablet
SES_468704,USR_01978,2024-02-27 20:33:00,Google_Search,google,cpc,GSearch_Brand,/home,301,desktop
SES_327468,USR_01978,2024-02-28 01:37:00,TikTok,tiktok,cpc,TikTok_Promo,/pricing,499,tablet
SES_937444,USR_01979,2024-02-26 08:20:00,LinkedIn,linkedin,cpc,LinkedIn_B2B,/blog,189,tablet
SES_317854,USR_01979,2024-02-26 07:14:00,Google_Search,google,cpc,GSearch_Brand,/home,72,mobile
SES_258940,USR_01979,2024-02-21 07:18:00,Google_Search,google,cpc,GSearch_Brand,/checkout,210,desktop
SES_764187,USR_01979,2024-02-24 16:51:00,LinkedIn,linkedin,cpc,LinkedIn_B2B,/checkout,853,mobile
SES_240720,USR_01980,2024-02-06 01:31:00,LinkedIn,,cpc,LinkedIn_B2B,/checkout,769,tablet
SES_505189,USR_01980,2024-02-07 11:26:00,Meta_Facebook,facebook,cpc,FB_Awareness,/signup,457,tablet
SES_823803,USR_01980,2024-02-09 07:40:00,Meta_Facebook,,cpc,FB_Lookalike,/checkout,516,mobile
SES_351024,USR_01980,2024-02-13 10:22:00,LinkedIn,linkedin,cpc,LinkedIn_B2B,/checkout,299,desktop
SES_580455,USR_01980,2024-02-08 12:24:00,Google_Search,google,cpc,GSearch_Competitor,/home,87,tablet
SES_735936,USR_01981,2024-02-09 07:23:00,TikTok,tiktok,cpc,TikTok_Video1,/blog,130,desktop
SES_965048,USR_01981,2024-02-10 09:03:00,Google_Search,google,cpc,GSearch_Competitor,/home,348,tablet
SES_486870,USR_01981,2024-02-15 08:42:00,Meta_Facebook,facebook,cpc,FB_Retargeting,/pricing,641,desktop
SES_549231,USR_01981,2024-02-15 02:10:00,LinkedIn,linkedin,cpc,LinkedIn_Lead,/product,328,mobile
SES_759460,USR_01982,2024-01-16 02:22:00,Google_Search,,cpc,GSearch_Competitor,/home,524,desktop
SES_243343,USR_01983,2024-03-20 05:02:00,Google_Search,google,cpc,GSearch_Brand,/blog,337,mobile
SES_188740,USR_01983,2024-03-20 21:38:00,Google_Search,google,cpc,GSearch_Brand,/blog,699,desktop
SES_567565,USR_01984,2024-03-06 04:13:00,Google_Search,google,cpc,GSearch_Brand,/home,764,tablet
SES_871242,USR_01984,2024-03-06 02:32:00,Google_Search,,cpc,GSearch_Generic,/about,507,desktop
SES_815897,USR_01984,2024-03-06 11:58:00,Meta_Facebook,facebook,cpc,FB_Awareness,/product,358,tablet
SES_698255,USR_01984,2024-03-04 10:07:00,Email,email,email,Email_Promo,/pricing,306,mobile
SES_400847,USR_01985,2024-02-07 07:00:00,Organic,organic,organic,Organic_Direct,/blog,554,desktop
SES_412906,USR_01985,2024-02-07 09:47:00,LinkedIn,linkedin,cpc,LinkedIn_Lead,/product,401,tablet
SES_621021,USR_01985,2024-02-01 10:44:00,TikTok,tiktok,cpc,TikTok_Promo,/about,617,tablet
SES_548819,USR_01986,2024-01-18 06:36:00,Organic,organic,organic,,/pricing,563,desktop
SES_289678,USR_01987,2024-02-09 19:24:00,Google_Search,google,cpc,GSearch_Generic,/pricing,274,desktop
SES_164525,USR_01987,2024-02-04 19:35:00,Email,email,email,Email_Promo,/pricing,435,tablet
SES_348703,USR_01987,2024-02-07 08:19:00,Organic,organic,organic,Organic_SEO,/home,216,desktop
SES_718113,USR_01988,2024-02-20 10:01:00,TikTok,tiktok,cpc,TikTok_Video1,/product,674,mobile
SES_262103,USR_01988,2024-02-22 03:07:00,TikTok,tiktok,cpc,TikTok_Promo,/home,305,desktop
SES_916600,USR_01988,2024-02-20 20:18:00,LinkedIn,linkedin,cpc,LinkedIn_B2B,/about,56,desktop
SES_558250,USR_01989,2024-01-29 06:19:00,TikTok,,cpc,TikTok_Video1,/blog,157,desktop
SES_299415,USR_01989,2024-01-31 23:36:00,Email,email,email,Email_Promo,/home,297,desktop
SES_332820,USR_01989,2024-01-30 06:05:00,TikTok,tiktok,cpc,TikTok_Video1,/blog,671,mobile
SES_142668,USR_01990,2024-01-21 06:34:00,LinkedIn,linkedin,cpc,LinkedIn_B2B,/about,512,mobile
SES_922397,USR_01991,2024-01-04 16:06:00,Organic,organic,organic,Organic_Direct,/signup,615,tablet
SES_536535,USR_01991,2024-01-10 12:27:00,TikTok,tiktok,cpc,TikTok_Promo,/blog,706,tablet
SES_134056,USR_01991,2024-01-08 19:34:00,Organic,organic,organic,Organic_SEO,/product,260,tablet
SES_882375,USR_01991,2024-01-05 01:06:00,TikTok,tiktok,cpc,TikTok_Promo,/signup,305,mobile
SES_751864,USR_01991,2024-01-09 16:38:00,Meta_Facebook,facebook,cpc,FB_Awareness,/blog,301,desktop
SES_286579,USR_01992,2024-03-10 11:46:00,Google_Search,google,cpc,GSearch_Generic,/blog,42,mobile
SES_260213,USR_01992,2024-03-11 00:02:00,LinkedIn,linkedin,cpc,LinkedIn_Lead,/product,216,mobile
SES_661959,USR_01993,2024-01-21 12:03:00,Google_Search,google,cpc,GSearch_Competitor,/signup,143,desktop
SES_199779,USR_01994,2024-03-10 20:34:00,Meta_Facebook,facebook,cpc,,/home,875,tablet
SES_266952,USR_01994,2024-03-12 12:50:00,Email,email,email,Email_Promo,/about,171,desktop
SES_904614,USR_01995,2024-02-05 22:05:00,Meta_Facebook,,cpc,FB_Awareness,/home,46,tablet
SES_388918,USR_01995,2024-01-30 19:06:00,Google_Search,google,cpc,GSearch_Brand,/product,359,tablet
SES_378829,USR_01995,2024-02-06 04:23:00,Google_Search,google,cpc,GSearch_Competitor,/product,533,desktop
SES_913791,USR_01996,2024-01-19 07:28:00,Meta_Facebook,facebook,cpc,,/product,396,desktop
SES_300793,USR_01996,2024-01-17 09:34:00,Meta_Facebook,facebook,cpc,FB_Retargeting,/blog,652,mobile
SES_285565,USR_01997,2024-01-08 00:58:00,LinkedIn,linkedin,cpc,LinkedIn_B2B,/signup,103,mobile
SES_239303,USR_01997,2024-01-15 11:42:00,Meta_Facebook,facebook,cpc,FB_Retargeting,/blog,409,desktop
SES_425730,USR_01997,2024-01-15 16:18:00,Google_Search,,cpc,GSearch_Brand,/product,125,desktop
SES_761969,USR_01997,2024-01-10 04:04:00,Organic,organic,organic,Organic_Direct,/checkout,666,desktop
SES_858797,USR_01997,2024-01-08 18:54:00,TikTok,tiktok,cpc,TikTok_Promo,/checkout,118,mobile
SES_896346,USR_01998,2024-03-03 18:42:00,Meta_Facebook,facebook,cpc,FB_Awareness,/signup,545,tablet
SES_821265,USR_01998,2024-03-03 04:28:00,TikTok,tiktok,cpc,TikTok_Promo,/blog,345,mobile
SES_902179,USR_01998,2024-03-06 06:12:00,Meta_Facebook,,cpc,FB_Lookalike,/home,647,tablet
SES_278191,USR_01998,2024-03-09 18:34:00,Google_Search,google,cpc,GSearch_Competitor,/pricing,797,mobile
SES_966399,USR_01999,2024-01-12 12:56:00,TikTok,tiktok,cpc,TikTok_Video1,/product,855,tablet
SES_454683,USR_01999,2024-01-12 18:07:00,Meta_Facebook,facebook,cpc,FB_Lookalike,/product,130,mobile
SES_177614,USR_01999,2024-01-08 20:33:00,Google_Search,google,cpc,GSearch_Generic,/home,389,tablet
SES_863559,USR_01999,2024-01-13 17:33:00,Organic,organic,organic,Organic_SEO,/about,423,mobile
SES_358368,USR_02000,2024-03-13 21:37:00,Google_Search,google,cpc,GSearch_Brand,/pricing,757,mobile
SES_479161,USR_02000,2024-03-13 14:01:00,Meta_Facebook,facebook,cpc,FB_Lookalike,/product,111,desktop
SES_190836,USR_02000,2024-03-17 20:13:00,Meta_Facebook,,cpc,FB_Retargeting,/signup,192,desktop
SES_406745,USR_02000,2024-03-18 02:17:00,Google_Search,google,cpc,GSearch_Generic,/product,258,desktop
SES_971390,USR_02000,2024-03-16 11:55:00,Meta_Facebook,facebook,cpc,FB_Lookalike,/checkout,155,desktop
